antecedents,consequents,antecedent support,consequent support,support,confidence,lift,representativity,leverage,conviction,zhangs_metric,jaccard,certainty,kulczynski,antecedent_length,consequent_length
frozenset({'CRIME=NARCOTICS'}),"frozenset({'LOCATION=STREET', 'DOMESTIC=N', 'ARREST=Y'})",0.028105383298459196,0.040495789164231244,0.011599252944126446,0.41270573757883405,10.191324730210841,1.0,0.010461103267692137,1.633770789587044,0.927957943022484,0.20348881304512703,0.3879190359054206,0.349568412720238,1,3
"frozenset({'LOCATION=STREET', 'DOMESTIC=N', 'ARREST=Y'})",frozenset({'CRIME=NARCOTICS'}),0.040495789164231244,0.028105383298459196,0.011599252944126446,0.2864310878616419,10.19132473021084,1.0,0.010461103267692137,1.3620192810657288,0.9399409811483932,0.20348881304512703,0.2657960031097816,0.349568412720238,3,1
"frozenset({'DOMESTIC=N', 'CRIME=NARCOTICS'})","frozenset({'LOCATION=STREET', 'ARREST=Y'})",0.028036211458315318,0.044019229771559996,0.011599252944126446,0.4137239784117194,9.39871007645433,1.0,0.01036512051001882,1.630598446852034,0.9193783053510689,0.19186212814645312,0.3867282273385219,0.33861410077529597,2,2
"frozenset({'LOCATION=STREET', 'ARREST=Y'})","frozenset({'DOMESTIC=N', 'CRIME=NARCOTICS'})",0.044019229771559996,0.028036211458315318,0.011599252944126446,0.2635042231388725,9.398710076454329,1.0,0.01036512051001882,1.3197140011910165,0.9347493679799904,0.19186212814645312,0.24226006612226653,0.33861410077529597,2,2
frozenset({'CRIME=NARCOTICS'}),"frozenset({'LOCATION=STREET', 'ARREST=Y'})",0.028105383298459196,0.044019229771559996,0.011612222664153423,0.4131672050453777,9.386061664175626,1.0,0.010375045338920783,1.629051372806052,0.9192962146423069,0.19189826391369583,0.38614581670466713,0.3384830328900037,1,2
"frozenset({'LOCATION=STREET', 'ARREST=Y'})",frozenset({'CRIME=NARCOTICS'}),0.044019229771559996,0.028105383298459196,0.011612222664153423,0.26379886073462977,9.386061664175626,1.0,0.010375045338920783,1.3201482106797076,0.9345993873406704,0.19189826391369583,0.24250929410029826,0.3384830328900037,2,1
frozenset({'CRIME=NARCOTICS'}),"frozenset({'DOMESTIC=N', 'TIME=Afternoon', 'ARREST=Y'})",0.028105383298459196,0.042164559807702284,0.010237432341293859,0.3642516535917551,8.63881077504375,1.0,0.009052381226287579,1.506626711030759,0.9098139974331135,0.17053147054587353,0.33626558411681834,0.3035243708336095,1,3
"frozenset({'DOMESTIC=N', 'TIME=Afternoon', 'ARREST=Y'})",frozenset({'CRIME=NARCOTICS'}),0.042164559807702284,0.028105383298459196,0.010237432341293859,0.24279708807546396,8.63881077504375,1.0,0.009052381226287579,1.2835325926459211,0.9231683118004376,0.17053147054587353,0.22090018926705762,0.3035243708336095,3,1
"frozenset({'LOCATION=STREET', 'CRIME=NARCOTICS'})","frozenset({'DOMESTIC=N', 'ARREST=Y'})",0.012118041745205527,0.12264167257509467,0.011599252944126446,0.9571887263646094,7.804759232866084,1.0,0.01011307603615962,20.493628264766766,0.8825680459097178,0.09418000561639989,0.9512043457078205,0.5258835622798794,2,2
frozenset({'CRIME=NARCOTICS'}),"frozenset({'DOMESTIC=N', 'ARREST=Y'})",0.028105383298459196,0.12264167257509467,0.026683037335500717,0.949392401169051,7.741189281218657,1.0,0.02323614611941355,17.336493880210693,0.8960034015034619,0.21507474648918007,0.9423182099616185,0.5834807465518126,1,2
"frozenset({'DOMESTIC=N', 'ARREST=Y'})",frozenset({'CRIME=NARCOTICS'}),0.12264167257509467,0.028105383298459196,0.026683037335500717,0.2175690919345742,7.741189281218657,1.0,0.02323614611941355,1.242147525977172,0.992548717265146,0.21507474648918007,0.19494264643539788,0.5834807465518126,2,1
"frozenset({'TIME=Afternoon', 'CRIME=NARCOTICS'})","frozenset({'DOMESTIC=N', 'ARREST=Y'})",0.010790807062444879,0.12264167257509467,0.010237432341293859,0.9487179487179487,7.735689907009704,1.0,0.008914029714720474,17.10848738478564,0.8802274120002209,0.08309938236945537,0.9415494790679574,0.5160961429996963,2,2
"frozenset({'DOMESTIC=N', 'CRIME=NARCOTICS'})","frozenset({'TIME=Afternoon', 'ARREST=Y'})",0.028036211458315318,0.04907309734207204,0.010237432341293859,0.36515034695451043,7.440947621650419,1.0,0.008861608607297036,1.4978773290591847,0.8905769178811056,0.1530902508404448,0.3323885871027241,0.286883163962675,2,2
"frozenset({'TIME=Afternoon', 'ARREST=Y'})","frozenset({'DOMESTIC=N', 'CRIME=NARCOTICS'})",0.04907309734207204,0.028036211458315318,0.010237432341293859,0.20861598097083958,7.440947621650419,1.0,0.008861608607297036,1.2281822290700948,0.9102787108788707,0.1530902508404448,0.1857885773537537,0.286883163962675,2,2
frozenset({'CRIME=NARCOTICS'}),"frozenset({'TIME=Afternoon', 'ARREST=Y'})",0.028105383298459196,0.04907309734207204,0.010254725301329828,0.3648669435471466,7.435172493877491,1.0,0.008875507090888295,1.4972089595977693,0.8905328975048645,0.15322997416020673,0.3320905585091785,0.2869176581888671,1,2
"frozenset({'TIME=Afternoon', 'ARREST=Y'})",frozenset({'CRIME=NARCOTICS'}),0.04907309734207204,0.028105383298459196,0.010254725301329828,0.2089683728305876,7.43517249387749,1.0,0.008875507090888295,1.2286419193873692,0.9101689379714037,0.15322997416020673,0.18609321054369998,0.2869176581888671,2,1
"frozenset({'LOCATION=STREET', 'DOMESTIC=N', 'CRIME=NARCOTICS'})",frozenset({'ARREST=Y'}),0.012096425545160565,0.15407595068047797,0.011599252944126446,0.9588992137240886,6.223548902272553,1.0,0.009735484678420213,20.581699913008872,0.8495970615062173,0.07504055490294792,0.9514131483683745,0.5170909548235472,3,1
"frozenset({'LOCATION=STREET', 'CRIME=NARCOTICS'})",frozenset({'ARREST=Y'}),0.012118041745205527,0.15407595068047797,0.011612222664153423,0.9582590082054941,6.219393772833032,1.0,0.009745123861875163,20.266026583270275,0.8495069859294387,0.07512025953686095,0.9506563363128366,0.516812940787278,2,1
"frozenset({'DOMESTIC=N', 'CRIME=NARCOTICS'})",frozenset({'ARREST=Y'}),0.028036211458315318,0.15407595068047797,0.026683037335500717,0.9517347725520432,6.17704948986975,1.0,0.022363331401581876,17.52657335411215,0.8622856338784597,0.1716733422340899,0.9429437814342998,0.5624579191192551,2,1
"frozenset({'DOMESTIC=N', 'TIME=Afternoon', 'CRIME=NARCOTICS'})",frozenset({'ARREST=Y'}),0.010760544382381932,0.15407595068047797,0.010237432341293859,0.9513860988348735,6.174786490903138,1.0,0.008579491235738887,17.400867427737943,0.8471670592967203,0.06621923937360179,0.9425316005565364,0.5089150814609845,3,1
frozenset({'CRIME=NARCOTICS'}),frozenset({'ARREST=Y'}),0.028105383298459196,0.15407595068047797,0.02672626973559064,0.9509306260575296,6.171830333402034,1.0,0.02239590608464131,17.23934872923579,0.8622061451303893,0.17192279882084657,0.941993168320557,0.5621961416154255,1,1
"frozenset({'TIME=Afternoon', 'CRIME=NARCOTICS'})",frozenset({'ARREST=Y'}),0.010790807062444879,0.15407595068047797,0.010254725301329828,0.9503205128205128,6.1678705120650745,1.0,0.008592121444574018,17.0276324766252,0.8470094037155742,0.06632553197438695,0.9412719295314391,0.508438406751175,2,1
"frozenset({'DOMESTIC=Y', 'ARREST=Y'})","frozenset({'CRIME=BATTERY', 'LOCATION=APARTMENT'})",0.031434278105383295,0.0599330762446608,0.011607899424144431,0.36927520286067944,6.161459180790452,1.0,0.009723946437758622,1.4904549940307612,0.8648879101997892,0.14553634343324845,0.32906394087377516,0.28147811214230684,2,2
frozenset({'CRIME=WEAPONS VIOLATION'}),"frozenset({'DOMESTIC=N', 'ARREST=Y'})",0.021447593684610994,0.12264167257509467,0.01604354367337057,0.748034670429349,6.0993515068976265,1.0,0.01341317491117884,3.4820597298839653,0.8543723755585082,0.12529542845566888,0.7128136569807424,0.4394255416444546,1,2
"frozenset({'ARREST=Y', 'LOCATION=APARTMENT'})","frozenset({'CRIME=BATTERY', 'DOMESTIC=Y'})",0.022515433966832102,0.09777439604337074,0.011607899424144431,0.5155529953917051,5.272883456759132,1.0,0.009406466466383028,1.8623824595347305,0.8290161025303978,0.10680615776283862,0.46305336217039716,0.31713712733858335,2,2
"frozenset({'DOMESTIC=N', 'CRIME=WEAPONS VIOLATION'})",frozenset({'ARREST=Y'}),0.021227108444152386,0.15407595068047797,0.01604354367337057,0.7558044806517311,4.9054020261677,1.0,0.012772956759640191,3.4641260068047144,0.813409440662119,0.100738367989576,0.7113268980297882,0.42996599071167885,2,1
frozenset({'CRIME=WEAPONS VIOLATION'}),frozenset({'ARREST=Y'}),0.021447593684610994,0.15407595068047797,0.016207826793712278,0.7556944164482967,4.904687675855738,1.0,0.012903268406947223,3.462565353691542,0.8135623744696112,0.10173400993188786,0.7111967868176493,0.4304440824349848,1,1
"frozenset({'DOMESTIC=Y', 'TIME=Night'})","frozenset({'CRIME=BATTERY', 'LOCATION=APARTMENT'})",0.043867916371245264,0.0599330762446608,0.012887578466806163,0.29378141322558393,4.901824361998368,1.0,0.010258439290233918,1.3311274177149632,0.8325150218471127,0.14175662180797946,0.24875711619206406,0.2544071172021305,2,2
"frozenset({'CRIME=BATTERY', 'LOCATION=APARTMENT'})","frozenset({'DOMESTIC=Y', 'TIME=Night'})",0.0599330762446608,0.043867916371245264,0.012887578466806163,0.21503282117867706,4.901824361998368,1.0,0.010258439290233918,1.2180535816343896,0.8467421865148855,0.14175662180797946,0.1790180538214126,0.2544071172021305,2,2
"frozenset({'CRIME=BATTERY', 'ARREST=Y', 'LOCATION=APARTMENT'})",frozenset({'DOMESTIC=Y'}),0.013008629187057948,0.19174001763881923,0.011607899424144431,0.8923230309072783,4.653817402834226,1.0,0.009113624634361082,7.506340391743196,0.795470621798753,0.06010072747621712,0.8667792895323563,0.47643140790251287,3,1
"frozenset({'CRIME=BATTERY', 'TIME=Night', 'LOCATION=APARTMENT'})",frozenset({'DOMESTIC=Y'}),0.014893561830978608,0.19174001763881923,0.012887578466806163,0.865312046444122,4.512944439559355,1.0,0.010031886658629481,6.000981981108338,0.7901838275520118,0.06651790695079772,0.8333606061227821,0.46626293174723515,3,1
"frozenset({'CRIME=BATTERY', 'LOCATION=APARTMENT'})","frozenset({'TIME=Evening', 'DOMESTIC=Y'})",0.0599330762446608,0.056816020198177324,0.015204835111626057,0.253696891004833,4.465235159378018,1.0,0.011799676241170507,1.263808187897996,0.8255238107168479,0.14973603542234332,0.20874068582889135,0.26065608513108796,2,2
"frozenset({'TIME=Evening', 'DOMESTIC=Y'})","frozenset({'CRIME=BATTERY', 'LOCATION=APARTMENT'})",0.056816020198177324,0.0599330762446608,0.015204835111626057,0.26761527925734285,4.465235159378017,1.0,0.011799676241170507,1.2835698194278096,0.8227956006954567,0.14973603542234332,0.2209227851385751,0.26065608513108796,2,2
"frozenset({'CRIME=BATTERY', 'TIME=Morning', 'LOCATION=APARTMENT'})",frozenset({'DOMESTIC=Y'}),0.012450931225897938,0.19174001763881923,0.010635170422121155,0.8541666666666666,4.4548168774849115,1.0,0.008247828649247758,5.542354164762381,0.7853016182288531,0.05494628219159724,0.8195712561355463,0.45481664261610033,3,1
"frozenset({'LOCATION=RESIDENCE', 'CRIME=BATTERY'})",frozenset({'DOMESTIC=Y'}),0.026989987376139175,0.19174001763881923,0.022943434727722343,0.850072080730418,4.4334619929559995,1.0,0.017768374072149908,5.39099045927441,0.7959246318854409,0.11718594740212422,0.8145053292981355,0.4848655819764466,2,1
"frozenset({'CRIME=BATTERY', 'ARREST=N', 'LOCATION=RESIDENCE'})",frozenset({'DOMESTIC=Y'}),0.021689695125114566,0.19174001763881923,0.018274335518010616,0.8425353797089893,4.39415511735309,1.0,0.014115552992140538,5.132962444944354,0.7895500662765554,0.09363992822489532,0.805180729310627,0.46892163226841993,3,1
"frozenset({'CRIME=BATTERY', 'ARREST=N', 'LOCATION=APARTMENT'})","frozenset({'TIME=Evening', 'DOMESTIC=Y'})",0.04692444705760285,0.056816020198177324,0.011707333944351254,0.24949327436889626,4.391248691806472,1.0,0.009041273612538188,1.2567295503030915,0.8102970841199079,0.12720781661029687,0.2042838494894743,0.2277750955621684,3,2
"frozenset({'TIME=Evening', 'DOMESTIC=Y'})","frozenset({'CRIME=BATTERY', 'ARREST=N', 'LOCATION=APARTMENT'})",0.056816020198177324,0.04692444705760285,0.011707333944351254,0.20605691675544055,4.391248691806472,1.0,0.009041273612538188,1.200433095339178,0.8187950156420807,0.12720781661029687,0.16696731880967206,0.2277750955621684,2,3
"frozenset({'CRIME=BATTERY', 'LOCATION=APARTMENT'})",frozenset({'DOMESTIC=Y'}),0.0599330762446608,0.19174001763881923,0.05011932142424819,0.8362547789078842,4.361399301021959,1.0,0.038627752327948225,4.936082879063016,0.8198520434787551,0.2486647648055597,0.7974102087625758,0.5488234278747218,2,1
frozenset({'DOMESTIC=Y'}),"frozenset({'CRIME=BATTERY', 'LOCATION=APARTMENT'})",0.19174001763881923,0.0599330762446608,0.05011932142424819,0.26139207684155935,4.361399301021958,1.0,0.038627752327948225,1.2727549952827721,0.9535493594475621,0.2486647648055597,0.21430282834770822,0.5488234278747218,1,2
"frozenset({'CRIME=BATTERY', 'TIME=Evening', 'LOCATION=APARTMENT'})",frozenset({'DOMESTIC=Y'}),0.018399709478271395,0.19174001763881923,0.015204835111626057,0.8263627819548872,4.309808625925482,1.0,0.01167687449171315,4.6548775168189245,0.7823664513006309,0.07799955644267023,0.7851715761828713,0.45283100428943207,3,1
"frozenset({'DOMESTIC=Y', 'TIME=Morning'})","frozenset({'CRIME=BATTERY', 'LOCATION=APARTMENT'})",0.04124803292579591,0.0599330762446608,0.010635170422121155,0.25783460853160045,4.302041955581579,1.0,0.00816304891983715,1.2666542182671503,0.8005743613352929,0.11745607333842628,0.2105185570154634,0.21764268838179243,2,2
"frozenset({'CRIME=BATTERY', 'ARREST=N', 'LOCATION=APARTMENT'})",frozenset({'DOMESTIC=Y'}),0.04692444705760285,0.19174001763881923,0.03851142200010376,0.820711258522204,4.280333696788211,1.0,0.029514127693587154,4.508146890312571,0.8041055642251005,0.1924098753698944,0.7781793663048399,0.5107817752330079,3,1
frozenset({'DOMESTIC=Y'}),"frozenset({'CRIME=BATTERY', 'ARREST=N', 'LOCATION=APARTMENT'})",0.19174001763881923,0.04692444705760285,0.03851142200010376,0.20085229194381188,4.280333696788211,1.0,0.029514127693587154,1.1926150113858378,0.9481767896130142,0.1924098753698944,0.16150644553938345,0.5107817752330079,1,3
"frozenset({'CRIME=BATTERY', 'LOCATION=RESIDENCE'})","frozenset({'ARREST=N', 'DOMESTIC=Y'})",0.026989987376139175,0.16030573953343594,0.018274335518010616,0.6770783277270542,4.2236686577640095,1.0,0.013947685631680525,2.6003032083793443,0.7844102256588061,0.1081184775936157,0.6154294634650486,0.3955375457405498,2,2
"frozenset({'CRIME=BATTERY', 'TIME=Evening', 'ARREST=N', 'LOCATION=APARTMENT'})",frozenset({'DOMESTIC=Y'}),0.014461237830079375,0.19174001763881923,0.011707333944351254,0.8095665171898355,4.222209464457317,1.0,0.008934535947732674,4.244316547877785,0.7743553154804313,0.06019382946563527,0.764390806218256,0.4353124462118824,4,1
"frozenset({'TIME=Evening', 'ARREST=N', 'DOMESTIC=Y'})","frozenset({'CRIME=BATTERY', 'LOCATION=APARTMENT'})",0.046613173776955404,0.0599330762446608,0.011707333944351254,0.2511593396401409,4.190663242695067,1.0,0.008913663046371362,1.255363087927925,0.7985995474952186,0.12344440898937865,0.2034177126789842,0.22324972680629276,3,2
"frozenset({'CRIME=BATTERY', 'TIME=Afternoon', 'LOCATION=APARTMENT'})",frozenset({'DOMESTIC=Y'}),0.014188873709512858,0.19174001763881923,0.011391737423694814,0.8028641072516758,4.187253746706289,1.0,0.00867116252835784,4.100014315470472,0.7721357218644013,0.0585581581403618,0.7560984125770666,0.43113826092668794,3,1
frozenset({'LOCATION=DEPARTMENT STORE'}),"frozenset({'DOMESTIC=N', 'CRIME=THEFT'})",0.02232088816642745,0.2081812993930171,0.01885364967921559,0.8446639550648847,4.057347886326127,1.0,0.014206858177122505,5.097456298296572,0.7707371190707266,0.08907999019527739,0.8038237227587076,0.4676137817439305,1,2
frozenset({'LOCATION=SMALL RETAIL STORE'}),"frozenset({'DOMESTIC=N', 'TIME=Afternoon', 'CRIME=THEFT'})",0.03441299047157902,0.08240527781140297,0.01147820222387466,0.33354271356783916,4.047589213050194,1.0,0.008642390183743028,1.376824503038875,0.779773700332421,0.10896330952967248,0.27369102032042736,0.23641618129470077,1,3
"frozenset({'CRIME=BATTERY', 'LOCATION=APARTMENT'})","frozenset({'ARREST=N', 'DOMESTIC=Y'})",0.0599330762446608,0.16030573953343594,0.03851142200010376,0.6425737574839501,4.008426394177388,1.0,0.028903805890189607,2.349279824994546,0.7983745875568016,0.21191863922921378,0.5743376377046436,0.4414055410936471,2,2
"frozenset({'ARREST=N', 'DOMESTIC=Y'})","frozenset({'CRIME=BATTERY', 'LOCATION=APARTMENT'})",0.16030573953343594,0.0599330762446608,0.03851142200010376,0.24023732470334414,4.008426394177388,1.0,0.028903805890189607,1.2373165388629837,0.8938081131005247,0.21191863922921378,0.19179937502578182,0.4414055410936471,2,2
"frozenset({'CRIME=BATTERY', 'TIME=Evening', 'LOCATION=APARTMENT'})","frozenset({'ARREST=N', 'DOMESTIC=Y'})",0.018399709478271395,0.16030573953343594,0.011707333944351254,0.6362781954887218,3.969154175892806,1.0,0.008757754909236587,2.3086167781302946,0.762079189506781,0.07010458734596665,0.5668401921561529,0.3546547395998086,3,2
"frozenset({'ARREST=N', 'LOCATION=DEPARTMENT STORE'})","frozenset({'DOMESTIC=N', 'CRIME=THEFT'})",0.015641482352534285,0.2081812993930171,0.01291784114686911,0.8258706467661691,3.96707412805144,1.0,0.009661577026285575,4.547301680628671,0.759809601619619,0.061249590029517874,0.780089365027185,0.4439607833656405,2,2
"frozenset({'LOCATION=SMALL RETAIL STORE', 'DOMESTIC=N'})","frozenset({'TIME=Afternoon', 'CRIME=THEFT'})",0.03409739395092258,0.08548774793781451,0.01147820222387466,0.33662989729935333,3.9377560576776993,1.0,0.008563292804461829,1.3785852698804388,0.7723845613144974,0.10617451811565225,0.2746186820299282,0.23544855844031082,2,2
"frozenset({'DOMESTIC=Y', 'ARREST=Y', 'LOCATION=APARTMENT'})",frozenset({'CRIME=BATTERY'}),0.016173240873640343,0.18293790098051083,0.011607899424144431,0.7177225340817962,3.9233123930850082,1.0,0.008649200686668464,2.894535333742337,0.7573623415418477,0.061907726360932426,0.6545214050964432,0.39058760521884917,3,1
"frozenset({'LOCATION=STREET', 'TIME=Evening', 'ARREST=N', 'DOMESTIC=N'})",frozenset({'CRIME=MOTOR VEHICLE THEFT'}),0.06900323378352673,0.07860514984349871,0.021257371124215333,0.3080634045485872,3.919124957613277,1.0,0.015833361592975242,1.331617457746099,0.8000468189787734,0.16824060767809484,0.24903357628503617,0.28924785011281523,4,1
frozenset({'CRIME=MOTOR VEHICLE THEFT'}),"frozenset({'LOCATION=STREET', 'TIME=Evening', 'ARREST=N', 'DOMESTIC=N'})",0.07860514984349871,0.06900323378352673,0.021257371124215333,0.27043229567704324,3.919124957613277,1.0,0.015833361592975242,1.2760937205690102,0.808384159260822,0.16824060767809484,0.21635849790554554,0.28924785011281523,1,4
frozenset({'LOCATION=SMALL RETAIL STORE'}),"frozenset({'TIME=Afternoon', 'CRIME=THEFT'})",0.03441299047157902,0.08548774793781451,0.01149549518391063,0.33404522613065324,3.9075216529700185,1.0,0.00855360612868987,1.3732347720081108,0.7706020323231303,0.10604187437686939,0.27179239822359125,0.2342573657708996,1,2
"frozenset({'DOMESTIC=N', 'LOCATION=DEPARTMENT STORE'})",frozenset({'CRIME=THEFT'}),0.02221280716620264,0.2199794213775572,0.01885364967921559,0.8487738419618528,3.8584238318596045,1.0,0.013967289211623077,5.157973916296151,0.757656490866719,0.08441734417344174,0.8061254251711916,0.4672401332522154,2,1
frozenset({'LOCATION=DEPARTMENT STORE'}),frozenset({'CRIME=THEFT'}),0.02232088816642745,0.2199794213775572,0.018862296159233575,0.8450513267480146,3.841501725280148,1.0,0.013952160095749701,5.034057809284588,0.7565725060825388,0.08441847415978175,0.8013530956764848,0.4653985285745655,1,1
"frozenset({'DOMESTIC=Y', 'TIME=Afternoon'})","frozenset({'CRIME=BATTERY', 'LOCATION=APARTMENT'})",0.04980804814360074,0.0599330762446608,0.011391737423694814,0.22871278534849404,3.8161362586301277,1.0,0.008406587876706655,1.2188286100140966,0.7766376552824141,0.11582926722053717,0.179540099580995,0.20939354192044193,2,2
"frozenset({'ARREST=N', 'DOMESTIC=N', 'LOCATION=DEPARTMENT STORE'})",frozenset({'CRIME=THEFT'}),0.015537724592318468,0.2199794213775572,0.01291784114686911,0.8313856427378965,3.7793791688858236,1.0,0.009499861481527053,4.626062639552903,0.7470131630979507,0.0580318126201713,0.7838334501893716,0.44505429769699495,3,1
"frozenset({'ARREST=N', 'LOCATION=DEPARTMENT STORE'})",frozenset({'CRIME=THEFT'}),0.015641482352534285,0.2199794213775572,0.012922164386878102,0.826147042564953,3.7555651223712077,1.0,0.009481360149480339,4.4866684474658145,0.7453874536468141,0.05802531448982762,0.7771174733081011,0.4424448240751577,2,1
"frozenset({'ARREST=Y', 'LOCATION=APARTMENT'})",frozenset({'DOMESTIC=Y'}),0.022515433966832102,0.19174001763881923,0.016173240873640343,0.7183179723502305,3.746312226294495,1.0,0.011856131167694284,2.8694055815521686,0.7499564279347833,0.08164913352830765,0.6514957639905814,0.40133390895025,2,1
"frozenset({'LOCATION=STREET', 'TIME=Evening', 'ARREST=N'})","frozenset({'DOMESTIC=N', 'CRIME=MOTOR VEHICLE THEFT'})",0.07487851695574732,0.07725197572068411,0.021257371124215333,0.28389145496535795,3.6748763033816676,1.0,0.015472857750349109,1.2885588793451384,0.7867961241834179,0.16242732558139536,0.22393922696942462,0.2795303712791981,3,2
"frozenset({'DOMESTIC=N', 'CRIME=MOTOR VEHICLE THEFT'})","frozenset({'LOCATION=STREET', 'TIME=Evening', 'ARREST=N'})",0.07725197572068411,0.07487851695574732,0.021257371124215333,0.2751692875930382,3.674876303381667,1.0,0.015472857750349109,1.2763276544562812,0.7888198924365334,0.16242732558139536,0.21650212897251472,0.2795303712791981,2,3
"frozenset({'DOMESTIC=Y', 'ARREST=Y'})",frozenset({'CRIME=BATTERY'}),0.031434278105383295,0.18293790098051083,0.021045532363774707,0.6695090083894926,3.6597610708391057,1.0,0.015295011508338258,2.472267383258721,0.750344661492831,0.10885996690370768,0.5955130068973811,0.3922754778447522,2,1
"frozenset({'LOCATION=STREET', 'ARREST=N', 'TIME=Evening'})",frozenset({'CRIME=MOTOR VEHICLE THEFT'}),0.07487851695574732,0.07860514984349871,0.021443270444602,0.28637413394919164,3.6431981176724024,1.0,0.015557433399236525,1.291145534361699,0.7842385041790103,0.16239931897059787,0.2254939715263254,0.2795857029882357,3,1
frozenset({'CRIME=MOTOR VEHICLE THEFT'}),"frozenset({'LOCATION=STREET', 'ARREST=N', 'TIME=Evening'})",0.07860514984349871,0.07487851695574732,0.021443270444602,0.2727972720272797,3.6431981176724024,1.0,0.015557433399236525,1.2721644837929664,0.7874104005717655,0.16239931897059787,0.2139381245587884,0.2795857029882357,1,3
"frozenset({'TIME=Evening', 'CRIME=MOTOR VEHICLE THEFT'})","frozenset({'LOCATION=STREET', 'ARREST=N', 'DOMESTIC=N'})",0.027936776938108497,0.21435920936586716,0.021257371124215333,0.7609099350046425,3.549695565941025,1.0,0.015268865707531803,3.28596167577849,0.7389289949478647,0.09617039586919104,0.6956750873355557,0.43003849411426487,2,3
"frozenset({'CRIME=BATTERY', 'ARREST=Y'})","frozenset({'DOMESTIC=Y', 'LOCATION=APARTMENT'})",0.035303577913431444,0.09336036799418956,0.011607899424144431,0.32880235121234386,3.521862202094227,1.0,0.008311944398634929,1.3507789153365168,0.742263875962642,0.09916531245383366,0.2596864011969922,0.22656834393217332,2,2
"frozenset({'LOCATION=SMALL RETAIL STORE', 'TIME=Afternoon'})","frozenset({'DOMESTIC=N', 'CRIME=THEFT'})",0.015991664793262663,0.2081812993930171,0.01147820222387466,0.7177615571776155,3.4477715302496135,1.0,0.008149036667755676,2.8054955685299126,0.7214954935727945,0.053965608358063334,0.6435567351389534,0.3864485818865608,2,2
"frozenset({'CRIME=BATTERY', 'TIME=Night'})","frozenset({'DOMESTIC=Y', 'LOCATION=APARTMENT'})",0.04008940460338596,0.09336036799418956,0.012887578466806163,0.32147093712930014,3.443334083144439,1.0,0.009144816900366093,1.3361839331833885,0.7392186348733125,0.10689568616201099,0.25160004160688254,0.22975607518655328,2,2
"frozenset({'TIME=Night', 'CRIME=MOTOR VEHICLE THEFT'})","frozenset({'LOCATION=STREET', 'ARREST=N', 'DOMESTIC=N'})",0.01914330675981808,0.21435920936586716,0.014037560309198125,0.7332881662149954,3.4208381733831787,1.0,0.00993401620751526,2.945654039735765,0.7214856026372178,0.06396265069734457,0.6605168202000724,0.39938716037188265,2,3
"frozenset({'LOCATION=STREET', 'ARREST=N', 'DOMESTIC=N'})",frozenset({'CRIME=MOTOR VEHICLE THEFT'}),0.21435920936586716,0.07860514984349871,0.056634444117799644,0.2642034568299619,3.361146914114224,1.0,0.03978470634526174,1.2522413413181426,0.894152284878061,0.23964145248330743,0.20143189095851669,0.4923481259510055,3,1
frozenset({'CRIME=MOTOR VEHICLE THEFT'}),"frozenset({'LOCATION=STREET', 'ARREST=N', 'DOMESTIC=N'})",0.07860514984349871,0.21435920936586716,0.056634444117799644,0.7204927950720492,3.3611469141142236,1.0,0.03978470634526174,2.8108069372903977,0.7624120190378726,0.23964145248330743,0.6442302789518534,0.4923481259510055,1,3
"frozenset({'TIME=Evening', 'DOMESTIC=N', 'CRIME=MOTOR VEHICLE THEFT'})","frozenset({'LOCATION=STREET', 'ARREST=N'})",0.027552008577308176,0.2337446175661888,0.021257371124215333,0.7715361682096344,3.300765494594376,1.0,0.01481723741613208,3.353946121051291,0.7167889492980277,0.08855789492642689,0.701843749449812,0.43123944371419076,3,2
"frozenset({'LOCATION=SMALL RETAIL STORE', 'DOMESTIC=N', 'TIME=Afternoon'})",frozenset({'CRIME=THEFT'}),0.01581873519290297,0.2199794213775572,0.01147820222387466,0.7256080896419786,3.2985271308473716,1.0,0.007998406009215064,2.842724399581193,0.7080345987093373,0.05116888623354597,0.6482247803736001,0.3888933084257296,3,1
frozenset({'CRIME=DECEPTIVE PRACTICE'}),"frozenset({'LOCATION=RESIDENCE', 'ARREST=N', 'DOMESTIC=N'})",0.0579573555605513,0.06330520345167483,0.01204886990506165,0.2078919886617932,3.2839636763902247,1.0,0.008379867719779891,1.1825341785974994,0.7382786085515634,0.11032380650779827,0.15435848020391876,0.19911091955113835,1,3
"frozenset({'TIME=Evening', 'CRIME=MOTOR VEHICLE THEFT'})","frozenset({'LOCATION=STREET', 'ARREST=N'})",0.027936776938108497,0.2337446175661888,0.021443270444602,0.7675642216032188,3.283772818366052,1.0,0.014913199203171908,3.2966326772884735,0.7154598771259354,0.08925839946732891,0.6966601687566496,0.4296511251726675,2,2
"frozenset({'ARREST=N', 'CRIME=MOTOR VEHICLE THEFT'})","frozenset({'LOCATION=STREET', 'TIME=Evening', 'DOMESTIC=N'})",0.07579504383765369,0.08569958669825514,0.021257371124215333,0.28045859000684464,3.272578092988106,1.0,0.01476176719355228,1.2706710143484892,0.7513815102728343,0.15158147851285528,0.21301423522851845,0.2642518950135116,2,3
"frozenset({'LOCATION=STREET', 'TIME=Evening', 'DOMESTIC=N'})","frozenset({'ARREST=N', 'CRIME=MOTOR VEHICLE THEFT'})",0.08569958669825514,0.07579504383765369,0.021257371124215333,0.24804520002017857,3.2725780929881054,1.0,0.01476176719355228,1.2290698273182739,0.7595211657568405,0.15158147851285528,0.186376577007089,0.2642518950135116,3,2
"frozenset({'LOCATION=SMALL RETAIL STORE', 'TIME=Afternoon'})",frozenset({'CRIME=THEFT'}),0.015991664793262663,0.2199794213775572,0.01149549518391063,0.7188429305217626,3.2677735309067444,1.0,0.007977658015824856,2.7743231926196303,0.7052595149453423,0.05121044623769813,0.6395517282700727,0.38555003472415983,2,1
"frozenset({'LOCATION=STREET', 'ARREST=N', 'DOMESTIC=N', 'TIME=Night'})",frozenset({'CRIME=MOTOR VEHICLE THEFT'}),0.05494405727428364,0.07860514984349871,0.014037560309198125,0.2554882366826658,3.250273515047523,1.0,0.009718674454143284,1.2375826622953894,0.7325847642918604,0.11745767616842716,0.1919731663457019,0.21703572542526206,4,1
frozenset({'LOCATION=SMALL RETAIL STORE'}),"frozenset({'DOMESTIC=N', 'CRIME=THEFT'})",0.03441299047157902,0.2081812993930171,0.023254708008369793,0.6757537688442211,3.2459868913033,1.0,0.016090566935996954,2.4420290030343215,0.7165871914853695,0.106021484182517,0.5905044539776314,0.39372894240275597,1,2
frozenset({'CRIME=MOTOR VEHICLE THEFT'}),"frozenset({'LOCATION=STREET', 'TIME=Evening', 'DOMESTIC=N'})",0.07860514984349871,0.08569958669825514,0.02185830148546527,0.27807721922780776,3.244790668675062,1.0,0.015121872631523014,1.2664795150580777,0.7508330541112128,0.15344927008406933,0.2104096528129454,0.2665672379748987,1,3
"frozenset({'LOCATION=STREET', 'TIME=Evening', 'DOMESTIC=N'})",frozenset({'CRIME=MOTOR VEHICLE THEFT'}),0.08569958669825514,0.07860514984349871,0.02185830148546527,0.25505725672198964,3.244790668675062,1.0,0.015121872631523014,1.2368666699161863,0.7566590797952873,0.15344927008406933,0.19150541903779916,0.2665672379748987,3,1
"frozenset({'CRIME=BATTERY', 'TIME=Morning'})","frozenset({'DOMESTIC=Y', 'LOCATION=APARTMENT'})",0.03547650751379114,0.09336036799418956,0.010635170422121155,0.29978064830611745,3.2110054271077293,1.0,0.007323070625484983,1.29479373829441,0.7138976608679409,0.08997476317618229,0.2276762155822072,0.20684795323386446,2,2
"frozenset({'TIME=Afternoon', 'CRIME=MOTOR VEHICLE THEFT'})","frozenset({'LOCATION=STREET', 'ARREST=N', 'DOMESTIC=N'})",0.017491829076383004,0.21435920936586716,0.011953758624863819,0.6833910034602076,3.1880645831912893,1.0,0.008204223973687471,2.481422825062999,0.6985489674606312,0.05436064800251651,0.5970053995233111,0.36957804211692996,2,3
"frozenset({'DOMESTIC=N', 'TIME=Night', 'CRIME=MOTOR VEHICLE THEFT'})","frozenset({'LOCATION=STREET', 'ARREST=N'})",0.018845003199197605,0.2337446175661888,0.014037560309198125,0.7448956182610691,3.1867926030431013,1.0,0.009632642243368076,3.003693535997287,0.699384778115891,0.058844850395983965,0.667076554909594,0.4024753675302978,3,2
"frozenset({'ARREST=N', 'CRIME=DECEPTIVE PRACTICE'})","frozenset({'LOCATION=RESIDENCE', 'DOMESTIC=N'})",0.056400989157314056,0.0670404828194442,0.01204886990506165,0.21362869845163268,3.1865626479299833,1.0,0.008267720360461077,1.1864109426978782,0.7271968464757482,0.10816579989132967,0.15712173243613448,0.19667699190331683,2,2
"frozenset({'TIME=Night', 'CRIME=MOTOR VEHICLE THEFT'})","frozenset({'LOCATION=STREET', 'ARREST=N'})",0.01914330675981808,0.2337446175661888,0.014184550469503865,0.74096657633243,3.1699834804650107,1.0,0.00970990555197795,2.9581332462222463,0.6979010772370218,0.0594233346614989,0.6619489668773124,0.40082527126126377,2,2
"frozenset({'CRIME=BATTERY', 'TIME=Night'})",frozenset({'DOMESTIC=Y'}),0.04008940460338596,0.19174001763881923,0.024309578570563924,0.6063841259570797,3.1625329622078464,1.0,0.01662283542478094,2.0534232373795147,0.7123556770863643,0.11714339284598238,0.5130083356433842,0.3665840947252874,2,1
"frozenset({'ARREST=Y', 'LOCATION=APARTMENT'})",frozenset({'CRIME=BATTERY'}),0.022515433966832102,0.18293790098051083,0.013008629187057948,0.5777649769585254,3.158257386040945,1.0,0.008889702957500387,1.9350884091375626,0.6991104704462464,0.06759671114705486,0.48322774542084934,0.324437256292095,2,1
"frozenset({'DOMESTIC=Y', 'TIME=Night', 'LOCATION=APARTMENT'})",frozenset({'CRIME=BATTERY'}),0.02232088816642745,0.18293790098051083,0.012887578466806163,0.5773774937052101,3.1561392724557424,1.0,0.008804242037619203,1.9333142150493228,0.698754011501009,0.06699328044587276,0.48275350575928594,0.3239126627216822,3,1
"frozenset({'TIME=Night', 'LOCATION=APARTMENT'})","frozenset({'CRIME=BATTERY', 'DOMESTIC=Y'})",0.04186193300707282,0.09777439604337074,0.012887578466806163,0.30785913456573377,3.1486682303736626,1.0,0.008794553249831572,1.3035288754270429,0.7122203282946535,0.10167814994201516,0.23285166991610004,0.21983423654356726,2,2
"frozenset({'DOMESTIC=N', 'CRIME=MOTOR VEHICLE THEFT'})","frozenset({'LOCATION=STREET', 'ARREST=N'})",0.07725197572068411,0.2337446175661888,0.056634444117799644,0.7331132128266831,3.1363854297910816,1.0,0.038577210596735835,2.871087739297499,0.7381881270473295,0.22265279760690737,0.6516999510977393,0.4877025919498056,2,2
"frozenset({'LOCATION=STREET', 'ARREST=N'})","frozenset({'DOMESTIC=N', 'CRIME=MOTOR VEHICLE THEFT'})",0.2337446175661888,0.07725197572068411,0.056634444117799644,0.24229197107292805,3.1363854297910816,1.0,0.038577210596735835,1.2178147638028114,0.8889485821500385,0.22265279760690737,0.1788570563249305,0.4877025919498056,2,2
frozenset({'CRIME=MOTOR VEHICLE THEFT'}),"frozenset({'LOCATION=STREET', 'ARREST=N'})",0.07860514984349871,0.2337446175661888,0.05727428363913051,0.7286327136728632,3.117217077593405,1.0,0.038900752950228934,2.8236836974891673,0.7371443836369324,0.22453856714292977,0.6458526849557531,0.486831014575903,1,2
"frozenset({'LOCATION=STREET', 'ARREST=N'})",frozenset({'CRIME=MOTOR VEHICLE THEFT'}),0.2337446175661888,0.07860514984349871,0.05727428363913051,0.24502931547894277,3.117217077593405,1.0,0.038900752950228934,1.2204379177199725,0.8863899092591715,0.22453856714292977,0.18062198373170468,0.486831014575903,2,1
"frozenset({'CRIME=BATTERY', 'ARREST=Y'})",frozenset({'DOMESTIC=Y'}),0.035303577913431444,0.19174001763881923,0.021045532363774707,0.5961302963507225,3.1090551867667675,1.0,0.014276423711939934,2.001288967847605,0.7031837809583864,0.10216373900816386,0.5003220344158973,0.35294553418695057,2,1
frozenset({'CRIME=DECEPTIVE PRACTICE'}),"frozenset({'LOCATION=RESIDENCE', 'DOMESTIC=N'})",0.0579573555605513,0.0670404828194442,0.012074809345115603,0.2083395494554677,3.1076677955404217,1.0,0.008189320245398046,1.1784844329899682,0.719941170057222,0.10692955589586524,0.15145251646398913,0.19422587842283928,1,2
"frozenset({'LOCATION=SMALL RETAIL STORE', 'DOMESTIC=N'})",frozenset({'CRIME=THEFT'}),0.03409739395092258,0.2199794213775572,0.023254708008369793,0.6820083682008368,3.100328039459135,1.0,0.015753983016563226,2.4529594511942605,0.7013683183001812,0.10074731696353319,0.5923291762882037,0.3938607373696832,2,1
"frozenset({'TIME=Evening', 'ARREST=N', 'CRIME=MOTOR VEHICLE THEFT'})","frozenset({'LOCATION=STREET', 'DOMESTIC=N'})",0.027033219776229096,0.2548549985300984,0.021257371124215333,0.7863425555733249,3.0854507861671694,1.0,0.01436781993788064,3.487568633376719,0.694677622630894,0.08156122482831836,0.7132672915939767,0.4348761123922604,3,2
"frozenset({'ARREST=N', 'LOCATION=SMALL RETAIL STORE'})","frozenset({'DOMESTIC=N', 'CRIME=THEFT'})",0.025840005533747212,0.2081812993930171,0.01657530219447663,0.6414589258825498,3.081251427255074,1.0,0.011195896266138382,2.2084462778945113,0.6933733099490129,0.07622721037039983,0.5471929700036081,0.3605392399068437,2,2
frozenset({'LOCATION=SMALL RETAIL STORE'}),frozenset({'CRIME=THEFT'}),0.03441299047157902,0.2199794213775572,0.02328497068843274,0.6766331658291457,3.075893015773599,1.0,0.015714820956623396,2.41218485075161,0.6989439135945542,0.10075387694782724,0.5854380730032314,0.3912419214362795,1,1
"frozenset({'LOCATION=STREET', 'TIME=Evening'})","frozenset({'ARREST=N', 'DOMESTIC=N', 'CRIME=MOTOR VEHICLE THEFT'})",0.09278537707299359,0.07457589015511785,0.021257371124215333,0.22910259994408724,3.0720732862531555,1.0,0.014337819035618572,1.2004504228160084,0.743470084285116,0.14549489569462937,0.16697934292512745,0.2570730391024784,2,3
"frozenset({'ARREST=N', 'DOMESTIC=N', 'CRIME=MOTOR VEHICLE THEFT'})","frozenset({'LOCATION=STREET', 'TIME=Evening'})",0.07457589015511785,0.09278537707299359,0.021257371124215333,0.28504347826086956,3.072073286253155,1.0,0.014337819035618572,1.2689088012236163,0.7288408903516546,0.14549489569462937,0.21192129880753133,0.2570730391024784,3,2
"frozenset({'TIME=Evening', 'CRIME=MOTOR VEHICLE THEFT'})","frozenset({'LOCATION=STREET', 'DOMESTIC=N'})",0.027936776938108497,0.2548549985300984,0.02185830148546527,0.7824203033116682,3.070060653408233,1.0,0.014738474239967941,3.4246991461582534,0.6936519356933697,0.08376963350785341,0.7080035479549273,0.43409395148619884,2,2
"frozenset({'TIME=Evening', 'LOCATION=APARTMENT'})","frozenset({'CRIME=BATTERY', 'DOMESTIC=Y'})",0.05074619122555208,0.09777439604337074,0.015204835111626057,0.29962514908843074,3.064454102641791,1.0,0.010243156913046303,1.2882038850800284,0.7096917594343193,0.11405130200732888,0.2237253655403501,0.22756726149150933,2,2
frozenset({'LOCATION=DEPARTMENT STORE'}),"frozenset({'ARREST=N', 'DOMESTIC=N', 'CRIME=THEFT'})",0.02232088816642745,0.1889428813530012,0.01291784114686911,0.578733294596165,3.0630066105264904,1.0,0.0087004682223462,1.9252817947468754,0.6889002604417094,0.06512783626495783,0.48059551452234345,0.3235511613013774,1,3
"frozenset({'CRIME=BATTERY', 'ARREST=N', 'TIME=Night'})",frozenset({'DOMESTIC=Y'}),0.030841994224151348,0.19174001763881923,0.018101405917650925,0.5869077656293804,3.0609560427544076,1.0,0.012187761401095783,1.9566089970019218,0.6947315922958944,0.08852382764598926,0.4889116826446762,0.3406568771101965,3,1
"frozenset({'TIME=Evening', 'DOMESTIC=Y', 'LOCATION=APARTMENT'})",frozenset({'CRIME=BATTERY'}),0.02724505853666972,0.18293790098051083,0.015204835111626057,0.5580768010155507,3.0506352047572967,1.0,0.010220681290836552,1.8488780423773148,0.691026473268709,0.07798226164079823,0.4591314423777864,0.32059576787159433,3,1
"frozenset({'DOMESTIC=N', 'CRIME=MOTOR VEHICLE THEFT'})","frozenset({'LOCATION=STREET', 'TIME=Evening'})",0.07725197572068411,0.09278537707299359,0.02185830148546527,0.2829481224466954,3.0494904625337913,1.0,0.014690447788587848,1.2652008192525308,0.7283422412777232,0.1475127644055434,0.20961164047396771,0.25926364280940684,2,2
"frozenset({'LOCATION=STREET', 'TIME=Evening'})","frozenset({'DOMESTIC=N', 'CRIME=MOTOR VEHICLE THEFT'})",0.09278537707299359,0.07725197572068411,0.02185830148546527,0.2355791631721182,3.0494904625337913,1.0,0.014690447788587848,1.2071204496576058,0.7408129754013704,0.1475127644055434,0.17158225570311103,0.25926364280940684,2,2
"frozenset({'ARREST=N', 'CRIME=MOTOR VEHICLE THEFT'})","frozenset({'LOCATION=STREET', 'TIME=Evening'})",0.07579504383765369,0.09278537707299359,0.021443270444602,0.2829112480036505,3.0490930459988994,1.0,0.014410598721861225,1.265135759557451,0.7271478240111445,0.1457366163248516,0.20957099469719884,0.25700869454511105,2,2
"frozenset({'LOCATION=STREET', 'TIME=Evening'})","frozenset({'ARREST=N', 'CRIME=MOTOR VEHICLE THEFT'})",0.09278537707299359,0.07579504383765369,0.021443270444602,0.2311061410865716,3.0490930459988994,1.0,0.014410598721861225,1.2019928959614758,0.7407658627079213,0.1457366163248516,0.1680483276067131,0.25700869454511105,2,2
"frozenset({'LOCATION=STREET', 'ARREST=N', 'TIME=Night'})","frozenset({'DOMESTIC=N', 'CRIME=MOTOR VEHICLE THEFT'})",0.059613156483995365,0.07725197572068411,0.014037560309198125,0.23547755457248531,3.0481751744950714,1.0,0.009432326191863172,1.2069600177184108,0.7145302698286495,0.11428671993242055,0.17147214048534914,0.20859444912014494,3,2
"frozenset({'DOMESTIC=Y', 'TIME=Night'})",frozenset({'CRIME=BATTERY'}),0.043867916371245264,0.18293790098051083,0.024309578570563924,0.5541539371242732,3.029191513372123,1.0,0.01628447402921973,1.8326103268679834,0.700613359661039,0.12004953137342814,0.45433026031832596,0.3435191285526837,2,1
"frozenset({'LOCATION=STREET', 'ARREST=N', 'TIME=Night'})",frozenset({'CRIME=MOTOR VEHICLE THEFT'}),0.059613156483995365,0.07860514984349871,0.014184550469503865,0.23794328812821816,3.027069964270261,1.0,0.009498649371435472,1.2090896068526833,0.7120979495681116,0.11436040432206344,0.172931440041862,0.20919824179813173,3,1
frozenset({'CRIME=MOTOR VEHICLE THEFT'}),"frozenset({'LOCATION=STREET', 'TIME=Evening'})",0.07860514984349871,0.09278537707299359,0.0220658170058969,0.2807171928280717,3.0254464839565562,1.0,0.014772408537788708,1.261276668761189,0.7265834761469933,0.14777070063694267,0.20715254252487833,0.2592664335214816,1,2
"frozenset({'LOCATION=STREET', 'TIME=Evening'})",frozenset({'CRIME=MOTOR VEHICLE THEFT'}),0.09278537707299359,0.07860514984349871,0.0220658170058969,0.23781567421489144,3.0254464839565562,1.0,0.014772408537788708,1.2088871667721501,0.7379403464316884,0.14777070063694267,0.17279293925329667,0.2592664335214816,2,1
"frozenset({'TIME=Evening', 'LOCATION=APARTMENT'})","frozenset({'CRIME=BATTERY', 'ARREST=N', 'DOMESTIC=Y'})",0.05074619122555208,0.07672886367959604,0.011707333944351254,0.23070369739308227,3.006739398050432,1.0,0.007813636355547156,1.2001502323509303,0.7030931075233728,0.10112779147061018,0.1667709816285778,0.19164213492597543,2,3
"frozenset({'LOCATION=STREET', 'DOMESTIC=N', 'TIME=Night'})",frozenset({'CRIME=MOTOR VEHICLE THEFT'}),0.06189150396873433,0.07860514984349871,0.01458228855033116,0.23561050572785694,2.997392743312019,1.0,0.009717297606829302,1.2053996778616898,0.7103407786086172,0.11581115879828327,0.17039964555661502,0.2105618252982041,3,1
"frozenset({'DOMESTIC=Y', 'DAY=Sunday'})",frozenset({'CRIME=BATTERY'}),0.03262316910785619,0.18293790098051083,0.017885243917201307,0.5482374768089054,2.9968501544538415,1.0,0.011917229837277851,1.8086097386920112,0.6887867216785856,0.09047764849969382,0.44708912121461797,0.323002113094279,2,1
"frozenset({'LOCATION=STREET', 'DOMESTIC=N', 'TIME=Night'})","frozenset({'ARREST=N', 'CRIME=MOTOR VEHICLE THEFT'})",0.06189150396873433,0.07579504383765369,0.014037560309198125,0.22680916457110922,2.992400994673405,1.0,0.009346491052709589,1.1953128694931927,0.709747530725786,0.11352749903849517,0.16339895141930869,0.2060066813044914,3,2
"frozenset({'CRIME=BATTERY', 'DAY=Sunday'})",frozenset({'DOMESTIC=Y'}),0.031187853424870734,0.19174001763881923,0.017885243917201307,0.5734682561685611,2.990863687354006,1.0,0.011905284351399682,1.8949585676807144,0.687076872604302,0.08722695454162098,0.47228397651779574,0.33337343723176316,2,1
"frozenset({'TIME=Night', 'CRIME=MOTOR VEHICLE THEFT'})","frozenset({'LOCATION=STREET', 'DOMESTIC=N'})",0.01914330675981808,0.2548549985300984,0.01458228855033116,0.761743450767841,2.988928822904288,1.0,0.0097035211341965,3.1274901104348096,0.678419165596538,0.056211982334805434,0.6802547842874005,0.40948071605397984,2,2
"frozenset({'CRIME=MOTOR VEHICLE THEFT', 'TIME=Afternoon', 'DOMESTIC=N'})","frozenset({'LOCATION=STREET', 'ARREST=N'})",0.017115707195600672,0.2337446175661888,0.011953758624863819,0.6984086890628947,2.9879134601468555,1.0,0.007953054192053274,2.540707754652813,0.6769039756189106,0.05003528709216264,0.6064088842297213,0.37477447048628115,3,2
"frozenset({'ARREST=N', 'TIME=Night', 'CRIME=MOTOR VEHICLE THEFT'})","frozenset({'LOCATION=STREET', 'DOMESTIC=N'})",0.018451588358379303,0.2548549985300984,0.014037560309198125,0.7607778819119025,2.985140123991151,1.0,0.009335080785245385,3.114866666281626,0.6775084574192515,0.05414283570392356,0.6789589709168031,0.4079292293359343,3,2
"frozenset({'LOCATION=STREET', 'ARREST=N', 'TIME=Afternoon', 'DOMESTIC=N'})",frozenset({'CRIME=MOTOR VEHICLE THEFT'}),0.051221747626541234,0.07860514984349871,0.011953758624863819,0.2333727211343687,2.9689240666675034,1.0,0.00792746547743367,1.2018811168836538,0.6989806543069962,0.10141206675224648,0.16797095323962613,0.192723100199788,4,1
"frozenset({'TIME=Afternoon', 'CRIME=MOTOR VEHICLE THEFT'})","frozenset({'LOCATION=STREET', 'ARREST=N'})",0.017491829076383004,0.2337446175661888,0.012113718505196535,0.6925358378645576,2.9627883845002514,1.0,0.008025097607204247,2.4921778756649524,0.6742744059089896,0.050659000922058904,0.5987445319354726,0.37218021293786446,2,2
"frozenset({'TIME=Evening', 'DOMESTIC=Y'})",frozenset({'CRIME=BATTERY'}),0.056816020198177324,0.18293790098051083,0.0306993273038546,0.540328717090245,2.95361821795369,1.0,0.020305523826733736,1.7774921544966276,0.7012759139725703,0.1468483745553809,0.4374096124867608,0.3540707747096032,2,1
"frozenset({'ARREST=N', 'LOCATION=SMALL RETAIL STORE', 'DOMESTIC=N'})",frozenset({'CRIME=THEFT'}),0.02559790409324364,0.2199794213775572,0.01657530219447663,0.6475257557844959,2.9435742294872584,1.0,0.01094429006356669,2.21298603067728,0.6776226754006758,0.07238059278837079,0.5481218651461836,0.36143754330112715,3,1
"frozenset({'DOMESTIC=Y', 'LOCATION=APARTMENT'})",frozenset({'CRIME=BATTERY'}),0.09336036799418956,0.18293790098051083,0.05011932142424819,0.5368372308404723,2.934532581619945,1.0,0.03304017166862308,1.7640927842757317,0.7271138435904958,0.22159145210925704,0.43313639230684714,0.4054031362757248,2,1
frozenset({'CRIME=BATTERY'}),"frozenset({'DOMESTIC=Y', 'LOCATION=APARTMENT'})",0.18293790098051083,0.09336036799418956,0.05011932142424819,0.2739690417109772,2.934532581619945,1.0,0.03304017166862308,1.24876167008417,0.8068300174127805,0.22159145210925704,0.19920668294327348,0.4054031362757248,1,2
"frozenset({'ARREST=N', 'CRIME=MOTOR VEHICLE THEFT'})","frozenset({'LOCATION=STREET', 'DOMESTIC=N'})",0.07579504383765369,0.2548549985300984,0.056634444117799644,0.7472051106548027,2.9318832864349633,1.0,0.037317698331965674,2.947626842457201,0.7129612304468229,0.20668328547537157,0.6607440312334855,0.48471366643851244,2,2
"frozenset({'LOCATION=STREET', 'DOMESTIC=N'})","frozenset({'ARREST=N', 'CRIME=MOTOR VEHICLE THEFT'})",0.2548549985300984,0.07579504383765369,0.056634444117799644,0.2222222222222222,2.9318832864349633,1.0,0.037317698331965674,1.1882635150658738,0.8842873553882038,0.20668328547537157,0.15843582898818284,0.48471366643851244,2,2
"frozenset({'CRIME=BATTERY', 'TIME=Evening'})","frozenset({'DOMESTIC=Y', 'LOCATION=APARTMENT'})",0.05559254327563249,0.09336036799418956,0.015204835111626057,0.27350493817559685,2.929561483654594,1.0,0.0100146948136801,1.2479639293473257,0.6974235319480014,0.11368264537608691,0.19869478878048072,0.2181833558671455,2,2
"frozenset({'CRIME=BATTERY', 'ARREST=N', 'DAY=Sunday'})",frozenset({'DOMESTIC=Y'}),0.024698670171373234,0.19174001763881923,0.01386030746882944,0.5611762646595484,2.9267560917650295,1.0,0.009124584014514957,1.8418784520260973,0.6749963018015837,0.06841948013146101,0.4570760090602161,0.31673162402105515,3,1
frozenset({'CRIME=MOTOR VEHICLE THEFT'}),"frozenset({'LOCATION=STREET', 'DOMESTIC=N'})",0.07860514984349871,0.2548549985300984,0.058579902121846196,0.7452425475745242,2.9241825817534868,1.0,0.03854698677402317,2.924919347306941,0.7141608070454175,0.21311062879431286,0.6581102309980856,0.487549178791503,1,2
"frozenset({'LOCATION=STREET', 'DOMESTIC=N'})",frozenset({'CRIME=MOTOR VEHICLE THEFT'}),0.2548549985300984,0.07860514984349871,0.058579902121846196,0.22985581000848176,2.9241825817534868,1.0,0.03854698677402317,1.1963926523507875,0.8830819350558815,0.21311062879431286,0.1641540107797355,0.487549178791503,2,1
"frozenset({'CRIME=OTHER OFFENSE', 'LOCATION=APARTMENT'})","frozenset({'ARREST=N', 'DOMESTIC=Y'})",0.022394383246580316,0.16030573953343594,0.010488180261815415,0.46833976833976837,2.9215408612495994,1.0,0.006898232094077169,1.5793813613713876,0.6727813921088488,0.060902746397549834,0.36684069822649235,0.26688293702856813,2,2
"frozenset({'ARREST=N', 'LOCATION=SMALL RETAIL STORE'})",frozenset({'CRIME=THEFT'}),0.025840005533747212,0.2199794213775572,0.016588271914503606,0.6419608499247114,2.9182768365541563,1.0,0.01090400244879702,2.1785901861805326,0.6747680397017125,0.07236482281274165,0.5409875586774845,0.3586845697651385,2,1
"frozenset({'DOMESTIC=Y', 'DAY=Saturday'})",frozenset({'CRIME=BATTERY'}),0.029990315942379858,0.18293790098051083,0.01600463451328964,0.5336600836096295,2.917165227923341,1.0,0.010518269065048318,1.7520741208340638,0.6775205075912307,0.08127332601536774,0.42924789076619857,0.3105733952255875,2,1
"frozenset({'TIME=Evening', 'DOMESTIC=Y', 'LOCATION=APARTMENT'})","frozenset({'CRIME=BATTERY', 'ARREST=N'})",0.02724505853666972,0.14763432306707938,0.011707333944351254,0.4297048556013964,2.9106026747327243,1.0,0.007685028170367067,1.4946044785841028,0.6748138874511024,0.07174840367750311,0.33092666700200246,0.25450219792573847,3,2
"frozenset({'DOMESTIC=N', 'LOCATION=DEPARTMENT STORE'})","frozenset({'ARREST=N', 'CRIME=THEFT'})",0.02221280716620264,0.20035191173673197,0.01291784114686911,0.5815492409497859,2.9026388413700683,1.0,0.00846746276608103,1.9109729662775214,0.6703768545760468,0.06161714061823356,0.47670635972001774,0.32301249890313455,2,2
"frozenset({'CRIME=BATTERY', 'DAY=Saturday'})",frozenset({'DOMESTIC=Y'}),0.02875819253981704,0.19174001763881923,0.01600463451328964,0.5565243535778713,2.9024945362537546,1.0,0.010490538168444561,1.8225577636157881,0.6748770175680998,0.07826473013255535,0.4513205452451113,0.3199974251486119,2,1
frozenset({'LOCATION=DEPARTMENT STORE'}),"frozenset({'ARREST=N', 'CRIME=THEFT'})",0.02232088816642745,0.20035191173673197,0.012922164386878102,0.5789269804377299,2.8895505683941574,1.0,0.008450131771072565,1.899072253773345,0.6688548541731586,0.061607271677968554,0.4734270915637577,0.3217121577630464,1,2
"frozenset({'CRIME=BATTERY', 'TIME=Morning'})",frozenset({'DOMESTIC=Y'}),0.03547650751379114,0.19174001763881923,0.019640479360852198,0.5536193029490616,2.8873435486582384,1.0,0.012838213184394182,1.8106965370613837,0.6777034393957808,0.09461823634773192,0.44772634202806816,0.328026084023966,2,1
"frozenset({'DAY=Sunday', 'LOCATION=APARTMENT'})",frozenset({'DOMESTIC=Y'}),0.028338838258944784,0.19174001763881923,0.01567174503259723,0.5530129672006102,2.88418126800385,1.0,0.010238055684963512,1.8082403359650308,0.6723343280907454,0.07666927518453502,0.44697616787410344,0.3173736568320248,2,1
"frozenset({'CRIME=BATTERY', 'TIME=Evening'})",frozenset({'DOMESTIC=Y'}),0.05559254327563249,0.19174001763881923,0.0306993273038546,0.5522202348549654,2.8800468553997054,1.0,0.020040012075598003,1.8050390957246307,0.6912095219899077,0.14171106986768844,0.44599537906487774,0.3561646821498114,2,1
"frozenset({'DOMESTIC=Y', 'DAY=Sunday'})","frozenset({'CRIME=BATTERY', 'ARREST=N'})",0.03262316910785619,0.14763432306707938,0.01386030746882944,0.424860853432282,2.8777918617152567,1.0,0.009044007981288234,1.4820164511833684,0.6745162094987934,0.08329652628023591,0.3252436575845601,0.2593717719971156,2,2
"frozenset({'TIME=Evening', 'ARREST=N', 'DOMESTIC=Y', 'LOCATION=APARTMENT'})",frozenset({'CRIME=BATTERY'}),0.022281979006346517,0.18293790098051083,0.011707333944351254,0.525417151726814,2.8721065941539856,1.0,0.007631115475238414,1.7216427057835022,0.6666784221191011,0.06049909519447733,0.41915938966853744,0.2947066852808713,4,1
"frozenset({'TIME=Evening', 'ARREST=N', 'DOMESTIC=N', 'CRIME=MOTOR VEHICLE THEFT'})",frozenset({'LOCATION=STREET'}),0.02668736057550971,0.2777638473377488,0.021257371124215333,0.7965332901344565,2.8676636566237743,1.0,0.013844587175471998,3.5496526834268125,0.6691416953321555,0.07506297229219146,0.718282297119107,0.4365318320740299,4,1
"frozenset({'CRIME=BATTERY', 'ARREST=N', 'DAY=Saturday'})",frozenset({'DOMESTIC=Y'}),0.022913172047659396,0.19174001763881923,0.012593598146194684,0.549622641509434,2.8664993790954916,1.0,0.008200226133615172,1.7946283646896766,0.6664120465986562,0.062326158586161154,0.44278156989181555,0.3076516174785789,3,1
"frozenset({'TIME=Evening', 'DOMESTIC=N', 'CRIME=MOTOR VEHICLE THEFT'})",frozenset({'LOCATION=STREET'}),0.027552008577308176,0.2777638473377488,0.02185830148546527,0.79334693237094,2.8561921933860046,1.0,0.014205349581149496,3.494921033345884,0.66829641344349,0.07711313790684197,0.7138705022348836,0.4360203820907759,3,1
"frozenset({'ARREST=N', 'TIME=Evening', 'CRIME=MOTOR VEHICLE THEFT'})",frozenset({'LOCATION=STREET'}),0.027033219776229096,0.2777638473377488,0.021443270444602,0.7932192547577163,2.855732530926518,1.0,0.013934419313629692,3.4927630801214664,0.6678821547922694,0.07567666534435934,0.7136937212571478,0.43520944994418986,3,1
frozenset({'LOCATION=SIDEWALK'}),"frozenset({'CRIME=BATTERY', 'DOMESTIC=N'})",0.049336814982620575,0.08516350493714009,0.011979698064917771,0.24281458114265683,2.8511576798287055,1.0,0.007778001978562597,1.2082066984906097,0.6829603658837995,0.09777699364855329,0.1723270519446038,0.1917408100393217,1,2
"frozenset({'TIME=Evening', 'DOMESTIC=Y'})","frozenset({'CRIME=BATTERY', 'ARREST=N'})",0.056816020198177324,0.14763432306707938,0.02391184048973663,0.42086440420027393,2.850721942275234,1.0,0.015523845808413211,1.4717894792080466,0.6883192252977545,0.13244731800766285,0.32055500183484886,0.29141553982598545,2,2
"frozenset({'DOMESTIC=Y', 'DAY=Saturday'})","frozenset({'CRIME=BATTERY', 'ARREST=N'})",0.029990315942379858,0.14763432306707938,0.012593598146194684,0.4199221565518235,2.8443396347679055,1.0,0.008165998153473596,1.469398782525763,0.6684722390949878,0.07631048123018888,0.3194495518220786,0.25261240042297317,2,2
"frozenset({'TIME=Evening', 'CRIME=MOTOR VEHICLE THEFT'})",frozenset({'LOCATION=STREET'}),0.027936776938108497,0.2777638473377488,0.0220658170058969,0.7898483441658929,2.843596644186281,1.0,0.01430599036135139,3.4367378634046144,0.6669655517198717,0.07779657658481565,0.7090263966163115,0.43464463465823944,2,1
"frozenset({'DAY=Sunday', 'LOCATION=APARTMENT'})","frozenset({'ARREST=N', 'DOMESTIC=Y'})",0.028338838258944784,0.16030573953343594,0.012913517906860118,0.45568268497330283,2.8425849648275276,1.0,0.008370639482241546,1.5426557952237465,0.6671127246661738,0.0734845502853769,0.351767255471944,0.2681191202644292,2,2
"frozenset({'CRIME=BATTERY', 'ARREST=N', 'TIME=Morning'})",frozenset({'DOMESTIC=Y'}),0.02943694122122884,0.19174001763881923,0.01598301831324468,0.5429578499045381,2.8317398558255484,1.0,0.010338778684253376,1.7684582968821594,0.6664793292027907,0.07789225291279522,0.43453571861828605,0.3131578047971429,3,1
"frozenset({'CRIME=BATTERY', 'TIME=Evening', 'ARREST=N'})","frozenset({'DOMESTIC=Y', 'LOCATION=APARTMENT'})",0.044291593892126516,0.09336036799418956,0.011707333944351254,0.2643240605173255,2.83122342163193,1.0,0.007572254439533123,1.2323899469151556,0.6767710707143102,0.09295619936839215,0.18856851883355596,0.1948617292630619,3,2
"frozenset({'CRIME=BATTERY', 'TIME=Night'})","frozenset({'ARREST=N', 'DOMESTIC=Y'})",0.04008940460338596,0.16030573953343594,0.018101405917650925,0.45152593551170067,2.8166548298635505,1.0,0.011674844265250006,1.530964387987898,0.6719052016991858,0.09929801261680025,0.34681694241479327,0.2822219753070909,2,2
"frozenset({'CRIME=BATTERY', 'ARREST=N', 'TIME=Evening'})",frozenset({'DOMESTIC=Y'}),0.044291593892126516,0.19174001763881923,0.02391184048973663,0.5398731088335774,2.8156517115302275,1.0,0.015419369495608874,1.7566023587802924,0.674727179255555,0.11272801385916642,0.4307191977731624,0.3322914054911726,3,1
"frozenset({'CRIME=BATTERY', 'DOMESTIC=Y', 'ARREST=Y'})",frozenset({'LOCATION=APARTMENT'}),0.021045532363774707,0.19613675272796444,0.011607899424144431,0.5515612161051767,2.8121257665062647,1.0,0.007480097046882379,1.792581900009285,0.6582503568307052,0.05646568947025299,0.4421454328001303,0.30537194996759454,3,1
"frozenset({'CRIME=BATTERY', 'TIME=Morning'})","frozenset({'ARREST=N', 'DOMESTIC=Y'})",0.03547650751379114,0.16030573953343594,0.01598301831324468,0.4505240068242749,2.8104047187300263,1.0,0.010295930540182893,1.5281727880657847,0.6678731695375434,0.0888936978527976,0.3456237358697479,0.2751136754725474,2,2
"frozenset({'ARREST=N', 'DOMESTIC=Y', 'TIME=Night'})",frozenset({'CRIME=BATTERY'}),0.03522575959326958,0.18293790098051083,0.018101405917650925,0.5138684339715267,2.8089774246741324,1.0,0.011657279397214095,1.680742737392274,0.6675121867020434,0.09047886593482583,0.40502494655932175,0.3064083987180096,3,1
"frozenset({'ARREST=N', 'DOMESTIC=Y', 'DAY=Sunday'})",frozenset({'CRIME=BATTERY'}),0.026985664136130183,0.18293790098051083,0.01386030746882944,0.5136174303107978,2.807605354373863,1.0,0.008923606715200733,1.679875369591453,0.6616804728060941,0.07069303874225485,0.4047177438864403,0.2946912627153658,3,1
"frozenset({'TIME=Evening', 'ARREST=N', 'DOMESTIC=Y'})",frozenset({'CRIME=BATTERY'}),0.046613173776955404,0.18293790098051083,0.02391184048973663,0.5129846039695789,2.804146113080358,1.0,0.015384524320940618,1.6776925445873418,0.6748417160684339,0.11628053651768071,0.4039432295111213,0.32184737701728383,3,1
"frozenset({'TIME=Evening', 'LOCATION=APARTMENT'})",frozenset({'DOMESTIC=Y'}),0.05074619122555208,0.19174001763881923,0.02724505853666972,0.5368887374339751,2.800087034754074,1.0,0.017514982935979473,1.7452825005436976,0.677235358911818,0.12657922750918915,0.4270268568621551,0.33949124477389725,2,1
"frozenset({'ARREST=N', 'TIME=Afternoon', 'CRIME=MOTOR VEHICLE THEFT'})","frozenset({'LOCATION=STREET', 'DOMESTIC=N'})",0.016752555034845313,0.2548549985300984,0.011953758624863819,0.7135483870967743,2.7998210402473394,1.0,0.007684286236082923,2.6012944871133956,0.6537869161936442,0.04603729603729604,0.615576012268538,0.38022627158061784,3,2
"frozenset({'DOMESTIC=Y', 'TIME=Morning', 'LOCATION=APARTMENT'})",frozenset({'CRIME=BATTERY'}),0.0207688450031992,0.18293790098051083,0.010635170422121155,0.5120732722731057,2.799164467988835,1.0,0.006835761511446323,1.6745590118129805,0.6563828517969423,0.055084081596094854,0.4028278532165082,0.28510434262361417,3,1
"frozenset({'DOMESTIC=Y', 'TIME=Night'})","frozenset({'CRIME=BATTERY', 'ARREST=N'})",0.043867916371245264,0.14763432306707938,0.018101405917650925,0.4126342761407313,2.794975230477035,1.0,0.011624995779818882,1.4511668664158301,0.6716802909826327,0.10439053578997233,0.3108993712970763,0.2676220079054999,2,2
"frozenset({'CRIME=BATTERY', 'ARREST=N'})","frozenset({'DOMESTIC=Y', 'LOCATION=APARTMENT'})",0.14763432306707938,0.09336036799418956,0.03851142200010376,0.26085683328940823,2.7940853157909906,1.0,0.024728227269988162,1.2266089613472693,0.753316492226956,0.19019557605260914,0.1847442571252447,0.3366798637389389,2,2
"frozenset({'DOMESTIC=Y', 'LOCATION=APARTMENT'})","frozenset({'CRIME=BATTERY', 'ARREST=N'})",0.09336036799418956,0.14763432306707938,0.03851142200010376,0.4125028941884696,2.79408531579099,1.0,0.024728227269988162,1.4508423420325076,0.7082208842130646,0.19019557605260914,0.31074523328352505,0.3366798637389389,2,2
"frozenset({'LOCATION=STREET', 'TIME=Night'})","frozenset({'DOMESTIC=N', 'CRIME=MOTOR VEHICLE THEFT'})",0.06760250402061321,0.07725197572068411,0.01458228855033116,0.2157063375327748,2.7922436354597946,1.0,0.009359861551073299,1.1765338271082568,0.6884028166327167,0.11193707894998838,0.1500456876298665,0.20223449956273862,2,2
frozenset({'CRIME=BATTERY'}),frozenset({'DOMESTIC=Y'}),0.18293790098051083,0.19174001763881923,0.09777439604337074,0.5344676828547796,2.7874602779142155,1.0,0.06269787968255902,1.7362059573386144,0.7848246711517947,0.35309914129586256,0.4240314659829446,0.5221999075814787,1,1
frozenset({'DOMESTIC=Y'}),frozenset({'CRIME=BATTERY'}),0.19174001763881923,0.18293790098051083,0.09777439604337074,0.5099321323081779,2.7874602779142155,1.0,0.06269787968255902,1.6672427491885606,0.7933715724738369,0.35309914129586256,0.40020731804849924,0.5221999075814787,1,1
"frozenset({'DOMESTIC=N', 'TIME=Night', 'CRIME=MOTOR VEHICLE THEFT'})",frozenset({'LOCATION=STREET'}),0.018845003199197605,0.2777638473377488,0.01458228855033116,0.7738013305804083,2.785824498029434,1.0,0.009347827958629849,3.192928386870946,0.6533522682944095,0.05170537288265502,0.6868078832861031,0.41315010107908806,3,1
"frozenset({'TIME=Afternoon', 'CRIME=MOTOR VEHICLE THEFT'})","frozenset({'LOCATION=STREET', 'DOMESTIC=N'})",0.017491829076383004,0.2548549985300984,0.012416345305825999,0.7098368759268413,2.7852578133483594,1.0,0.007958465232275676,2.5680210186943966,0.6523780953101656,0.047767946244428185,0.6105950875322631,0.37927806476579556,2,2
"frozenset({'LOCATION=STREET', 'TIME=Night'})","frozenset({'ARREST=N', 'DOMESTIC=N', 'CRIME=MOTOR VEHICLE THEFT'})",0.06760250402061321,0.07457589015511785,0.014037560309198125,0.20764852593208413,2.784392187611508,1.0,0.00899604339514596,1.1679464734176288,0.6873197256614284,0.10954790823211873,0.14379637872118078,0.19794020499502757,2,3
"frozenset({'TIME=Night', 'LOCATION=APARTMENT'})",frozenset({'DOMESTIC=Y'}),0.04186193300707282,0.19174001763881923,0.02232088816642745,0.5332025198802025,2.780861952795876,1.0,0.014294280393256238,1.731500311770645,0.6683788984464605,0.10564547482146876,0.4224661738712639,0.3248073883250306,2,1
"frozenset({'ARREST=N', 'DOMESTIC=N', 'TIME=Night', 'CRIME=MOTOR VEHICLE THEFT'})",frozenset({'LOCATION=STREET'}),0.01818354747782178,0.2777638473377488,0.014037560309198125,0.7719923918212077,2.779311991896838,1.0,0.008986828203509729,3.167596723772083,0.652055404802348,0.04979450374187216,0.6843032471604638,0.41126507169077164,4,1
"frozenset({'LOCATION=STREET', 'TIME=Night'})",frozenset({'CRIME=MOTOR VEHICLE THEFT'}),0.06760250402061321,0.07860514984349871,0.014737925190654885,0.21800856941868643,2.7734642049883136,1.0,0.009424020232318859,1.1782671959353295,0.6858020256914383,0.11210128247287075,0.15129606981361973,0.2027508472437179,2,1
"frozenset({'CRIME=BATTERY', 'DAY=Sunday'})","frozenset({'ARREST=N', 'DOMESTIC=Y'})",0.031187853424870734,0.16030573953343594,0.01386030746882944,0.4444136401441641,2.772287763604809,1.0,0.008860715561095134,1.5113658670174133,0.659866917869067,0.07802764797507789,0.33834684120964187,0.2654376722835168,2,2
"frozenset({'TIME=Night', 'CRIME=MOTOR VEHICLE THEFT'})",frozenset({'LOCATION=STREET'}),0.01914330675981808,0.2777638473377488,0.014737925190654885,0.769873532068654,2.7716837142326924,1.0,0.009420606654281082,3.138431485759027,0.6516838568445512,0.05223080223080224,0.6813694979362754,0.41146636182570123,2,1
"frozenset({'LOCATION=STREET', 'TIME=Night'})","frozenset({'ARREST=N', 'CRIME=MOTOR VEHICLE THEFT'})",0.06760250402061321,0.07579504383765369,0.014184550469503865,0.20982285604655623,2.768292561397264,1.0,0.009060615713726327,1.1696174246933158,0.6850796004063506,0.10977649892933618,0.14501957743814473,0.1984831825293242,2,2
"frozenset({'ARREST=N', 'TIME=Night', 'CRIME=MOTOR VEHICLE THEFT'})",frozenset({'LOCATION=STREET'}),0.018451588358379303,0.2777638473377488,0.014184550469503865,0.7687441424554827,2.76761770771674,1.0,0.009059366297588013,3.123104254875875,0.6506845851968935,0.05029431602182844,0.6798057578645437,0.4099055425658167,3,1
"frozenset({'DAY=Monday', 'CRIME=BATTERY'})",frozenset({'DOMESTIC=Y'}),0.025221782212461307,0.19174001763881923,0.013358811627786328,0.5296537538567021,2.762353734912089,1.0,0.00852278666148654,1.7184361286789829,0.6544974753366034,0.06561206072831512,0.41807554944231057,0.29966261907621694,2,1
"frozenset({'CRIME=BATTERY', 'DOMESTIC=Y', 'TIME=Morning'})",frozenset({'LOCATION=APARTMENT'}),0.019640479360852198,0.19613675272796444,0.010635170422121155,0.5414924058991856,2.7607901036794398,1.0,0.0067829505782629985,1.7532168662298884,0.6505622040940273,0.0518429537839034,0.42961990654904175,0.2978578234750733,3,1
"frozenset({'ARREST=N', 'DOMESTIC=Y', 'DAY=Saturday'})",frozenset({'CRIME=BATTERY'}),0.024958064571912773,0.18293790098051083,0.012593598146194684,0.5045903343149143,2.7582602162286234,1.0,0.008027822200872909,1.6492655586152138,0.6537694453812387,0.06448256779192031,0.3936695065410581,0.2867155854488432,3,1
"frozenset({'LOCATION=STREET', 'ARREST=N', 'TIME=Afternoon'})","frozenset({'DOMESTIC=N', 'CRIME=MOTOR VEHICLE THEFT'})",0.056180503916855445,0.07725197572068411,0.011953758624863819,0.2127741439015006,2.754287407105507,1.0,0.007613703700303103,1.172151571408574,0.6748426858863465,0.09840207836577815,0.14686801230125843,0.18375569918226858,3,2
"frozenset({'DAY=Friday', 'DOMESTIC=Y'})",frozenset({'CRIME=BATTERY'}),0.026367440814844278,0.18293790098051083,0.01327234682760648,0.5033612067552057,2.751541392228125,1.0,0.008448742550711019,1.6451838038692188,0.6538065481064619,0.0677046577275935,0.3921651807851778,0.2879561557821875,2,1
"frozenset({'LOCATION=STREET', 'ARREST=N', 'TIME=Afternoon'})",frozenset({'CRIME=MOTOR VEHICLE THEFT'}),0.056180503916855445,0.07860514984349871,0.012113718505196535,0.21562139284340132,2.7430949915202656,1.0,0.007697641576528846,1.1746812594705909,0.6732731011028038,0.09874889867841409,0.14870524072999763,0.18486492587940606,3,1
"frozenset({'TIME=Evening', 'LOCATION=APARTMENT'})","frozenset({'ARREST=N', 'DOMESTIC=Y'})",0.05074619122555208,0.16030573953343594,0.022281979006346517,0.4390867268699949,2.7390580533669033,1.0,0.014147073293429234,1.4970126411537863,0.6688527152472796,0.11803774276291683,0.3320029687730131,0.2890417453120201,2,2
"frozenset({'ARREST=N', 'DOMESTIC=N', 'CRIME=MOTOR VEHICLE THEFT'})",frozenset({'LOCATION=STREET'}),0.07457589015511785,0.2777638473377488,0.056634444117799644,0.7594202898550725,2.7340501549564524,1.0,0.03591995794967677,3.002065935764779,0.6853530779522623,0.19152326788403343,0.6668960571163308,0.4816572569448439,3,1
frozenset({'LOCATION=STREET'}),"frozenset({'ARREST=N', 'DOMESTIC=N', 'CRIME=MOTOR VEHICLE THEFT'})",0.2777638473377488,0.07457589015511785,0.056634444117799644,0.20389422403461535,2.7340501549564524,1.0,0.03591995794967677,1.1624386328847842,0.8781646553631075,0.19152326788403343,0.13973953401881176,0.4816572569448439,1,3
"frozenset({'CRIME=BATTERY', 'DAY=Saturday'})","frozenset({'ARREST=N', 'DOMESTIC=Y'})",0.02875819253981704,0.16030573953343594,0.012593598146194684,0.43791340950090196,2.7317388059556267,1.0,0.007983494823454373,1.4938877295061739,0.6527033600509792,0.07136382566941865,0.3306056537926284,0.25823664002553187,2,2
"frozenset({'DOMESTIC=N', 'CRIME=MOTOR VEHICLE THEFT'})",frozenset({'LOCATION=STREET'}),0.07725197572068411,0.2777638473377488,0.058579902121846196,0.7582964911298897,2.73000427664668,1.0,0.03712209613122662,2.988107851799436,0.6867532531612124,0.19761404736903515,0.6653400581248095,0.4845973576133814,2,1
frozenset({'LOCATION=STREET'}),"frozenset({'DOMESTIC=N', 'CRIME=MOTOR VEHICLE THEFT'})",0.2777638473377488,0.07725197572068411,0.058579902121846196,0.21089822409687312,2.73000427664668,1.0,0.03712209613122662,1.1693650330760323,0.8774141327403853,0.19761404736903515,0.14483504148445,0.4845973576133814,1,2
"frozenset({'DOMESTIC=Y', 'DAY=Wednesday'})",frozenset({'CRIME=BATTERY'}),0.025403358292838987,0.18293790098051083,0.012680062946374531,0.49914908100748806,2.72851649839726,1.0,0.008032825902426714,1.6313479082020113,0.6500129880568316,0.06480622210437934,0.38700997195494036,0.28423128161209804,2,1
"frozenset({'CRIME=BATTERY', 'TIME=Evening'})","frozenset({'ARREST=N', 'DOMESTIC=Y', 'LOCATION=APARTMENT'})",0.05559254327563249,0.07718712712054922,0.011707333944351254,0.21059180340617464,2.728328042022821,1.0,0.007416305239580375,1.168993274786411,0.6707646738159861,0.09669701838957329,0.1445630855466538,0.181133249076225,2,3
"frozenset({'ARREST=N', 'DOMESTIC=Y', 'LOCATION=APARTMENT'})",frozenset({'CRIME=BATTERY'}),0.07718712712054922,0.18293790098051083,0.03851142200010376,0.49893581270303583,2.7273507022264876,1.0,0.024390970981954627,1.6306535564379572,0.6863187921910251,0.17377733559626232,0.38674895347824423,0.35472608902905545,3,1
frozenset({'CRIME=BATTERY'}),"frozenset({'ARREST=N', 'DOMESTIC=Y', 'LOCATION=APARTMENT'})",0.18293790098051083,0.07718712712054922,0.03851142200010376,0.21051636535507506,2.7273507022264876,1.0,0.024390970981954627,1.1688815732000466,0.7751477116525114,0.17377733559626232,0.1444813376069397,0.35472608902905545,1,3
"frozenset({'CRIME=BATTERY', 'DAY=Wednesday'})",frozenset({'DOMESTIC=Y'}),0.024279315890500978,0.19174001763881923,0.012680062946374531,0.5222578347578347,2.7237810926961115,1.0,0.00802474648927141,1.6918330454492698,0.6486111353407004,0.06235914444869669,0.4089251284635785,0.2941946881619888,2,1
"frozenset({'ARREST=N', 'DAY=Sunday', 'LOCATION=APARTMENT'})",frozenset({'DOMESTIC=Y'}),0.024754872291490135,0.19174001763881923,0.012913517906860118,0.5216556060076842,2.720640231661641,1.0,0.008167018257043083,1.6897030518437828,0.6484928141103224,0.06343172648120621,0.4081800355933473,0.29450235374677913,3,1
"frozenset({'ARREST=N', 'CRIME=MOTOR VEHICLE THEFT'})",frozenset({'LOCATION=STREET'}),0.07579504383765369,0.2777638473377488,0.05727428363913051,0.75564681724846,2.7204649722813863,1.0,0.0362211606536505,2.955705935685011,0.6842808772001902,0.19330833321173743,0.6616713496675234,0.48092228954066446,2,1
frozenset({'LOCATION=STREET'}),"frozenset({'ARREST=N', 'CRIME=MOTOR VEHICLE THEFT'})",0.2777638473377488,0.07579504383765369,0.05727428363913051,0.206197761832869,2.7204649722813863,1.0,0.0362211606536505,1.1642760774979821,0.8756357263263149,0.19330833321173743,0.14109718534371146,0.48092228954066446,1,2
frozenset({'CRIME=MOTOR VEHICLE THEFT'}),frozenset({'LOCATION=STREET'}),0.07860514984349871,0.2777638473377488,0.05928026700330295,0.7541524584754152,2.7150850108955993,1.0,0.037446598162212505,2.937739983826633,0.6855773147698134,0.19953724588541744,0.65960227742912,0.4837860612973506,1,1
frozenset({'LOCATION=STREET'}),frozenset({'CRIME=MOTOR VEHICLE THEFT'}),0.2777638473377488,0.07860514984349871,0.05928026700330295,0.21341966411928592,2.7150850108955993,1.0,0.037446598162212505,1.171393191675506,0.874627232221139,0.19953724588541744,0.14631568024597558,0.4837860612973506,1,1
"frozenset({'TIME=Evening', 'ARREST=N', 'LOCATION=APARTMENT'})","frozenset({'CRIME=BATTERY', 'DOMESTIC=Y'})",0.04411434105175783,0.09777439604337074,0.011707333944351254,0.2653861230889847,2.714270134394538,1.0,0.007394080891164356,1.2281630286517402,0.6607242474263433,0.08993092454835282,0.18577584842479286,0.19256218075213294,3,2
"frozenset({'CRIME=BATTERY', 'ARREST=N'})",frozenset({'DOMESTIC=Y'}),0.14763432306707938,0.19174001763881923,0.07672886367959604,0.5197223930422561,2.7105577617149144,1.0,0.0484214559706191,1.682901660731173,0.7403773501507096,0.29213853041875165,0.4057882148826638,0.45994687666362766,2,1
frozenset({'DOMESTIC=Y'}),"frozenset({'CRIME=BATTERY', 'ARREST=N'})",0.19174001763881923,0.14763432306707938,0.07672886367959604,0.4001713602849992,2.7105577617149144,1.0,0.0484214559706191,1.4210153042007279,0.7807787778920487,0.29213853041875165,0.2962778113340127,0.45994687666362766,1,2
"frozenset({'DOMESTIC=Y', 'DAY=Thursday'})",frozenset({'CRIME=BATTERY'}),0.025290954052605185,0.18293790098051083,0.012524426306050806,0.4952136752136752,2.7070042487610726,1.0,0.007897752257872669,1.6186296238618394,0.6469499267694001,0.06399664221966953,0.38219343989631777,0.28183819764464924,2,1
"frozenset({'DAY=Monday', 'DOMESTIC=Y'})",frozenset({'CRIME=BATTERY'}),0.02698134089612119,0.18293790098051083,0.013358811627786328,0.49511296266623933,2.706453720156032,1.0,0.008422901758610303,1.6183067470582775,0.6479966202944271,0.0679628733559143,0.3820701780933817,0.28406835655467233,2,1
"frozenset({'DOMESTIC=Y', 'TIME=Afternoon', 'LOCATION=APARTMENT'})",frozenset({'CRIME=BATTERY'}),0.023025576287893198,0.18293790098051083,0.011391737423694814,0.49474277131055205,2.7044301298901376,1.0,0.007179486828721011,1.6171210477063547,0.6450899004449601,0.05854774918899703,0.3816171019365859,0.2785069167908072,3,1
"frozenset({'CRIME=BATTERY', 'DOMESTIC=Y', 'TIME=Night'})",frozenset({'LOCATION=APARTMENT'}),0.024309578570563924,0.19613675272796444,0.012887578466806163,0.530144051218211,2.7029307044432627,1.0,0.008119576665790443,1.7108717030320424,0.6457286009657563,0.062091230993543016,0.4155026363299018,0.29792557877433207,3,1
"frozenset({'DAY=Friday', 'DOMESTIC=Y'})","frozenset({'CRIME=BATTERY', 'ARREST=N'})",0.026367440814844278,0.14763432306707938,0.010505473221851384,0.3984259714707329,2.6987353834358925,1.0,0.0066127339461405695,1.4168924130863676,0.646502697165415,0.06425511661113756,0.29423011178263375,0.23479235848420243,2,2
"frozenset({'CRIME=BATTERY', 'DAY=Friday'})",frozenset({'DOMESTIC=Y'}),0.025684368893423487,0.19174001763881923,0.01327234682760648,0.5167480222184817,2.6950452418956186,1.0,0.008347625482939523,1.6725435580661006,0.645528712638086,0.06501207064503832,0.4021082469408076,0.29298427919789727,2,1
"frozenset({'CRIME=OTHER OFFENSE', 'LOCATION=APARTMENT'})",frozenset({'DOMESTIC=Y'}),0.022394383246580316,0.19174001763881923,0.01153440434399156,0.5150579150579151,2.6862306648376864,1.0,0.007240504905281773,1.6667144540728172,0.6421108260876991,0.05693190790175619,0.40001720297296295,0.28760719702750326,2,1
"frozenset({'CRIME=BATTERY', 'DAY=Thursday'})",frozenset({'DOMESTIC=Y'}),0.02431822505058191,0.19174001763881923,0.012524426306050806,0.5150222222222222,2.6860445125877153,1.0,0.007861649405907455,1.6665917891428303,0.6433504927001394,0.06153486692580556,0.39997304288032953,0.2901710285876054,2,1
"frozenset({'CRIME=BATTERY', 'TIME=Evening'})","frozenset({'ARREST=N', 'DOMESTIC=Y'})",0.05559254327563249,0.16030573953343594,0.02391184048973663,0.4301267594680769,2.683165061462835,1.0,0.015000036727391822,1.473475504276685,0.6642321769305277,0.12454963069717169,0.32133245710732705,0.2896453646315573,2,2
"frozenset({'CRIME=BATTERY', 'DAY=Tuesday'})",frozenset({'DOMESTIC=Y'}),0.023488162968855378,0.19174001763881923,0.01204886990506165,0.5129762562120376,2.6753739909335525,1.0,0.007545249123109859,1.6595905080001117,0.6412830429206359,0.059301657552609736,0.39744172120805316,0.28790793825686095,2,1
"frozenset({'DAY=Monday', 'ARREST=N', 'CRIME=BATTERY'})",frozenset({'DOMESTIC=Y'}),0.020410016082452832,0.19174001763881923,0.010440624621716499,0.511544164371955,2.667905065783143,1.0,0.006527207778058409,1.6547247947645856,0.6381997359119306,0.05176072186381465,0.3956699004185357,0.2829980748355232,3,1
"frozenset({'CRIME=ASSAULT', 'LOCATION=APARTMENT'})",frozenset({'DOMESTIC=Y'}),0.02379943624950283,0.19174001763881923,0.012126688225223512,0.5095367847411444,2.6574357873532644,1.0,0.007563383898949886,1.6479522973697407,0.6389029280433057,0.0596161611867973,0.39318631880541854,0.2863911291747029,2,1
"frozenset({'CRIME=ASSAULT', 'LOCATION=APARTMENT'})","frozenset({'ARREST=N', 'DOMESTIC=Y'})",0.02379943624950283,0.16030573953343594,0.010103411901015097,0.4245231607629428,2.648209365419492,1.0,0.006288225672559683,1.4591278105645311,0.6375599183076968,0.058064997018485394,0.3146590773202359,0.24377452536529015,2,2
"frozenset({'TIME=Evening', 'ARREST=N', 'LOCATION=APARTMENT'})",frozenset({'DOMESTIC=Y'}),0.04411434105175783,0.19174001763881923,0.022281979006346517,0.5050960407683261,2.6342755518035665,1.0,0.013823494474957584,1.6331653188145523,0.6490200844315652,0.10432987186494201,0.3876921163585209,0.3106526854424481,3,1
"frozenset({'DAY=Saturday', 'LOCATION=APARTMENT'})",frozenset({'DOMESTIC=Y'}),0.02881007141992495,0.19174001763881923,0.014539056150241236,0.5046518607442977,2.6319589773633516,1.0,0.009015012548009184,1.631700855030266,0.6384486187106508,0.07057416267942583,0.3871425654297085,0.29023939342822425,2,1
"frozenset({'CRIME=BATTERY', 'ARREST=N', 'DAY=Friday'})",frozenset({'DOMESTIC=Y'}),0.02085098656337005,0.19174001763881923,0.010505473221851384,0.5038357868546548,2.62770282937874,1.0,0.006507504690404028,1.6290170893973988,0.6326304315613885,0.05198528153345884,0.3861328978630193,0.2793129916212802,3,1
"frozenset({'DAY=Tuesday', 'DOMESTIC=Y'})",frozenset({'CRIME=BATTERY'}),0.02508343853217355,0.18293790098051083,0.01204886990506165,0.4803516028955533,2.625763170567521,1.0,0.007460158310612154,1.572336417416609,0.6350885462824772,0.06148246194573131,0.3640037914767459,0.2731073859922644,2,1
"frozenset({'LOCATION=RESIDENCE', 'TIME=Evening'})",frozenset({'DOMESTIC=Y'}),0.029000293980320613,0.19174001763881923,0.014595258270358137,0.5032796660703637,2.624802439615875,1.0,0.009034741391040518,1.627193265809964,0.637506831523551,0.0708009143719984,0.38544485095184283,0.2896998542297434,2,1
"frozenset({'DOMESTIC=Y', 'TIME=Morning'})","frozenset({'CRIME=BATTERY', 'ARREST=N'})",0.04124803292579591,0.14763432306707938,0.01598301831324468,0.3874855885127345,2.6246307800434447,1.0,0.009893392894396197,1.3915846891883976,0.6456247807837764,0.09244117720601105,0.2813947956101603,0.24787322267301196,2,2
"frozenset({'DOMESTIC=Y', 'ARREST=Y'})",frozenset({'LOCATION=APARTMENT'}),0.031434278105383295,0.19613675272796444,0.016173240873640343,0.5145096960528126,2.6232192024022214,1.0,0.010007823641702713,1.655776110740785,0.6388714692975455,0.07650619657245696,0.3960536128567494,0.29848434899625287,2,1
"frozenset({'ARREST=N', 'CRIME=MOTOR VEHICLE THEFT', 'TIME=Afternoon', 'DOMESTIC=N'})",frozenset({'LOCATION=STREET'}),0.01641534231414391,0.2777638473377488,0.011953758624863819,0.728206478799052,2.621674799577443,1.0,0.007394169988321061,2.6572971624598534,0.6288878475068944,0.042355356076040504,0.6236777677230866,0.38562108403524015,4,1
"frozenset({'TIME=Night', 'LOCATION=APARTMENT'})","frozenset({'ARREST=N', 'DOMESTIC=Y'})",0.04186193300707282,0.16030573953343594,0.01759126359658983,0.42022100588660544,2.6213721798710607,1.0,0.010880555467591868,1.4483005921086105,0.6455441291417354,0.09530613200918162,0.3095355995511406,0.2649783562334861,2,2
"frozenset({'DAY=Monday', 'DOMESTIC=Y'})","frozenset({'CRIME=BATTERY', 'ARREST=N'})",0.02698134089612119,0.14763432306707938,0.010440624621716499,0.386957218394488,2.621051868938834,1.0,0.006457252623075542,1.390385308347715,0.6356237660851688,0.06359447004608294,0.2807749089435036,0.22883835618837112,2,2
"frozenset({'ARREST=N', 'DOMESTIC=Y'})",frozenset({'CRIME=BATTERY'}),0.16030573953343594,0.18293790098051083,0.07672886367959604,0.47864077669902916,2.616411220056695,1.0,0.04740286817422078,1.5671768379703426,0.735740509647995,0.28789722127597456,0.3619099161169939,0.4490332561268985,2,1
frozenset({'CRIME=BATTERY'}),"frozenset({'ARREST=N', 'DOMESTIC=Y'})",0.18293790098051083,0.16030573953343594,0.07672886367959604,0.41942573555476786,2.616411220056695,1.0,0.04740286817422078,1.446316710694943,0.7561201087231313,0.28789722127597456,0.3085885044365501,0.4490332561268985,1,2
frozenset({'LOCATION=APARTMENT'}),"frozenset({'CRIME=BATTERY', 'DOMESTIC=Y'})",0.19613675272796444,0.09777439604337074,0.05011932142424819,0.2555325339446306,2.6134913053442084,1.0,0.030942168884363516,1.2119073634435042,0.7680038492441478,0.2055824511003529,0.1748544235603886,0.38406711592880627,1,2
"frozenset({'CRIME=BATTERY', 'DOMESTIC=Y'})",frozenset({'LOCATION=APARTMENT'}),0.09777439604337074,0.19613675272796444,0.05011932142424819,0.5126016979129819,2.613491305344208,1.0,0.030942168884363516,1.649294311920925,0.684274604337765,0.2055824511003529,0.39368007712625597,0.38406711592880627,2,1
"frozenset({'DOMESTIC=N', 'TIME=Afternoon', 'CRIME=MOTOR VEHICLE THEFT'})",frozenset({'LOCATION=STREET'}),0.017115707195600672,0.2777638473377488,0.012416345305825999,0.7254357160899216,2.611699553570135,1.0,0.007662220625269565,2.6304810748756684,0.6278537261335206,0.04395738949430636,0.6198414010459036,0.38506840046585455,3,1
"frozenset({'ARREST=N', 'CRIME=OTHER OFFENSE', 'LOCATION=APARTMENT'})",frozenset({'DOMESTIC=Y'}),0.021002299963684783,0.19174001763881923,0.010488180261815415,0.49938246191848495,2.604476979131044,1.0,0.006461198896322721,1.6145259022658784,0.6292616948539203,0.05185644357993288,0.3806231299252818,0.27704123434135336,3,1
"frozenset({'ARREST=N', 'TIME=Afternoon', 'CRIME=MOTOR VEHICLE THEFT'})",frozenset({'LOCATION=STREET'}),0.016752555034845313,0.2777638473377488,0.012113718505196535,0.7230967741935485,2.6032789404529457,1.0,0.007460464365980526,2.608261967908876,0.6263622224085805,0.04289519610544687,0.6166029285770974,0.3833541739572701,3,1
"frozenset({'DOMESTIC=Y', 'TIME=Morning'})",frozenset({'CRIME=BATTERY'}),0.04124803292579591,0.18293790098051083,0.019640479360852198,0.4761555392516508,2.6028260775899996,1.0,0.012094650797832096,1.559741794066616,0.6422956525054826,0.09602012131972186,0.35886824101009474,0.29175849750010163,2,1
"frozenset({'DOMESTIC=Y', 'TIME=Night'})",frozenset({'LOCATION=APARTMENT'}),0.043867916371245264,0.19613675272796444,0.02232088816642745,0.5088203409874841,2.594212119404271,1.0,0.013716777500429494,1.636597185005888,0.6427213565120501,0.10253813155386082,0.3889760967684897,0.31131151064539075,2,1
"frozenset({'TIME=Afternoon', 'CRIME=MOTOR VEHICLE THEFT'})",frozenset({'LOCATION=STREET'}),0.017491829076383004,0.2777638473377488,0.012597921386203676,0.7202174987642116,2.592913029061188,1.0,0.007739323644973232,2.5814200297451135,0.6252705063162853,0.044569523255991804,0.6126163164160702,0.3827861451392382,2,1
"frozenset({'ARREST=N', 'DAY=Friday', 'DOMESTIC=Y'})",frozenset({'CRIME=BATTERY'}),0.022152281806076746,0.18293790098051083,0.010505473221851384,0.4742388758782201,2.592348951947048,1.0,0.006452981286318945,1.554055751809897,0.6281647455824233,0.05398920215956809,0.35652244210970424,0.26583266020071944,3,1
"frozenset({'LOCATION=STREET', 'DOMESTIC=Y'})",frozenset({'CRIME=BATTERY'}),0.022908848807650404,0.18293790098051083,0.01084700918256178,0.47348556331383285,2.5882310924966574,1.0,0.006656112467810336,1.5518322805391662,0.6280230208632391,0.05562576211063076,0.3556004649854547,0.2663894790455493,2,1
"frozenset({'DAY=Monday', 'DOMESTIC=Y'})",frozenset({'LOCATION=APARTMENT'}),0.02698134089612119,0.19613675272796444,0.013665761668424785,0.506489344656305,2.582327573041805,1.0,0.008373729080813349,1.6288670539690822,0.6297437919807766,0.06524521136063409,0.3860763543818469,0.2880820026049996,2,1
"frozenset({'DAY=Monday', 'CRIME=BATTERY'})","frozenset({'ARREST=N', 'DOMESTIC=Y'})",0.025221782212461307,0.16030573953343594,0.010440624621716499,0.41395269112101474,2.5822699319800346,1.0,0.006397428171796628,1.4328096857449355,0.6285981824239198,0.05963110200251858,0.30207060299143107,0.23954107047960121,2,2
"frozenset({'DAY=Saturday', 'LOCATION=APARTMENT'})","frozenset({'ARREST=N', 'DOMESTIC=Y'})",0.02881007141992495,0.16030573953343594,0.011914849464782887,0.4135654261704682,2.579854142304171,1.0,0.007296429659800712,1.4318634984005074,0.6305472998800438,0.06723919195862203,0.3016094054237219,0.2439456041316203,2,2
"frozenset({'LOCATION=RESIDENCE', 'DOMESTIC=Y'})",frozenset({'CRIME=BATTERY'}),0.048684005741262734,0.18293790098051083,0.022943434727722343,0.4712725335227777,2.576133928490764,1.0,0.0140372849060926,1.5453369662510021,0.6431316488650969,0.10994634237295157,0.3528919440618788,0.2983445262438419,2,1
"frozenset({'DOMESTIC=Y', 'TIME=Morning'})",frozenset({'LOCATION=APARTMENT'}),0.04124803292579591,0.19613675272796444,0.0207688450031992,0.5035111623519547,2.567143359665534,1.0,0.01267858976871743,1.6190963145920394,0.6367256372138776,0.09587865482486779,0.3823715173782185,0.3047003880883385,2,1
"frozenset({'LOCATION=RESIDENCE', 'TIME=Evening'})","frozenset({'ARREST=N', 'DOMESTIC=Y'})",0.029000293980320613,0.16030573953343594,0.01191917270479188,0.41100178890876565,2.563861968417173,1.0,0.007270259131589534,1.4256312577093675,0.6281808307260303,0.0671930979015866,0.2985563450630639,0.24267726985891358,2,2
"frozenset({'CRIME=BATTERY', 'ARREST=N', 'DOMESTIC=Y'})",frozenset({'LOCATION=APARTMENT'}),0.07672886367959604,0.19613675272796444,0.03851142200010376,0.5019157088122606,2.559008966098271,1.0,0.02346207183748114,1.6139100579846253,0.6598535334832696,0.1643299881936246,0.3803867848442851,0.3491327794634394,3,1
"frozenset({'DAY=Monday', 'ARREST=N', 'DOMESTIC=Y'})",frozenset({'LOCATION=APARTMENT'}),0.022614868487038926,0.19613675272796444,0.011344181783595898,0.5016249283119862,2.557526426511835,1.0,0.006908574915178109,1.612968410617575,0.6230882565696104,0.05469515372589891,0.3800250560287669,0.27973152604983903,3,1
"frozenset({'ARREST=N', 'TIME=Night', 'LOCATION=APARTMENT'})",frozenset({'DOMESTIC=Y'}),0.035917477994708354,0.19174001763881923,0.01759126359658983,0.4897688974482427,2.5543384395156394,1.0,0.010704445732342548,1.5841056696052584,0.631179578283577,0.08374151059888867,0.36872898116121955,0.2907571460702917,3,1
"frozenset({'CRIME=BATTERY', 'DAY=Friday'})","frozenset({'ARREST=N', 'DOMESTIC=Y'})",0.025684368893423487,0.16030573953343594,0.010505473221851384,0.4090220501599057,2.551512200064387,1.0,0.0063881214719415545,1.4208554831762623,0.6241053070801881,0.05986548742332044,0.2961986550774733,0.237278015371215,2,2
frozenset({'LOCATION=SMALL RETAIL STORE'}),"frozenset({'ARREST=N', 'DOMESTIC=N', 'CRIME=THEFT'})",0.03441299047157902,0.1889428813530012,0.01657530219447663,0.4816582914572864,2.549226983351684,1.0,0.010073212618803114,1.5647151392220335,0.6293831786199284,0.08015889609031988,0.3609060365472058,0.28469240767263004,1,3
"frozenset({'DOMESTIC=Y', 'TIME=Afternoon'})","frozenset({'CRIME=BATTERY', 'ARREST=N'})",0.04980804814360074,0.14763432306707938,0.018732598958963807,0.3760958250151897,2.54748230087597,1.0,0.011379221487990813,1.3661804346054784,0.6392977376809478,0.10482134649345624,0.2680322637699192,0.2514904730510954,2,2
"frozenset({'ARREST=N', 'DOMESTIC=Y', 'TIME=Night'})",frozenset({'LOCATION=APARTMENT'}),0.03522575959326958,0.19613675272796444,0.01759126359658983,0.499386352479136,2.546113084536325,1.0,0.010682197497589991,1.6057557584634825,0.6294161288661431,0.08229012882480233,0.3772402840660643,0.29453755994614533,3,1
"frozenset({'LOCATION=RESIDENCE', 'DOMESTIC=Y'})","frozenset({'CRIME=BATTERY', 'ARREST=N'})",0.048684005741262734,0.14763432306707938,0.018274335518010616,0.3753663084983571,2.542540926121936,1.0,0.011086905286205487,1.3645848575407478,0.6377404216918973,0.10263943860330718,0.26717639106577934,0.24957369277153646,2,2
"frozenset({'ARREST=N', 'DOMESTIC=Y', 'TIME=Morning'})",frozenset({'LOCATION=APARTMENT'}),0.03556729555397997,0.19613675272796444,0.017707991076832623,0.49787285766379,2.5383965561738657,1.0,0.010731937223559224,1.6009157432357874,0.6284010470832344,0.082749146447403,0.3753575075857586,0.2940783791052154,3,1
"frozenset({'DOMESTIC=Y', 'TIME=Afternoon'})",frozenset({'CRIME=BATTERY'}),0.04980804814360074,0.18293790098051083,0.023125010808100022,0.4642826143563926,2.537924683009535,1.0,0.014013231028773474,1.5251737593654462,0.6377419568720719,0.11031822962856025,0.34433700169608644,0.2953458445762821,2,1
"frozenset({'CRIME=ASSAULT', 'ARREST=N', 'LOCATION=APARTMENT'})",frozenset({'DOMESTIC=Y'}),0.020859633043388035,0.19174001763881923,0.010103411901015097,0.48435233160621766,2.526088907108543,1.0,0.006103785493336579,1.5674656008411165,0.6170015403499262,0.04989431883686672,0.36202746684623194,0.26852280962173747,3,1
"frozenset({'CRIME=BATTERY', 'TIME=Evening', 'DOMESTIC=Y'})",frozenset({'LOCATION=APARTMENT'}),0.0306993273038546,0.19613675272796444,0.015204835111626057,0.49528235459794395,2.525188919003289,1.0,0.00918356874331508,1.592698917097858,0.6231193707842533,0.0718458898512829,0.3721349407192709,0.28640197786324634,3,1
"frozenset({'DAY=Monday', 'ARREST=N', 'DOMESTIC=Y'})",frozenset({'CRIME=BATTERY'}),0.022614868487038926,0.18293790098051083,0.010440624621716499,0.46167080864079524,2.523647675885267,1.0,0.006303508049747297,1.5177740908987742,0.6177177802637847,0.05351089051871219,0.3411404200424622,0.259371384469281,3,1
"frozenset({'CRIME=BATTERY', 'DOMESTIC=Y', 'TIME=Afternoon'})",frozenset({'LOCATION=APARTMENT'}),0.023125010808100022,0.19613675272796444,0.011391737423694814,0.49261544213871755,2.5115917098003546,1.0,0.006856072896994995,1.584327380124583,0.616093277421414,0.05480221288631921,0.3688173211262907,0.2753480137866926,3,1
"frozenset({'DOMESTIC=Y', 'DAY=Thursday'})",frozenset({'LOCATION=APARTMENT'}),0.025290954052605185,0.19613675272796444,0.01245525446590693,0.4924786324786325,2.510894188004045,1.0,0.007494768864636797,1.5839003019674667,0.6173488486696411,0.059602374992241976,0.36864713090979634,0.2779907710091981,2,1
"frozenset({'DOMESTIC=Y', 'DAY=Wednesday'})",frozenset({'LOCATION=APARTMENT'}),0.025403358292838987,0.19613675272796444,0.012463900945924915,0.49063989108236894,2.501519395311246,1.0,0.00748136874198247,1.5781825729938124,0.6158885942189825,0.05961415189925767,0.3663597500617436,0.2770934422789732,2,1
"frozenset({'CRIME=BATTERY', 'TIME=Evening', 'ARREST=N', 'DOMESTIC=Y'})",frozenset({'LOCATION=APARTMENT'}),0.02391184048973663,0.19613675272796444,0.011707333944351254,0.4896040499005604,2.4962381761241144,1.0,0.007017343198945252,1.5749796743399318,0.6140810082475794,0.05619306509514224,0.3650711712079102,0.27464684949621565,4,1
"frozenset({'ARREST=N', 'DOMESTIC=Y', 'DAY=Thursday'})",frozenset({'LOCATION=APARTMENT'}),0.021218461964134402,0.19613675272796444,0.010380099261590607,0.48920130399348005,2.494184782757095,1.0,0.006218379034063459,1.5737378610335662,0.6120542456544166,0.0501514360313316,0.36457015824526134,0.27106203446896715,3,1
frozenset({'DOMESTIC=Y'}),frozenset({'LOCATION=APARTMENT'}),0.19174001763881923,0.19613675272796444,0.09336036799418956,0.48691123086288923,2.482508882658111,1.0,0.055753103566508935,1.5667137844859398,0.738848534126924,0.3169954788327168,0.3617213240208303,0.4814537639061405,1,1
frozenset({'LOCATION=APARTMENT'}),frozenset({'DOMESTIC=Y'}),0.19613675272796444,0.19174001763881923,0.09336036799418956,0.47599629694939166,2.482508882658111,1.0,0.055753103566508935,1.542469981902244,0.7428896708334265,0.3169954788327168,0.35168916625090196,0.4814537639061405,1,1
"frozenset({'ARREST=N', 'DOMESTIC=Y', 'DAY=Wednesday'})",frozenset({'LOCATION=APARTMENT'}),0.021257371124215333,0.19613675272796444,0.010328220381482699,0.48586536505999595,2.477176553105659,1.0,0.0061588686376459045,1.5635267352992877,0.6092659965141155,0.049878904292634044,0.3604202746116895,0.2692618131947837,3,1
"frozenset({'DAY=Monday', 'LOCATION=APARTMENT'})",frozenset({'DOMESTIC=Y'}),0.028779808739862002,0.19174001763881923,0.013665761668424785,0.4748385158479796,2.4764705964637654,1.0,0.0081475206330018,1.5390694229343194,0.6138664863513114,0.0660647480510795,0.35025672974943145,0.2730554329820494,2,1
"frozenset({'DOMESTIC=Y', 'TIME=Morning'})","frozenset({'ARREST=N', 'LOCATION=APARTMENT'})",0.04124803292579591,0.17362131876113235,0.017707991076832623,0.42930510428676244,2.4726520184851206,1.0,0.010546453203953329,1.4480218544903647,0.6211991710331114,0.08981471329898039,0.30940268829578366,0.2656485680796362,2,2
"frozenset({'DOMESTIC=Y', 'DAY=Saturday'})",frozenset({'LOCATION=APARTMENT'}),0.029990315942379858,0.19613675272796444,0.014539056150241236,0.48479169669886113,2.4717024726684045,1.0,0.008656852968017149,1.5602684237062423,0.6138295015933087,0.06871398798577909,0.3590846390234494,0.27945941738487406,2,1
"frozenset({'DAY=Monday', 'LOCATION=APARTMENT'})","frozenset({'ARREST=N', 'DOMESTIC=Y'})",0.028779808739862002,0.16030573953343594,0.011344181783595898,0.3941715487456812,2.458873586765535,1.0,0.0067306132599214774,1.3860264547299568,0.6108910422681643,0.06382409456862793,0.2785130495977204,0.2324687301441459,2,2
"frozenset({'ARREST=N', 'DOMESTIC=Y', 'TIME=Morning'})",frozenset({'CRIME=BATTERY'}),0.03556729555397997,0.18293790098051083,0.01598301831324468,0.4493740123982011,2.4564292581780243,1.0,0.009476411921046127,1.483878562612216,0.6147707614004123,0.07891984203223397,0.32609040578118287,0.26837127891563134,3,1
"frozenset({'DOMESTIC=Y', 'CRIME=ASSAULT'})",frozenset({'LOCATION=APARTMENT'}),0.0251699033323534,0.19613675272796444,0.012126688225223512,0.4817931982136723,2.456414677579089,1.0,0.007189945119138945,1.5512402471388103,0.6082112294801123,0.05797251214219283,0.3553545288394542,0.271810459096256,2,1
"frozenset({'ARREST=N', 'DOMESTIC=Y'})",frozenset({'LOCATION=APARTMENT'}),0.16030573953343594,0.19613675272796444,0.07718712712054922,0.48149946062567417,2.4549170613296476,1.0,0.04574527992480622,1.5503614484992756,0.7057976822616334,0.2764033811189894,0.3549891214284363,0.4375183778176863,2,1
frozenset({'LOCATION=APARTMENT'}),"frozenset({'ARREST=N', 'DOMESTIC=Y'})",0.19613675272796444,0.16030573953343594,0.07718712712054922,0.3935372950096985,2.4549170613296476,1.0,0.04574527992480622,1.384576913892821,0.7372575681957219,0.2764033811189894,0.27775771070135785,0.4375183778176863,1,2
"frozenset({'DAY=Tuesday', 'DOMESTIC=Y'})",frozenset({'LOCATION=APARTMENT'}),0.02508343853217355,0.19613675272796444,0.012074809345115603,0.4813857290589452,2.454337202811817,1.0,0.007155025164163584,1.550021455856547,0.6078038339805011,0.05773404717117639,0.3548476401912795,0.2714744727114511,2,1
"frozenset({'LOCATION=RESIDENCE', 'ARREST=N', 'TIME=Evening'})",frozenset({'DOMESTIC=Y'}),0.025329863212686116,0.19174001763881923,0.01191917270479188,0.47055811571940603,2.4541466174567512,1.0,0.007062424285602565,1.5266264463746482,0.6079250406603665,0.05809959328177354,0.3449609088230147,0.26636065692173094,3,1
"frozenset({'DAY=Saturday', 'ARREST=N', 'LOCATION=APARTMENT'})",frozenset({'DOMESTIC=Y'}),0.02532121673266813,0.19174001763881923,0.011914849464782887,0.47054806214785727,2.4540941841062565,1.0,0.007059758921824735,1.5265974578166515,0.607910715575892,0.058079743741043584,0.34494847028619724,0.2663443564329961,3,1
"frozenset({'DOMESTIC=Y', 'DAY=Sunday'})",frozenset({'LOCATION=APARTMENT'}),0.03262316910785619,0.19613675272796444,0.01567174503259723,0.48038695997879677,2.4492449951237774,1.0,0.009273142580087074,1.5470420974023924,0.6116653772219192,0.07354582158290898,0.353605178760759,0.2801445468206451,2,1
"frozenset({'TIME=Evening', 'DOMESTIC=Y'})",frozenset({'LOCATION=APARTMENT'}),0.056816020198177324,0.19613675272796444,0.02724505853666972,0.4795312737787247,2.4448822931407435,1.0,0.016101348832072784,1.5444986543346624,0.6265822647260937,0.12070946981305547,0.3525407113865185,0.3092198777639876,2,1
"frozenset({'ARREST=N', 'DOMESTIC=Y', 'DAY=Sunday'})",frozenset({'LOCATION=APARTMENT'}),0.026985664136130183,0.19613675272796444,0.012913517906860118,0.4785325216276834,2.4397901717654777,1.0,0.0076206373729920535,1.541540519039031,0.6064953677643242,0.06143183267178085,0.35129827101568356,0.272185939882789,3,1
"frozenset({'TIME=Evening', 'ARREST=N', 'DOMESTIC=Y'})",frozenset({'LOCATION=APARTMENT'}),0.046613173776955404,0.19613675272796444,0.022281979006346517,0.4780189204229271,2.4371715844909723,1.0,0.01313942246739018,1.540023726383633,0.6185194617289088,0.10106675033335949,0.35065935487354216,0.29581161150753127,3,1
"frozenset({'ARREST=N', 'DOMESTIC=Y', 'DAY=Saturday'})",frozenset({'LOCATION=APARTMENT'}),0.024958064571912773,0.19613675272796444,0.011914849464782887,0.47739476875108267,2.4339893574827065,1.0,0.007019655725273063,1.5381844635404247,0.6042323296230673,0.0569598015914023,0.34988291475892996,0.2690712161512423,3,1
"frozenset({'LOCATION=SMALL RETAIL STORE', 'DOMESTIC=N'})","frozenset({'ARREST=N', 'CRIME=THEFT'})",0.03409739395092258,0.20035191173673197,0.01657530219447663,0.48611639406618484,2.426312730696353,1.0,0.00974382413116881,1.5560879526603488,0.6086037777659123,0.0760774664655925,0.3573628031176767,0.28442366754643855,2,2
"frozenset({'ARREST=N', 'CRIME=OTHER OFFENSE'})",frozenset({'LOCATION=RESIDENCE'}),0.05609836235668459,0.11572448856070694,0.01574956335275909,0.28074907521578296,2.4260126677380573,1.0,0.00925760905993855,1.2294395196010144,0.6227354363595051,0.10091133209606382,0.18662123345073006,0.20842220646622978,2,1
"frozenset({'DAY=Monday', 'DOMESTIC=Y'})","frozenset({'ARREST=N', 'LOCATION=APARTMENT'})",0.02698134089612119,0.17362131876113235,0.011344181783595898,0.42044544143566737,2.4216233607470454,1.0,0.006659645795267665,1.4258859136333348,0.6033325902844974,0.059940151220960775,0.29868161930860565,0.24289204342699702,2,2
"frozenset({'ARREST=N', 'DOMESTIC=Y', 'CRIME=ASSAULT'})",frozenset({'LOCATION=APARTMENT'}),0.02130492676431425,0.19613675272796444,0.010103411901015097,0.47422889610389607,2.4178482079880093,1.0,0.005924732748355402,1.5289224556374337,0.5991744750959862,0.048729122792385164,0.34594459234161556,0.2628704875511545,3,1
"frozenset({'LOCATION=RESIDENCE', 'ARREST=N', 'DOMESTIC=Y'})",frozenset({'CRIME=BATTERY'}),0.04134314420599374,0.18293790098051083,0.018274335518010616,0.4420161037331381,2.4162084585207304,1.0,0.010711107497031552,1.4643112542959846,0.611405865992179,0.08870747728274327,0.3170850821051822,0.27095487923275124,3,1
"frozenset({'DAY=Friday', 'DOMESTIC=Y'})",frozenset({'LOCATION=APARTMENT'}),0.026367440814844278,0.19613675272796444,0.012489840385978867,0.47368421052631576,2.4150711375511604,1.0,0.007318216166808518,1.5273401698168672,0.601801487112465,0.05947136563876652,0.34526700746703803,0.2686817279046673,2,1
frozenset({'LOCATION=SMALL RETAIL STORE'}),"frozenset({'ARREST=N', 'CRIME=THEFT'})",0.03441299047157902,0.20035191173673197,0.016588271914503606,0.482035175879397,2.405942482409675,1.0,0.009693563484944809,1.5438270149346627,0.6051888233505388,0.07603138746879087,0.3522590352894415,0.28241542580086415,1,2
"frozenset({'ARREST=N', 'DOMESTIC=Y', 'CRIME=OTHER OFFENSE'})",frozenset({'LOCATION=APARTMENT'}),0.022273332526328533,0.19613675272796444,0.010488180261815415,0.47088509316770183,2.4007998838484124,1.0,0.006119561147671188,1.5192602530981387,0.5967640805964766,0.05044288268806919,0.34178492594619114,0.26217945365491424,3,1
"frozenset({'TIME=Morning', 'LOCATION=APARTMENT'})","frozenset({'ARREST=N', 'DOMESTIC=Y'})",0.04618517301606516,0.16030573953343594,0.017707991076832623,0.38341289899840875,2.39176027080701,1.0,0.010304242761012609,1.3618420805471845,0.6100742829320114,0.09380081068083451,0.2657004697650387,0.24693838045929067,2,2
"frozenset({'DOMESTIC=Y', 'CRIME=OTHER OFFENSE'})","frozenset({'ARREST=N', 'LOCATION=APARTMENT'})",0.0252823075725872,0.17362131876113235,0.010488180261815415,0.4148426812585499,2.389353359475913,1.0,0.006098632679738262,1.4122333512229392,0.5965591131119019,0.055665182873663434,0.29190172492808014,0.23762552389620722,2,2
"frozenset({'ARREST=N', 'DOMESTIC=Y', 'TIME=Afternoon'})",frozenset({'CRIME=BATTERY'}),0.04289951060923098,0.18293790098051083,0.018732598958963807,0.4366622997077497,2.3869427678317425,1.0,0.010884652535019936,1.45039484947592,0.6070982710074261,0.0904498486588039,0.31053257644886406,0.26953048814998737,3,1
"frozenset({'ARREST=N', 'DAY=Friday', 'DOMESTIC=Y'})",frozenset({'LOCATION=APARTMENT'}),0.022152281806076746,0.19613675272796444,0.010362806301554638,0.4677985948477752,2.3850634230525745,1.0,0.006017929682595977,1.510449313906091,0.5938797289630112,0.04983886058841876,0.33794534461142944,0.26031659596030093,3,1
"frozenset({'DAY=Tuesday', 'LOCATION=APARTMENT'})",frozenset({'DOMESTIC=Y'}),0.026609542255347847,0.19174001763881923,0.012074809345115603,0.45377741673436234,2.3666286376855514,1.0,0.0069726952437143015,1.479726410301329,0.5932439490098478,0.05853750550164526,0.3241993972410334,0.2583761607357862,2,1
"frozenset({'DOMESTIC=Y', 'DAY=Thursday'})","frozenset({'ARREST=N', 'LOCATION=APARTMENT'})",0.025290954052605185,0.17362131876113235,0.010380099261590607,0.41042735042735046,2.3639225491197604,1.0,0.00598905046625009,1.401657084733945,0.5919451539190738,0.055057442271090835,0.28655873758893413,0.2351066035005278,2,2
"frozenset({'DAY=Thursday', 'LOCATION=APARTMENT'})",frozenset({'DOMESTIC=Y'}),0.027526069137254222,0.19174001763881923,0.01245525446590693,0.45248939846081365,2.359911113146804,1.0,0.007177405484002448,1.4762453550469417,0.5925662460070655,0.0602253485795514,0.32260582796671894,0.25872423745953355,2,1
"frozenset({'DOMESTIC=Y', 'TIME=Afternoon'})",frozenset({'LOCATION=APARTMENT'}),0.04980804814360074,0.19613675272796444,0.023025576287893198,0.4622862598732748,2.3569588740691114,1.0,0.01325638746528923,1.4949650479130139,0.6059033214011228,0.10329111960126447,0.3310880402214018,0.28984089047269807,2,1
"frozenset({'CRIME=BATTERY', 'TIME=Afternoon'})","frozenset({'DOMESTIC=Y', 'LOCATION=APARTMENT'})",0.05177944558770125,0.09336036799418956,0.011391737423694814,0.22000500960173666,2.356513950495879,1.0,0.006557589329091911,1.1623659679440796,0.6070785443577229,0.08517309370656495,0.13968575510797376,0.17101199773904846,2,2
"frozenset({'ARREST=N', 'DOMESTIC=Y', 'TIME=Afternoon'})",frozenset({'LOCATION=RESIDENCE'}),0.04289951060923098,0.11572448856070694,0.01169868746433327,0.2726997883704525,2.35645706247731,1.0,0.006734163539575394,1.2158328807000285,0.6014353934323395,0.079623363248492,0.17751854233104833,0.18689532156119756,3,1
"frozenset({'TIME=Morning', 'LOCATION=APARTMENT'})","frozenset({'CRIME=BATTERY', 'DOMESTIC=Y'})",0.04618517301606516,0.09777439604337074,0.010635170422121155,0.2302723953945521,2.355140043947783,1.0,0.006119443024316801,1.172136218784953,0.6032583928694812,0.07976912351243555,0.14685683799054616,0.16952247290067188,2,2
"frozenset({'DAY=Thursday', 'LOCATION=APARTMENT'})","frozenset({'ARREST=N', 'DOMESTIC=Y'})",0.027526069137254222,0.16030573953343594,0.010380099261590607,0.3771006753573112,2.3523841158454406,1.0,0.005967512392094582,1.3480416934923383,0.5911719983971881,0.05849534668420797,0.25818318170165444,0.2209262815837257,2,2
"frozenset({'TIME=Morning', 'LOCATION=APARTMENT'})",frozenset({'DOMESTIC=Y'}),0.04618517301606516,0.19174001763881923,0.0207688450031992,0.4496864176729383,2.3452924601269873,1.0,0.011913299114446947,1.4687262105059524,0.6013892096529568,0.09564005574357955,0.3191379081772387,0.27900207785858816,2,1
"frozenset({'DOMESTIC=Y', 'DAY=Wednesday'})","frozenset({'ARREST=N', 'LOCATION=APARTMENT'})",0.025403358292838987,0.17362131876113235,0.010328220381482699,0.406569094622192,2.3417003022626988,1.0,0.005917655813718446,1.392544058204642,0.5878943617501409,0.054734575113982636,0.281889866171082,0.23302807320751034,2,2
"frozenset({'ARREST=N', 'DOMESTIC=Y', 'TIME=Afternoon'})",frozenset({'LOCATION=APARTMENT'}),0.04289951060923098,0.19613675272796444,0.01960589344078026,0.45701904665927645,2.33010407434015,1.0,0.011191722736266835,1.4804630665702319,0.5964207797861908,0.08934904247773663,0.32453566550857227,0.27848968555852205,3,1
"frozenset({'CRIME=BATTERY', 'TIME=Afternoon'})",frozenset({'DOMESTIC=Y'}),0.05177944558770125,0.19174001763881923,0.023125010808100022,0.4466059948234115,2.329226837063734,1.0,0.013196818997785903,1.4605506651689595,0.601835706453769,0.10492555758253398,0.3153267299465313,0.2836060345472833,2,1
"frozenset({'DOMESTIC=Y', 'CRIME=OTHER OFFENSE'})",frozenset({'LOCATION=APARTMENT'}),0.0252823075725872,0.19613675272796444,0.01153440434399156,0.45622435020519836,2.326052327571505,1.0,0.006575614635234682,1.4782994559895797,0.5848740226710915,0.054955919914311605,0.3235470689322579,0.25751616029039676,2,1
"frozenset({'DAY=Wednesday', 'LOCATION=APARTMENT'})",frozenset({'DOMESTIC=Y'}),0.027988655818216406,0.19174001763881923,0.012463900945924915,0.4453197405004634,2.3225185122247796,1.0,0.007097355585653261,1.457163777723833,0.5858295064763563,0.06013516332234784,0.3137353430771846,0.2551619558852794,2,1
"frozenset({'DAY=Friday', 'LOCATION=APARTMENT'})",frozenset({'DOMESTIC=Y'}),0.028083767098414234,0.19174001763881923,0.012489840385978867,0.44473522167487683,2.3194700154488603,1.0,0.007105058387164431,1.4556298434760826,0.5853045862090179,0.06024021018391092,0.31301216138027677,0.2549373386902489,2,1
"frozenset({'ARREST=N', 'LOCATION=APARTMENT'})",frozenset({'DOMESTIC=Y'}),0.17362131876113235,0.19174001763881923,0.07718712712054922,0.4445717131474103,2.3186172538319583,1.0,0.04389697239881465,1.4552013311048604,0.6881935310429859,0.26784883808152177,0.3128098644324694,0.423566549230015,2,1
frozenset({'DOMESTIC=Y'}),"frozenset({'ARREST=N', 'LOCATION=APARTMENT'})",0.19174001763881923,0.17362131876113235,0.07718712712054922,0.40256138531261976,2.3186172538319583,1.0,0.04389697239881465,1.3832026603624945,0.7036207099589993,0.26784883808152177,0.2770401412198477,0.423566549230015,1,2
"frozenset({'DOMESTIC=Y', 'CRIME=ASSAULT'})","frozenset({'ARREST=N', 'LOCATION=APARTMENT'})",0.0251699033323534,0.17362131876113235,0.010103411901015097,0.4014084507042254,2.3119767409236296,1.0,0.00573338009136168,1.38053850277552,0.5821216425931294,0.05354565242295796,0.2756449762251918,0.2298003408899613,2,2
frozenset({'CRIME=DECEPTIVE PRACTICE'}),"frozenset({'ARREST=N', 'DOMESTIC=N', 'LOCATION=APARTMENT'})",0.0579573555605513,0.09643419164058312,0.012913517906860118,0.22281068178427568,2.3104946284478274,1.0,0.007324447173752498,1.1626070857919515,0.6020876500146479,0.09127578304048894,0.1398641792047791,0.17836042024298515,1,3
"frozenset({'DOMESTIC=Y', 'TIME=Afternoon'})",frozenset({'LOCATION=RESIDENCE'}),0.04980804814360074,0.11572448856070694,0.013315579227696404,0.2673379046957729,2.3101238814767573,1.0,0.0075515683300711395,1.2069349801317493,0.5968507526088275,0.08747763355960124,0.17145495286677342,0.19120033310102452,2,1
"frozenset({'DOMESTIC=Y', 'TIME=Night'})","frozenset({'ARREST=N', 'LOCATION=APARTMENT'})",0.043867916371245264,0.17362131876113235,0.01759126359658983,0.40100522321868537,2.3096542871580596,1.0,0.00997485810491116,1.3796091606664675,0.5930506669127789,0.08800121112504866,0.27515703105587125,0.25116247216711163,2,2
"frozenset({'DAY=Monday', 'ARREST=N', 'LOCATION=APARTMENT'})",frozenset({'DOMESTIC=Y'}),0.025641136493333563,0.19174001763881923,0.011344181783595898,0.44242117686730736,2.307401356876353,1.0,0.006427749820084749,1.449588737642626,0.5815229346205497,0.05505896176927273,0.3101491657376997,0.2507927850019385,3,1
"frozenset({'DAY=Wednesday', 'LOCATION=APARTMENT'})","frozenset({'ARREST=N', 'DOMESTIC=Y'})",0.027988655818216406,0.16030573953343594,0.010328220381482699,0.36901451961692927,2.3019420308401477,1.0,0.005841478211996713,1.3307663750943783,0.5818699530156686,0.05803473824851209,0.2485533007782229,0.21672139141580013,2,2
"frozenset({'DAY=Friday', 'LOCATION=APARTMENT'})","frozenset({'ARREST=N', 'DOMESTIC=Y'})",0.028083767098414234,0.16030573953343594,0.010362806301554638,0.36899630541871925,2.3018284092177215,1.0,0.005860817247958568,1.3307279619396928,0.5819048315313808,0.05820928142985503,0.2485316093137607,0.21682015918185155,2,2
"frozenset({'DOMESTIC=Y', 'DAY=Saturday'})","frozenset({'ARREST=N', 'LOCATION=APARTMENT'})",0.029990315942379858,0.17362131876113235,0.011914849464782887,0.39728989476719045,2.2882552534564065,1.0,0.006707891260803885,1.3711047385204556,0.5803919551421478,0.06215466498274735,0.2706611158830293,0.2329576963875793,2,2
"frozenset({'DOMESTIC=Y', 'DAY=Sunday'})","frozenset({'ARREST=N', 'LOCATION=APARTMENT'})",0.03262316910785619,0.17362131876113235,0.012913517906860118,0.3958388550225285,2.279897755915115,1.0,0.007249440264186693,1.367811697439898,0.5803155725740656,0.06679487466177689,0.2689052141667767,0.23510817253118457,2,2
"frozenset({'LOCATION=STREET', 'ARREST=N', 'TIME=Night'})","frozenset({'CRIME=CRIMINAL DAMAGE', 'DOMESTIC=N'})",0.059613156483995365,0.09622667612015148,0.013064831307174849,0.21916020015954746,2.2775410000226706,1.0,0.007328455405689519,1.1574375743456145,0.5964885321001755,0.09150643451930354,0.13602251891176562,0.1774658040963071,3,2
"frozenset({'CRIME=BATTERY', 'ARREST=N', 'TIME=Afternoon'})",frozenset({'DOMESTIC=Y'}),0.04306379372957269,0.19174001763881923,0.018732598958963807,0.43499648629655663,2.268678660059163,1.0,0.010475546389661066,1.4305397449004482,0.5843804280347162,0.08669641249324718,0.3009631479553262,0.26634719807601387,3,1
"frozenset({'CRIME=BATTERY', 'DOMESTIC=Y'})","frozenset({'ARREST=N', 'LOCATION=APARTMENT'})",0.09777439604337074,0.17362131876113235,0.03851142200010376,0.3938804386275204,2.268617940688608,1.0,0.021535702417980494,1.3633921983439037,0.6198039490238304,0.16536719388133958,0.26653533648301053,0.30784659381575225,2,2
"frozenset({'ARREST=N', 'LOCATION=APARTMENT'})","frozenset({'CRIME=BATTERY', 'DOMESTIC=Y'})",0.17362131876113235,0.09777439604337074,0.03851142200010376,0.22181274900398407,2.268617940688608,1.0,0.021535702417980494,1.159393966942859,0.6766909710260177,0.16536719388133958,0.13748041777650102,0.30784659381575225,2,2
"frozenset({'DOMESTIC=Y', 'TIME=Afternoon'})","frozenset({'ARREST=N', 'LOCATION=APARTMENT'})",0.04980804814360074,0.17362131876113235,0.01960589344078026,0.3936290252582241,2.2671698848214463,1.0,0.010958154437170327,1.362826909039936,0.588219518477469,0.09619055699317015,0.2662311014210418,0.25327616601556624,2,2
frozenset({'LOCATION=SIDEWALK'}),"frozenset({'DOMESTIC=N', 'ARREST=Y'})",0.049336814982620575,0.12264167257509467,0.013700347588496723,0.2776901507185419,2.264239755442911,1.0,0.007649598079500146,1.2146564639782869,0.5873275266888551,0.08655868454835978,0.1767219541854957,0.19470026430456144,1,2
"frozenset({'DAY=Friday', 'DOMESTIC=Y'})","frozenset({'ARREST=N', 'LOCATION=APARTMENT'})",0.026367440814844278,0.17362131876113235,0.010362806301554638,0.3930152484013773,2.2636347379787294,1.0,0.005784856454925268,1.3614488322193015,0.573350397128817,0.05464867083124345,0.265488370672075,0.2263507516907285,2,2
"frozenset({'TIME=Evening', 'DOMESTIC=Y'})","frozenset({'ARREST=N', 'LOCATION=APARTMENT'})",0.056816020198177324,0.17362131876113235,0.022281979006346517,0.39217775072287325,2.258811034965298,1.0,0.012417506652779839,1.359572938012168,0.5908595033339116,0.10704494475367617,0.2644749155848158,0.26025720205466374,2,2
"frozenset({'CRIME=BATTERY', 'TIME=Afternoon'})","frozenset({'ARREST=N', 'DOMESTIC=Y'})",0.05177944558770125,0.16030573953343594,0.018732598958963807,0.36177673874926947,2.256792176014456,1.0,0.010432056641396053,1.3156747982218782,0.587303427888282,0.09688310526786513,0.23993375767971675,0.23931609321497993,2,2
"frozenset({'DOMESTIC=Y', 'TIME=Afternoon'})","frozenset({'LOCATION=RESIDENCE', 'ARREST=N'})",0.04980804814360074,0.10464834765766856,0.01169868746433327,0.23487544483985764,2.244425737214649,1.0,0.006486357526051847,1.1702037874799776,0.5835155000619746,0.08194785136731172,0.1454479888896186,0.17333295500689072,2,2
"frozenset({'LOCATION=RESIDENCE', 'TIME=Night'})",frozenset({'DOMESTIC=Y'}),0.024024244729970428,0.19174001763881923,0.01027634150137479,0.4277487853158179,2.23087903393004,1.0,0.00566993239309095,1.412421610685875,0.5653277747402632,0.05000946750541752,0.29199610623743,0.2406719845949566,2,1
"frozenset({'ARREST=N', 'TIME=Morning', 'LOCATION=APARTMENT'})",frozenset({'DOMESTIC=Y'}),0.04141663928614661,0.19174001763881923,0.017707991076832623,0.42755741127348645,2.229880942635963,1.0,0.009766763929566259,1.4119494221407936,0.5753756916906638,0.08219123106250628,0.2917593333592623,0.2599557929628464,3,1
frozenset({'LOCATION=RESIDENCE'}),"frozenset({'ARREST=N', 'DOMESTIC=Y'})",0.11572448856070694,0.16030573953343594,0.04134314420599374,0.3572549312612074,2.2285847799397884,1.0,0.022791844485140968,1.3064188296523678,0.6234309696502384,0.17616284424795062,0.23454869349510554,0.3075783825669575,1,2
"frozenset({'ARREST=N', 'DOMESTIC=Y'})",frozenset({'LOCATION=RESIDENCE'}),0.16030573953343594,0.11572448856070694,0.04134314420599374,0.25790183387270765,2.2285847799397884,1.0,0.022791844485140968,1.191588325913762,0.6565303176280441,0.17616284424795062,0.16078399036583682,0.3075783825669575,2,1
"frozenset({'ARREST=N', 'CRIME=DECEPTIVE PRACTICE'})","frozenset({'DOMESTIC=N', 'LOCATION=APARTMENT'})",0.056400989157314056,0.10277638473377489,0.012913517906860118,0.22895906791353673,2.2277400446281224,1.0,0.007116828145862542,1.1636523794376352,0.584055923280356,0.08828919366280445,0.14063682791309587,0.1773029050079609,2,2
frozenset({'CRIME=OTHER OFFENSE'}),"frozenset({'LOCATION=RESIDENCE', 'ARREST=N'})",0.06777543362097291,0.10464834765766856,0.01574956335275909,0.23237864387319,2.2205667750565907,1.0,0.00865697621254228,1.1663975281511325,0.589626729286121,0.10052428256070639,0.1426593628116572,0.1914392599684879,1,2
"frozenset({'TIME=Evening', 'DOMESTIC=Y'})",frozenset({'LOCATION=RESIDENCE'}),0.056816020198177324,0.11572448856070694,0.014595258270358137,0.2568863186729569,2.219809496398846,1.0,0.00802025339086927,1.1899599397230378,0.5826126225114986,0.09240707286363385,0.15963557543563273,0.1915035299282298,2,1
"frozenset({'TIME=Evening', 'ARREST=N', 'DOMESTIC=Y'})",frozenset({'LOCATION=RESIDENCE'}),0.046613173776955404,0.11572448856070694,0.01191917270479188,0.2557039510294936,2.2095924052872875,1.0,0.006524887009262359,1.1880696030328297,0.5741927918171547,0.07924007702698818,0.158298472204606,0.1793500328966954,3,1
"frozenset({'ARREST=N', 'DAY=Thursday', 'LOCATION=APARTMENT'})",frozenset({'DOMESTIC=Y'}),0.024512770850986562,0.19174001763881923,0.010380099261590607,0.4234567901234568,2.2084945820810478,1.0,0.00568002014624611,1.4019070357870589,0.5609533958480466,0.050419991600168,0.28668593960042443,0.23879655586982745,3,1
"frozenset({'DOMESTIC=Y', 'TIME=Morning'})",frozenset({'LOCATION=RESIDENCE'}),0.04124803292579591,0.11572448856070694,0.0104968267418334,0.2544806624043601,2.199021707241024,1.0,0.005723419227360468,1.1861201538931947,0.5687105191492186,0.07166258374900386,0.15691509269300738,0.17259299109458892,2,1
"frozenset({'CRIME=BATTERY', 'TIME=Evening', 'DOMESTIC=Y'})","frozenset({'ARREST=N', 'LOCATION=APARTMENT'})",0.0306993273038546,0.17362131876113235,0.011707333944351254,0.3813547387691874,2.196474151275478,1.0,0.006377276252776381,1.3357876201860228,0.5619772174688827,0.060781541085897686,0.2513779998494528,0.22439250882682477,3,2
frozenset({'LOCATION=RESIDENCE'}),frozenset({'DOMESTIC=Y'}),0.11572448856070694,0.19174001763881923,0.048684005741262734,0.42068888224745965,2.1940588481634102,1.0,0.026494990263389452,1.3952088223282446,0.6154458693092604,0.18812857095125132,0.28326141291791906,0.337297610161632,1,1
frozenset({'DOMESTIC=Y'}),frozenset({'LOCATION=RESIDENCE'}),0.19174001763881923,0.11572448856070694,0.048684005741262734,0.25390633807580437,2.19405884816341,1.0,0.026494990263389452,1.1852071081246325,0.6733275464867116,0.18812857095125132,0.15626560696019437,0.337297610161632,1,1
frozenset({'CRIME=DECEPTIVE PRACTICE'}),"frozenset({'DOMESTIC=N', 'LOCATION=APARTMENT'})",0.0579573555605513,0.10277638473377489,0.012978366506995003,0.2239295837684619,2.1788038599383914,1.0,0.007021719033751595,1.1561110905669947,0.5743185586102673,0.0878368493431255,0.1350312196126696,0.17510364688780644,1,2
"frozenset({'ARREST=N', 'DAY=Friday', 'LOCATION=APARTMENT'})",frozenset({'DOMESTIC=Y'}),0.024884569491759906,0.19174001763881923,0.010362806301554638,0.41643502432244617,2.1718732972419197,1.0,0.0055914385082701705,1.3850385407773018,0.5533375510857206,0.050241039614336624,0.27799843068714397,0.23524057815748023,3,1
"frozenset({'ARREST=N', 'DAY=Wednesday', 'LOCATION=APARTMENT'})",frozenset({'DOMESTIC=Y'}),0.02483701385166099,0.19174001763881923,0.010328220381482699,0.41583986074847695,2.1687692838945845,1.0,0.005565970907469623,1.3836274131898045,0.5526347971339217,0.05007650868845243,0.277262079034263,0.2348528067468118,3,1
frozenset({'CRIME=OTHER OFFENSE'}),frozenset({'LOCATION=RESIDENCE'}),0.06777543362097291,0.11572448856070694,0.01689089871513307,0.24921860049754413,2.15355110743746,1.0,0.009047621322365838,1.1778068982866436,0.5745940364092377,0.10138045565415953,0.15096438859824943,0.19758823031452222,1,1
"frozenset({'LOCATION=STREET', 'ARREST=N', 'DOMESTIC=N', 'TIME=Night'})",frozenset({'CRIME=CRIMINAL DAMAGE'}),0.05494405727428364,0.11144015771179552,0.013064831307174849,0.2377842473837438,2.133739329395935,1.0,0.006941856899202754,1.165758958980158,0.5622304110513481,0.08521317392285134,0.1421897363115005,0.1775102716532328,4,1
"frozenset({'TIME=Afternoon', 'LOCATION=APARTMENT'})","frozenset({'ARREST=N', 'DOMESTIC=Y'})",0.057343455479274386,0.16030573953343594,0.01960589344078026,0.3419028950542823,2.132817552567851,1.0,0.01041340840277252,1.2759427965206216,0.5634466179074707,0.09899801349079876,0.2162658053896242,0.2321030117126859,2,2
"frozenset({'LOCATION=STREET', 'ARREST=N', 'TIME=Night'})",frozenset({'CRIME=CRIMINAL DAMAGE'}),0.059613156483995365,0.11144015771179552,0.014020267349162155,0.23518746827181086,2.1104373243983408,1.0,0.007376967788887766,1.1618008406326619,0.559519268877915,0.08928227294001045,0.1392672779824748,0.18049864937041682,3,1
"frozenset({'LOCATION=STREET', 'CRIME=CRIMINAL DAMAGE'})","frozenset({'ARREST=N', 'DOMESTIC=N', 'TIME=Night'})",0.04506545385373614,0.1380367302471164,0.013064831307174849,0.2899079048349962,2.1002229212181183,1.0,0.0068441434101028,1.2138753207111672,0.548582172031902,0.07683506648699498,0.17619216492997403,0.1922777019868551,2,3
"frozenset({'TIME=Afternoon', 'LOCATION=APARTMENT'})",frozenset({'DOMESTIC=Y'}),0.057343455479274386,0.19174001763881923,0.023025576287893198,0.4015379975874548,2.09417941299991,1.0,0.012030541122826283,1.3505619055226383,0.5542697363228607,0.10185698712922411,0.25956744677096333,0.260812740761214,2,1
"frozenset({'ARREST=N', 'CRIME=OTHER OFFENSE'})",frozenset({'DOMESTIC=Y'}),0.05609836235668459,0.19174001763881923,0.022273332526328533,0.39704069050554874,2.0707241784730326,1.0,0.011517031538548956,1.3404884370039218,0.5478083095969977,0.09874460948730236,0.25400326299340203,0.2566024629051385,2,1
"frozenset({'LOCATION=RESIDENCE', 'TIME=Morning'})",frozenset({'DOMESTIC=Y'}),0.026518754215159007,0.19174001763881923,0.0104968267418334,0.39582654059341377,2.0643919066443,1.0,0.005412120340859299,1.3377945849442752,0.5296412802289203,0.050523336870799254,0.252501085552193,0.2252858210847387,2,1
"frozenset({'LOCATION=RESIDENCE', 'ARREST=N'})",frozenset({'DOMESTIC=Y'}),0.10464834765766856,0.19174001763881923,0.04134314420599374,0.39506733867636123,2.0604323684821484,1.0,0.021277868180239082,1.3361156274694217,0.5748188114244904,0.16210123063362375,0.251561781450022,0.30534409074919727,2,1
frozenset({'DOMESTIC=Y'}),"frozenset({'LOCATION=RESIDENCE', 'ARREST=N'})",0.19174001763881923,0.10464834765766856,0.04134314420599374,0.21562084282203334,2.0604323684821484,1.0,0.021277868180239082,1.1414781284648368,0.6367567166976088,0.16210123063362375,0.1239429165893081,0.30534409074919727,1,2
"frozenset({'CRIME=BATTERY', 'ARREST=N', 'DOMESTIC=Y'})",frozenset({'LOCATION=RESIDENCE'}),0.07672886367959604,0.11572448856070694,0.018274335518010616,0.2381676808654496,2.0580577527505013,1.0,0.009394927010845162,1.160721971527592,0.5568299127528313,0.10491697485666061,0.13846724320732087,0.19804005681048928,3,1
"frozenset({'LOCATION=SIDEWALK', 'DOMESTIC=N'})",frozenset({'ARREST=Y'}),0.043271309250004324,0.15407595068047797,0.013700347588496723,0.31661504645818767,2.054928397714596,1.0,0.007033279478613347,1.2378441242162421,0.5365837193910203,0.07460156783351775,0.19214384070113547,0.2027672443211559,2,1
frozenset({'CRIME=OTHER OFFENSE'}),"frozenset({'ARREST=N', 'DOMESTIC=Y'})",0.06777543362097291,0.16030573953343594,0.022273332526328533,0.3286343050328507,2.050047028817115,1.0,0.011408541517519173,1.250725598226539,0.5494451989828149,0.10822392605818718,0.200464113457064,0.2337885656771589,1,2
frozenset({'CRIME=DECEPTIVE PRACTICE'}),"frozenset({'LOCATION=RESIDENCE', 'ARREST=N'})",0.0579573555605513,0.10464834765766856,0.012351496705691113,0.2131135312546621,2.0364729689933645,1.0,0.006286355211671431,1.1378409566121241,0.5402674058403014,0.08220399942454322,0.12114255143578226,0.16557105960403104,1,2
"frozenset({'ARREST=N', 'LOCATION=SIDEWALK'})",frozenset({'CRIME=BATTERY'}),0.03438705103152507,0.18293790098051083,0.012801113666626316,0.37226552677897906,2.0349283816186245,1.0,0.00651041873000941,1.3016046336072535,0.5266936555950331,0.0625898368140695,0.23171754757156132,0.22112035644159872,2,1
"frozenset({'DAY=Sunday', 'LOCATION=APARTMENT'})",frozenset({'CRIME=BATTERY'}),0.028338838258944784,0.18293790098051083,0.010548705621941308,0.37223493516399697,2.034761157578018,1.0,0.005364458034623755,1.3015412051209605,0.5233736280841051,0.05255222916217962,0.23168010658021096,0.21494885125209184,2,1
"frozenset({'CRIME=BATTERY', 'DOMESTIC=Y'})",frozenset({'LOCATION=RESIDENCE'}),0.09777439604337074,0.11572448856070694,0.022943434727722343,0.23465688008489566,2.027720174039041,1.0,0.011628542751271256,1.1553974791559911,0.5617611641223005,0.1204029312339769,0.13449698649983888,0.21645799772326074,2,1
"frozenset({'DOMESTIC=Y', 'TIME=Night'})",frozenset({'LOCATION=RESIDENCE'}),0.043867916371245264,0.11572448856070694,0.01027634150137479,0.2342564304720607,2.024259803482943,1.0,0.005199749315088569,1.154793257988997,0.5292074954344134,0.06882274596097053,0.13404413033945153,0.16152824512246192,2,1
frozenset({'CRIME=BURGLARY'}),"frozenset({'ARREST=N', 'DOMESTIC=N', 'TIME=Night'})",0.056310201117125216,0.1380367302471164,0.01571065419267816,0.27900191938579655,2.021215069976818,1.0,0.007937778150912672,1.1955139589533925,0.5353963757031031,0.08794772507260405,0.16353967052342436,0.19640847323857774,1,3
"frozenset({'CRIME=DECEPTIVE PRACTICE', 'DOMESTIC=N'})","frozenset({'LOCATION=RESIDENCE', 'ARREST=N'})",0.05706244487868989,0.10464834765766856,0.01204886990506165,0.21115236002727478,2.017732384251379,1.0,0.006077379335199961,1.1350121455307753,0.5349178575635828,0.08050725056329078,0.11895215928957167,0.1631445514917833,2,2
"frozenset({'LOCATION=RESIDENCE', 'TIME=Afternoon'})","frozenset({'ARREST=N', 'DOMESTIC=Y'})",0.03618119563525689,0.16030573953343594,0.01169868746433327,0.3233361214004063,2.0169965363777016,1.0,0.005898634140819491,1.2409325915318161,0.5231412022870564,0.06330861193645744,0.1941544554280803,0.19815673383936172,2,2
"frozenset({'TIME=Evening', 'DOMESTIC=Y'})","frozenset({'LOCATION=RESIDENCE', 'ARREST=N'})",0.056816020198177324,0.10464834765766856,0.01191917270479188,0.20978542078831228,2.0046701690367237,1.0,0.0059734700705679,1.1330487640907965,0.5313542564685656,0.0797028128703998,0.1174254527320013,0.16184140080149317,2,2
"frozenset({'CRIME=CRIMINAL DAMAGE', 'DOMESTIC=N', 'TIME=Night'})","frozenset({'LOCATION=STREET', 'ARREST=N'})",0.02816590865858509,0.2337446175661888,0.013064831307174849,0.4638526477359939,1.984442048615926,1.0,0.006481201759369671,1.429188037949121,0.5104575185566044,0.05250173731758165,0.3003020082402902,0.2598731306077828,3,2
"frozenset({'LOCATION=STREET', 'DOMESTIC=N', 'TIME=Night'})","frozenset({'CRIME=CRIMINAL DAMAGE', 'ARREST=N'})",0.06189150396873433,0.10640358310131945,0.013064831307174849,0.21109248393405977,1.9838851078262432,1.0,0.006479353521371983,1.132701107165,0.5286579901544892,0.08416420653929704,0.11715456648323866,0.16693905847930032,3,2
"frozenset({'LOCATION=STREET', 'CRIME=MOTOR VEHICLE THEFT'})","frozenset({'TIME=Evening', 'ARREST=N', 'DOMESTIC=N'})",0.05928026700330295,0.18082815985612258,0.021257371124215333,0.3585910151691949,1.9830485221688414,1.0,0.010537829526228438,1.2771443174591073,0.5269645007284529,0.0971316818774446,0.21700313243415503,0.23807333052193458,2,3
"frozenset({'TIME=Evening', 'LOCATION=APARTMENT'})",frozenset({'CRIME=BATTERY'}),0.05074619122555208,0.18293790098051083,0.018399709478271395,0.36258306355426817,1.9820007861186497,1.0,0.009116307772713281,1.2818330551043524,0.5219461093812547,0.08546699600377533,0.21986720812205035,0.23158102722791984,2,1
frozenset({'CRIME=WEAPONS VIOLATION'}),"frozenset({'LOCATION=STREET', 'DOMESTIC=N'})",0.021447593684610994,0.2548549985300984,0.01077351410240891,0.50231808103205,1.9709956011426872,1.0,0.005307487645443226,1.497231410405906,0.5034397675223884,0.040573763819013654,0.332100573732356,0.27229559691975697,1,2
frozenset({'LOCATION=SIDEWALK'}),frozenset({'ARREST=Y'}),0.049336814982620575,0.15407595068047797,0.01494976395109551,0.3030143708377147,1.966655857059124,1.0,0.007348147279101395,1.2136893702331386,0.5170313068549173,0.0793246622164109,0.1760659485648218,0.2000214534959639,1,1
"frozenset({'ARREST=N', 'TIME=Afternoon', 'LOCATION=APARTMENT'})",frozenset({'DOMESTIC=Y'}),0.05217286042851955,0.19174001763881923,0.01960589344078026,0.3757872058336096,1.9598788529449296,1.0,0.009602268261948268,1.2948468693926365,0.5167233141973667,0.0874065222419243,0.227707906133285,0.2390198458425562,3,1
"frozenset({'CRIME=BATTERY', 'LOCATION=STREET'})",frozenset({'DOMESTIC=Y'}),0.028896536220104796,0.19174001763881923,0.01084700918256178,0.3753740275284261,1.9577239647256022,1.0,0.005306386818018107,1.293990352599313,0.5037596684133147,0.05170424102542967,0.22719671132691036,0.2159727344920433,2,1
"frozenset({'LOCATION=STREET', 'TIME=Night'})","frozenset({'ARREST=N', 'CRIME=CRIMINAL DAMAGE'})",0.06760250402061321,0.10640358310131945,0.014020267349162155,0.20739272238920506,1.9491140837966132,1.0,0.006827118694747555,1.1274138430728309,0.5222519374177316,0.08763443765875803,0.11301426167125753,0.16957885753784974,2,2
frozenset({'CRIME=OTHER OFFENSE'}),frozenset({'DOMESTIC=Y'}),0.06777543362097291,0.19174001763881923,0.0252823075725872,0.37303055431523885,1.9455018253827256,1.0,0.012287044734623232,1.289153702663163,0.5213269610258661,0.10793650793650794,0.22429730610541068,0.2524438920704737,1,1
"frozenset({'TIME=Night', 'LOCATION=APARTMENT'})",frozenset({'CRIME=BATTERY'}),0.04186193300707282,0.18293790098051083,0.014893561830978608,0.3557781679231643,1.9448029414148953,1.0,0.007235427675677943,1.2682930915046031,0.5070345326650278,0.07095339113957944,0.21153871553957707,0.2185956891843164,2,1
"frozenset({'LOCATION=STREET', 'DOMESTIC=N', 'TIME=Night'})",frozenset({'CRIME=CRIMINAL DAMAGE'}),0.06189150396873433,0.11144015771179552,0.013371781347813305,0.21605196982397318,1.9387263465897346,1.0,0.006474582384517333,1.1334422794438148,0.5161422677702047,0.08359459459459459,0.11773187030688115,0.16802132959911076,3,1
"frozenset({'TIME=Evening', 'LOCATION=APARTMENT'})","frozenset({'CRIME=BATTERY', 'ARREST=N'})",0.05074619122555208,0.14763432306707938,0.014461237830079375,0.28497188618163233,1.9302549722949724,1.0,0.00696935824026243,1.1920729555389757,0.5076974379805944,0.07862817921113253,0.16112516825963313,0.19146248705989286,2,2
"frozenset({'LOCATION=STREET', 'CRIME=CRIMINAL DAMAGE', 'ARREST=N'})","frozenset({'DOMESTIC=N', 'TIME=Night'})",0.043850623411209294,0.15446071904127828,0.013064831307174849,0.297939465641329,1.9289011956606732,1.0,0.00629163248467115,1.204368055998359,0.5036557464493383,0.07052673341268174,0.16968903731754031,0.19126149278483826,3,2
frozenset({'LOCATION=DEPARTMENT STORE'}),"frozenset({'DOMESTIC=N', 'TIME=Afternoon'})",0.02232088816642745,0.2616900409843153,0.011236100783371089,0.5033895022273871,1.9236097038081716,1.0,0.0053949466442923715,1.4866982521052963,0.4911059448820367,0.041191853554164354,0.3273685506901541,0.27316308965097197,1,2
"frozenset({'LOCATION=STREET', 'CRIME=CRIMINAL DAMAGE'})","frozenset({'DOMESTIC=N', 'TIME=Night'})",0.04506545385373614,0.15446071904127828,0.013371781347813305,0.2967191097467383,1.921000443274142,1.0,0.006410938941643675,1.2022781973419336,0.5020636386773136,0.07183167282101303,0.16824575026740235,0.19164493328805793,2,2
"frozenset({'LOCATION=RESIDENCE', 'TIME=Afternoon'})",frozenset({'DOMESTIC=Y'}),0.03618119563525689,0.19174001763881923,0.013315579227696404,0.36802485362647863,1.919395117193153,1.0,0.006378196138398679,1.2789426720326569,0.49698400552524324,0.06204673650282031,0.21810412470586027,0.21873543193150047,2,1
"frozenset({'LOCATION=STREET', 'TIME=Night'})",frozenset({'CRIME=CRIMINAL DAMAGE'}),0.06760250402061321,0.11144015771179552,0.014387742749926505,0.21282854767538528,1.9098012067229708,1.0,0.006854109040157077,1.1288008980307622,0.510925109388035,0.08738118993856009,0.11410417749973492,0.17096794571572344,2,1
"frozenset({'ARREST=N', 'CRIME=OTHER OFFENSE'})",frozenset({'LOCATION=APARTMENT'}),0.05609836235668459,0.19613675272796444,0.021002299963684783,0.374383477188656,1.908787985839218,1.0,0.00999934933768799,1.2849137098548822,0.5044035617868103,0.09082750626332124,0.22173762149915913,0.2407316786401753,2,1
"frozenset({'TIME=Evening', 'DOMESTIC=N', 'CRIME=CRIMINAL DAMAGE'})","frozenset({'LOCATION=STREET', 'ARREST=N'})",0.028118353018486173,0.2337446175661888,0.012498486865996852,0.44449569495694957,1.9016296485675568,1.0,0.005925973193099711,1.379386938098397,0.4878528690546287,0.050121359223300965,0.2750402571024881,0.24898319436289595,3,2
"frozenset({'CRIME=CRIMINAL DAMAGE', 'TIME=Night'})","frozenset({'LOCATION=STREET', 'ARREST=N', 'DOMESTIC=N'})",0.032143289466858044,0.21435920936586716,0.013064831307174849,0.40645595158036313,1.89614410681384,1.0,0.006174621190640953,1.323643616216809,0.48830980750428593,0.05596710867471664,0.24450963405228027,0.23370213023827868,2,3
"frozenset({'CRIME=BATTERY', 'TIME=Night'})",frozenset({'LOCATION=APARTMENT'}),0.04008940460338596,0.19613675272796444,0.014893561830978608,0.371508681117222,1.8941308854669017,1.0,0.007030556193272978,1.2790363575761128,0.4917680684438178,0.06729041331354013,0.21816139621309236,0.2237216302782372,2,1
"frozenset({'ARREST=N', 'CRIME=DECEPTIVE PRACTICE'})",frozenset({'LOCATION=RESIDENCE'}),0.056400989157314056,0.11572448856070694,0.012351496705691113,0.2189943277632991,1.8923767172098471,1.0,0.0058245210811429665,1.1322267467108664,0.4997504083449309,0.0773060583921855,0.11678468742677808,0.16286312323610264,2,1
"frozenset({'LOCATION=SMALL RETAIL STORE', 'CRIME=THEFT'})","frozenset({'DOMESTIC=N', 'TIME=Afternoon'})",0.02328497068843274,0.2616900409843153,0.01147820222387466,0.492944671370219,1.8836967181329007,1.0,0.005384757290100115,1.456073760255759,0.4803130543980055,0.04196832221554803,0.31322160504811897,0.2684032471189203,2,2
"frozenset({'CRIME=BATTERY', 'ARREST=Y'})",frozenset({'LOCATION=APARTMENT'}),0.035303577913431444,0.19613675272796444,0.013008629187057948,0.36847905951506243,1.87868440967885,1.0,0.006084300055438818,1.272900383405748,0.4848288129847312,0.05955467590301831,0.2143925690992259,0.21740167047345432,2,1
frozenset({'CRIME=MOTOR VEHICLE THEFT'}),"frozenset({'ARREST=N', 'TIME=Evening', 'DOMESTIC=N'})",0.07860514984349871,0.18082815985612258,0.02668736057550971,0.33951160488395116,1.877537243945226,1.0,0.012473335974095055,1.2402516776997234,0.5072606996258523,0.11466305074671222,0.19371203604845325,0.24354785064050763,1,3
frozenset({'CRIME=BURGLARY'}),"frozenset({'DOMESTIC=N', 'TIME=Night'})",0.056310201117125216,0.15446071904127828,0.016311584553928095,0.28967370441458734,1.8753875173737509,1.0,0.007613870400017942,1.1903533435459739,0.49462956111926226,0.08388172521120499,0.15991331026040173,0.1976385763452247,1,2
"frozenset({'ARREST=N', 'CRIME=DECEPTIVE PRACTICE', 'DOMESTIC=N'})",frozenset({'LOCATION=RESIDENCE'}),0.05552337143548861,0.11572448856070694,0.01204886990506165,0.21700537257650082,1.8751897310193235,1.0,0.005623456142523565,1.1293506755583573,0.49415794422563314,0.07568433630241148,0.11453543913134473,0.16056111426195036,3,1
"frozenset({'CRIME=BURGLARY', 'ARREST=N'})","frozenset({'DOMESTIC=N', 'TIME=Night'})",0.05448579383333045,0.15446071904127828,0.01571065419267816,0.2883440450686344,1.8667791193667627,1.0,0.007294739299647092,1.1881292850844876,0.491074573063836,0.08130299572678255,0.15834075251424326,0.19502849364940902,2,2
"frozenset({'CRIME=CRIMINAL DAMAGE', 'TIME=Night'})","frozenset({'LOCATION=STREET', 'ARREST=N'})",0.032143289466858044,0.2337446175661888,0.014020267349162155,0.4361802286482851,1.866054641984529,1.0,0.006506946445412117,1.3590431222317236,0.47952347365945447,0.05566521910777733,0.26418817501694036,0.24808068158328397,2,2
frozenset({'CRIME=BURGLARY'}),"frozenset({'LOCATION=STREET', 'ARREST=N', 'DOMESTIC=N'})",0.056310201117125216,0.21435920936586716,0.022368443806526365,0.3972360844529751,1.8531328121059387,1.0,0.010297833615826433,1.3033971848184411,0.4878438554251892,0.0900860117700317,0.23277415998155873,0.25079318289970215,1,3
frozenset({'CRIME=DECEPTIVE PRACTICE'}),frozenset({'LOCATION=RESIDENCE'}),0.0579573555605513,0.11572448856070694,0.01238175938575406,0.213635685513949,1.8460715460572517,1.0,0.0056746740551782155,1.1245112413541227,0.4865057732631485,0.07676226212811578,0.11072476359079159,0.1603145552495029,1,1
"frozenset({'CRIME=DECEPTIVE PRACTICE', 'DOMESTIC=N'})",frozenset({'LOCATION=RESIDENCE'}),0.05706244487868989,0.11572448856070694,0.012074809345115603,0.21160693991969087,1.8285407224650274,1.0,0.005471287095505685,1.1216175740425938,0.4805363982376151,0.0751331575832571,0.10843051754641564,0.15797397205189564,2,1
"frozenset({'CRIME=BATTERY', 'ARREST=N', 'TIME=Night'})",frozenset({'LOCATION=APARTMENT'}),0.030841994224151348,0.19613675272796444,0.011054524702993411,0.3584244463134287,1.8274211300446694,1.0,0.005005276108213731,1.2529518038100727,0.46718982700944645,0.0511963159475423,0.20188470381771842,0.20739287912567925,3,1
"frozenset({'LOCATION=RESIDENCE', 'ARREST=N', 'TIME=Afternoon'})",frozenset({'DOMESTIC=Y'}),0.03338838258944784,0.19174001763881923,0.01169868746433327,0.35038197591609477,1.8273805344907679,1.0,0.0052967983977008975,1.2442080613465016,0.46840798966634234,0.054812834224598934,0.19627590347085183,0.2056976281690911,3,1
"frozenset({'DOMESTIC=N', 'CRIME=WEAPONS VIOLATION'})",frozenset({'LOCATION=STREET'}),0.021227108444152386,0.2777638473377488,0.01077351410240891,0.5075356415478615,1.8272199438925547,1.0,0.004877390793105528,1.4665754795581691,0.4625388722600296,0.037379813100934495,0.31813942484483176,0.2731611187240934,2,1
frozenset({'CRIME=WEAPONS VIOLATION'}),frozenset({'LOCATION=STREET'}),0.021447593684610994,0.2777638473377488,0.010838362702543795,0.5053416649868978,1.819321232155977,1.0,0.004880996564569442,1.4600707226395386,0.46021496034072,0.037584516438541,0.31510166973817255,0.2721808637779825,1,1
"frozenset({'CRIME=CRIMINAL DAMAGE', 'DOMESTIC=N'})","frozenset({'LOCATION=STREET', 'ARREST=N'})",0.09622667612015148,0.2337446175661888,0.040746537084752794,0.42344325635726476,1.811563666219435,1.0,0.018254069475382474,1.3290198941955715,0.4956892213544029,0.14088191330343797,0.24756581570565614,0.29888200326879827,2,2
"frozenset({'LOCATION=STREET', 'CRIME=CRIMINAL DAMAGE', 'DOMESTIC=N'})","frozenset({'ARREST=N', 'TIME=Night'})",0.04170629636674909,0.17326248984038597,0.013064831307174849,0.3132580076707785,1.8079966873346915,1.0,0.0058386945566508575,1.2038546053599692,0.4663514325216554,0.06470814954391675,0.16933490510593174,0.19433142667142989,3,2
frozenset({'CRIME=DECEPTIVE PRACTICE'}),"frozenset({'ARREST=N', 'DOMESTIC=N', 'TIME=Afternoon'})",0.0579573555605513,0.219525481176613,0.022887232607605446,0.394897806952111,1.7988700210815491,1.0,0.010164116240451375,1.289822657710346,0.47141758291282343,0.08989641704873494,0.22469961740696226,0.2495777781855754,1,3
"frozenset({'LOCATION=STREET', 'CRIME=CRIMINAL DAMAGE'})","frozenset({'ARREST=N', 'TIME=Night'})",0.04506545385373614,0.17326248984038597,0.014020267349162155,0.3111089792785879,1.7955933772231356,1.0,0.006212114608676814,1.200099123507007,0.46399100303396157,0.06862330187481484,0.16673549674985544,0.19601410487995566,2,2
"frozenset({'TIME=Evening', 'CRIME=CRIMINAL DAMAGE'})","frozenset({'LOCATION=STREET', 'ARREST=N', 'DOMESTIC=N'})",0.03253238106766735,0.21435920936586716,0.012498486865996852,0.3841860465116279,1.7922535152473957,1.0,0.005524871381542573,1.2757762083560313,0.456907509381467,0.053322758544368,0.2161634670326682,0.22124616041976128,2,3
"frozenset({'ARREST=N', 'TIME=Evening', 'LOCATION=APARTMENT'})",frozenset({'CRIME=BATTERY'}),0.04411434105175783,0.18293790098051083,0.014461237830079375,0.32781262250098003,1.791933878895349,1.0,0.006391052874932418,1.2155272865424798,0.46233949683236547,0.06802375238947413,0.1773117633216928,0.2034313023883844,3,1
"frozenset({'CRIME=BATTERY', 'TIME=Morning'})",frozenset({'LOCATION=APARTMENT'}),0.03547650751379114,0.19613675272796444,0.012450931225897938,0.35096271021203995,1.789377591556307,1.0,0.005492684244013712,1.2385470910841763,0.45737243751985884,0.05681145697715707,0.1926023586841268,0.2072217888919484,2,1
"frozenset({'TIME=Night', 'LOCATION=APARTMENT'})","frozenset({'CRIME=BATTERY', 'ARREST=N'})",0.04186193300707282,0.14763432306707938,0.011054524702993411,0.2640710523598059,1.7886833283329522,1.0,0.004874266561214789,1.1582173519143237,0.4601941634842898,0.0619503331314355,0.13660419752201006,0.16947439701067396,2,2
frozenset({'CRIME=OTHER OFFENSE'}),"frozenset({'ARREST=N', 'LOCATION=APARTMENT'})",0.06777543362097291,0.17362131876113235,0.021002299963684783,0.3098807169739108,1.7848079900846952,1.0,0.00923503979880388,1.1974432559184516,0.471684245652575,0.09529414072461208,0.16488735891456546,0.21542342621603905,1,2
frozenset({'CRIME=CRIMINAL DAMAGE'}),"frozenset({'ARREST=N', 'DOMESTIC=N', 'TIME=Night'})",0.11144015771179552,0.1380367302471164,0.027085098656337004,0.24304612639174458,1.7607351750265168,1.0,0.011702263667577777,1.1387262814893442,0.48624234310129427,0.12179001185824537,0.1218258362386292,0.21963136599270275,1,3
frozenset({'LOCATION=SIDEWALK'}),"frozenset({'CRIME=BATTERY', 'ARREST=N'})",0.049336814982620575,0.14763432306707938,0.012801113666626316,0.25946372239747634,1.757475612765102,1.0,0.005517306384381387,1.1510113720457331,0.4533698881471794,0.06950704225352113,0.13119885321144586,0.17308598577046794,1,2
"frozenset({'LOCATION=STREET', 'DAY=Sunday'})","frozenset({'DOMESTIC=N', 'TIME=Night'})",0.0418705794870908,0.15446071904127828,0.01136579798364086,0.27145069695405266,1.757409253555979,1.0,0.004898438169389818,1.160579356021148,0.449814573533097,0.06144820493642484,0.13836137545274577,0.1725172203982086,2,2
frozenset({'LOCATION=SMALL RETAIL STORE'}),"frozenset({'DOMESTIC=N', 'TIME=Afternoon'})",0.03441299047157902,0.2616900409843153,0.01581873519290297,0.45967336683417076,1.7565565930792215,1.0,0.006813198306002601,1.366414153398012,0.44605443254644134,0.05643817867719643,0.26815746345045505,0.26006086606729767,1,2
"frozenset({'TIME=Evening', 'CRIME=CRIMINAL DAMAGE'})","frozenset({'LOCATION=STREET', 'ARREST=N'})",0.03253238106766735,0.2337446175661888,0.013315579227696404,0.40930232558139534,1.7510663126413781,1.0,0.0057113102565169785,1.297203993884011,0.44334238363219564,0.052638774952146555,0.22911122328119,0.2331343410694999,2,2
frozenset({'LOCATION=SIDEWALK'}),frozenset({'CRIME=BATTERY'}),0.049336814982620575,0.18293790098051083,0.015753886592768083,0.3193130038555906,1.74547210908257,1.0,0.0067283132187836575,1.2003492113813607,0.449253852444846,0.07275921969530579,0.1669091040188205,0.20271451917936092,1,1
"frozenset({'CRIME=BURGLARY', 'DOMESTIC=N'})","frozenset({'LOCATION=STREET', 'ARREST=N'})",0.055004582634409535,0.2337446175661888,0.022368443806526365,0.40666509471036705,1.7397837817386868,1.0,0.009511418674258478,1.291438234296646,0.44996613094982885,0.08397169566346403,0.22566951059441992,0.2511805877495091,2,2
"frozenset({'ARREST=N', 'LOCATION=SMALL RETAIL STORE'})","frozenset({'DOMESTIC=N', 'TIME=Afternoon'})",0.025840005533747212,0.2616900409843153,0.011763536064468155,0.4552451062405889,1.7396348157852692,1.0,0.005001463957306912,1.3553067030211141,0.4364444393470661,0.04265759480771944,0.2621596294249116,0.25009863975358976,2,2
"frozenset({'CRIME=CRIMINAL DAMAGE', 'ARREST=N', 'DOMESTIC=N', 'TIME=Night'})",frozenset({'LOCATION=STREET'}),0.027085098656337004,0.2777638473377488,0.013064831307174849,0.48236233040702314,1.7365914788057046,1.0,0.005541570098868192,1.395254238800186,0.4359675546145277,0.04477567711728797,0.28328474324512726,0.2646990409681149,4,1
"frozenset({'CRIME=BATTERY', 'DAY=Sunday'})",frozenset({'LOCATION=APARTMENT'}),0.031187853424870734,0.19613675272796444,0.010548705621941308,0.3382312170779041,1.7244662837210334,1.0,0.004431621326631438,1.2147192010516263,0.43363456816350643,0.048661800486618,0.17676447434578813,0.19600680938536363,2,1
"frozenset({'LOCATION=STREET', 'DAY=Saturday'})","frozenset({'DOMESTIC=N', 'TIME=Night'})",0.04188787244712677,0.15446071904127828,0.011136666263164266,0.26586851068221695,1.7212694096753876,1.0,0.004666635365871716,1.1517545470559616,0.4373532170468041,0.06012931537545809,0.13175945121629126,0.1689844120809204,2,2
"frozenset({'LOCATION=STREET', 'CRIME=MOTOR VEHICLE THEFT'})","frozenset({'ARREST=N', 'DOMESTIC=N', 'TIME=Night'})",0.05928026700330295,0.1380367302471164,0.014037560309198125,0.23679988331388566,1.7154845879785856,1.0,0.00585470608388616,1.1294066273150063,0.4433566311152672,0.07659102703212718,0.11457930579232647,0.16924713386465368,2,3
"frozenset({'CRIME=CRIMINAL DAMAGE', 'DOMESTIC=N', 'TIME=Night'})",frozenset({'LOCATION=STREET'}),0.02816590865858509,0.2777638473377488,0.013371781347813305,0.4747505755947813,1.7091877871978969,1.0,0.0055483101950411,1.375034638981463,0.4269522802376326,0.04570643259298666,0.27274559371047163,0.2614457013446832,3,1
"frozenset({'LOCATION=STREET', 'ARREST=Y'})","frozenset({'TIME=Evening', 'DOMESTIC=N'})",0.044019229771559996,0.2221669808221073,0.016696352914728416,0.3792967982714595,1.7072599936674144,1.0,0.006916733538266311,1.2531480698210924,0.4333414905069017,0.06692197057651321,0.20200970333636112,0.22722453410624874,2,2
frozenset({'CRIME=CRIMINAL DAMAGE'}),"frozenset({'LOCATION=STREET', 'ARREST=N', 'DOMESTIC=N'})",0.11144015771179552,0.21435920936586716,0.040746537084752794,0.36563603212165885,1.705716461650095,1.0,0.01685831298604476,1.2384700746193764,0.46562546671017246,0.14294380829604914,0.19255214922545968,0.27786067180977564,1,3
"frozenset({'ARREST=Y', 'CRIME=NARCOTICS'})","frozenset({'LOCATION=STREET', 'DOMESTIC=N'})",0.02672626973559064,0.2548549985300984,0.011599252944126446,0.43400194111937884,1.702936742942176,1.0,0.00478792950994748,1.3165151183443646,0.42411411575807356,0.042963057855209846,0.2404189013358317,0.2397575439269498,2,2
frozenset({'CRIME=BURGLARY'}),"frozenset({'LOCATION=STREET', 'ARREST=N'})",0.056310201117125216,0.2337446175661888,0.02238573676656233,0.3975431861804222,1.7007586755141049,1.0,0.00922353034136472,1.2718843323818516,0.4366128644657057,0.08363213489679233,0.21376498275805883,0.2466566246251585,1,2
frozenset({'CRIME=NARCOTICS'}),"frozenset({'LOCATION=STREET', 'DOMESTIC=N'})",0.028105383298459196,0.2548549985300984,0.012096425545160565,0.43039532379633905,1.688785098501842,1.0,0.004933628125943894,1.3081792207820229,0.419652851107518,0.04465867556222367,0.2355787463110711,0.23892963814922974,1,2
"frozenset({'CRIME=BATTERY', 'TIME=Evening'})",frozenset({'LOCATION=APARTMENT'}),0.05559254327563249,0.19613675272796444,0.018399709478271395,0.3309744148067501,1.6874675969872985,1.0,0.007495968564300003,1.2015433565815534,0.43137739484417775,0.078857164032536,0.1677370653980841,0.21239251510924703,2,1
frozenset({'CRIME=OTHER OFFENSE'}),frozenset({'LOCATION=APARTMENT'}),0.06777543362097291,0.19613675272796444,0.022394383246580316,0.33042036103846395,1.6846427629845933,1.0,0.009101129781432985,1.2005491214140898,0.43594897181440856,0.092723529938244,0.1670478265627892,0.22229887739808932,1,1
frozenset({'CRIME=CRIMINAL DAMAGE'}),"frozenset({'LOCATION=STREET', 'ARREST=N'})",0.11144015771179552,0.2337446175661888,0.043850623411209294,0.3934903208286457,1.6834198148636392,1.0,0.017802086365349884,1.2633852496479694,0.4568866305582452,0.1455215850561685,0.20847579922383863,0.29054544524610565,1,2
"frozenset({'ARREST=N', 'TIME=Night', 'LOCATION=APARTMENT'})",frozenset({'CRIME=BATTERY'}),0.035917477994708354,0.18293790098051083,0.011054524702993411,0.3077756379393356,1.682404992566982,1.0,0.004483856670127778,1.1803428827428128,0.42072414597403424,0.05319768651437607,0.15278855439339997,0.18410169111902383,3,1
frozenset({'CRIME=DECEPTIVE PRACTICE'}),"frozenset({'ARREST=N', 'DOMESTIC=N', 'TIME=Morning'})",0.0579573555605513,0.1472279385062341,0.01430560118975565,0.24682977771147246,1.676514527173257,1.0,0.0057726592093028575,1.1322434640373802,0.4283504652942441,0.07494564232650842,0.1167977279072322,0.17199806313264124,1,3
frozenset({'CRIME=MOTOR VEHICLE THEFT'}),"frozenset({'ARREST=N', 'DOMESTIC=N', 'TIME=Night'})",0.07860514984349871,0.1380367302471164,0.01818354747782178,0.23132768672313278,1.6758415409362772,1.0,0.007333149612840583,1.1213663545110855,0.43768952224694435,0.09162400609955342,0.10823077937272428,0.18152873108119433,1,3
"frozenset({'CRIME=CRIMINAL DAMAGE', 'ARREST=N', 'TIME=Night'})","frozenset({'LOCATION=STREET', 'DOMESTIC=N'})",0.030669064623791653,0.2548549985300984,0.013064831307174849,0.42599379757541583,1.6715143906628376,1.0,0.005248666887558933,1.2981479961757076,0.4144509419911819,0.04795150899685824,0.2296718071083111,0.23862879022112607,3,2
"frozenset({'LOCATION=STREET', 'ARREST=N', 'CRIME=MOTOR VEHICLE THEFT'})","frozenset({'TIME=Evening', 'DOMESTIC=N'})",0.05727428363913051,0.2221669808221073,0.021257371124215333,0.37115036231884063,1.6705919166990288,1.0,0.00853291644936069,1.2369141565320756,0.4257969872104767,0.08233422638981916,0.19153645811307526,0.23341615880054975,3,2
frozenset({'CRIME=BATTERY'}),frozenset({'LOCATION=APARTMENT'}),0.18293790098051083,0.19613675272796444,0.0599330762446608,0.3276143211627083,1.6703362149423322,1.0,0.02405223039547351,1.195538918470272,0.4911721345101957,0.1877946356001084,0.16355713348125056,0.31659106112799495,1,1
frozenset({'LOCATION=APARTMENT'}),frozenset({'CRIME=BATTERY'}),0.19613675272796444,0.18293790098051083,0.0599330762446608,0.30556780109328163,1.6703362149423322,1.0,0.02405223039547351,1.1765901700782793,0.4992368248762258,0.1877946356001084,0.15008638910057404,0.31659106112799495,1,1
"frozenset({'TIME=Evening', 'ARREST=N', 'DOMESTIC=N', 'CRIME=CRIMINAL DAMAGE'})",frozenset({'LOCATION=STREET'}),0.026994310616148168,0.2777638473377488,0.012498486865996852,0.4630044843049327,1.6668997378263533,1.0,0.005000443293025301,1.3449575118470312,0.41118350925459657,0.04276500695245703,0.2564820886968399,0.2540006467968966,4,1
"frozenset({'CRIME=BATTERY', 'ARREST=N', 'TIME=Evening'})",frozenset({'LOCATION=APARTMENT'}),0.044291593892126516,0.19613675272796444,0.014461237830079375,0.32650073206442165,1.664658599284898,1.0,0.0057740284309319365,1.193562169319131,0.4177803827567853,0.06399709191092065,0.16217183678798133,0.20011555735649225,3,1
"frozenset({'LOCATION=STREET', 'CRIME=MOTOR VEHICLE THEFT'})","frozenset({'TIME=Evening', 'DOMESTIC=N'})",0.05928026700330295,0.2221669808221073,0.02185830148546527,0.368728121353559,1.6596891220698793,1.0,0.00868818354301306,1.2321680174407654,0.42252491319995883,0.08420351403114332,0.1884223694776484,0.23355746782616943,2,2
"frozenset({'LOCATION=STREET', 'CRIME=THEFT'})","frozenset({'ARREST=N', 'DOMESTIC=N', 'TIME=Night'})",0.046453213896622686,0.1380367302471164,0.010604907742058209,0.22829222894369475,1.6538513230138163,1.0,0.004192657986298504,1.1169555394952646,0.4146107278934158,0.060988041073071285,0.10470921658002168,0.15255946910243398,2,3
"frozenset({'CRIME=BURGLARY', 'DOMESTIC=N'})","frozenset({'ARREST=N', 'TIME=Night'})",0.055004582634409535,0.17326248984038597,0.01571065419267816,0.285624459640022,1.6485071864264842,1.0,0.006180423252809106,1.157286977859035,0.4162883392104082,0.07391286661514054,0.13591009046866984,0.18814995469961773,2,2
"frozenset({'ARREST=N', 'CRIME=CRIMINAL DAMAGE'})","frozenset({'DOMESTIC=N', 'TIME=Night'})",0.10640358310131945,0.15446071904127828,0.027085098656337004,0.25455062571103526,1.647995861284375,1.0,0.010649924701938793,1.1342678793784302,0.4400223100430005,0.11585760517799355,0.11837404710076771,0.2149516451439189,2,2
"frozenset({'ARREST=N', 'TIME=Night', 'CRIME=CRIMINAL DAMAGE'})",frozenset({'LOCATION=STREET'}),0.030669064623791653,0.2777638473377488,0.014020267349162155,0.4571468846912884,1.6458113216419328,1.0,0.0055015099650077386,1.3304448888564033,0.40481214698742135,0.04762114537444934,0.24837172259005824,0.25381118923664636,3,1
frozenset({'CRIME=BURGLARY'}),"frozenset({'ARREST=N', 'TIME=Night'})",0.056310201117125216,0.17326248984038597,0.01602192747332561,0.28452975047984647,1.642188974324234,1.0,0.006265481824359612,1.1555162646023152,0.41439113167573643,0.0750263179204794,0.1345859589919643,0.18850087094818482,1,2
"frozenset({'TIME=Evening', 'DOMESTIC=N', 'CRIME=CRIMINAL DAMAGE'})",frozenset({'LOCATION=STREET'}),0.028118353018486173,0.2777638473377488,0.012814083386653293,0.45571955719557194,1.640672684956861,1.0,0.0050038214714375725,1.3269559143828478,0.40179162458172296,0.04372390800867397,0.24639546109933236,0.25092628546948825,3,1
frozenset({'CRIME=CRIMINAL DAMAGE'}),"frozenset({'DOMESTIC=N', 'TIME=Night'})",0.11144015771179552,0.15446071904127828,0.02816590865858509,0.25274469488303525,1.6363040160099955,1.0,0.0109527817683477,1.1315266350987938,0.4376369535790851,0.11847608656119293,0.11623821394828265,0.2175473362458168,1,2
"frozenset({'CRIME=CRIMINAL DAMAGE', 'TIME=Night'})","frozenset({'LOCATION=STREET', 'DOMESTIC=N'})",0.032143289466858044,0.2548549985300984,0.013371781347813305,0.41600537995965026,1.6323218393164847,1.0,0.005179903357984671,1.2759449760314874,0.40024076973494344,0.04886873538519875,0.2162671441285393,0.2342367866719371,2,2
"frozenset({'CRIME=CRIMINAL DAMAGE', 'DOMESTIC=N'})","frozenset({'ARREST=N', 'TIME=Night'})",0.09622667612015148,0.17326248984038597,0.027085098656337004,0.28147183035313145,1.62453991404851,1.0,0.010412625162695147,1.1505986057107915,0.425373366727794,0.11173533083645444,0.1308871790416937,0.21889795325326805,2,2
"frozenset({'DOMESTIC=N', 'LOCATION=DEPARTMENT STORE'})",frozenset({'TIME=Afternoon'}),0.02221280716620264,0.31149808912791604,0.011236100783371089,0.5058388478007007,1.6238906929312782,1.0,0.004316853796932087,1.3932740520129057,0.39292292621653274,0.03484334571194915,0.28226611372309024,0.2709550093108872,2,1
frozenset({'LOCATION=DEPARTMENT STORE'}),frozenset({'TIME=Afternoon'}),0.02232088816642745,0.31149808912791604,0.011283656423470005,0.5055200464846019,1.6228672474360224,1.0,0.0043307424119899416,1.3923757798012415,0.3925691455715905,0.03498425038536291,0.2818030775120579,0.27087194241178963,1,1
"frozenset({'CRIME=BATTERY', 'ARREST=N'})",frozenset({'LOCATION=APARTMENT'}),0.14763432306707938,0.19613675272796444,0.04692444705760285,0.3178423965562681,1.6205142184499486,1.0,0.01796793034003468,1.1784127937794695,0.44923433110844235,0.15807640213797822,0.15140093074452657,0.27854295810885177,2,1
frozenset({'LOCATION=APARTMENT'}),"frozenset({'CRIME=BATTERY', 'ARREST=N'})",0.19613675272796444,0.14763432306707938,0.04692444705760285,0.23924351966143537,1.6205142184499486,1.0,0.01796793034003468,1.1204185556902342,0.47633963368295906,0.15807640213797822,0.1074764025271344,0.27854295810885177,1,2
"frozenset({'LOCATION=STREET', 'CRIME=CRIMINAL DAMAGE', 'ARREST=N', 'DOMESTIC=N'})",frozenset({'TIME=Night'}),0.040746537084752794,0.19832863541252357,0.013064831307174849,0.3206366047745358,1.6166934447343504,1.0,0.00498362620937004,1.1800332049409599,0.39765667695443246,0.05780634301235701,0.15256621948190627,0.19325563208754037,4,1
"frozenset({'LOCATION=STREET', 'CRIME=CRIMINAL DAMAGE', 'DOMESTIC=N'})",frozenset({'TIME=Night'}),0.04170629636674909,0.19832863541252357,0.013371781347813305,0.3206178086451747,1.616598672089331,1.0,0.0051002285012856675,1.180000557548884,0.3980171015011894,0.0589940681683801,0.15254277330409402,0.1940200759847127,3,1
"frozenset({'ARREST=N', 'TIME=Afternoon', 'DOMESTIC=N', 'DAY=Saturday'})",frozenset({'CRIME=THEFT'}),0.029545022221453648,0.2199794213775572,0.010505473221851384,0.35557506584723436,1.6164014961970028,1.0,0.004006176328988941,1.2104134047015833,0.3929515882232009,0.04395246622171577,0.1738359835443652,0.20166584198558288,4,1
"frozenset({'LOCATION=STREET', 'ARREST=N', 'CRIME=CRIMINAL DAMAGE'})",frozenset({'TIME=Night'}),0.043850623411209294,0.19832863541252357,0.014020267349162155,0.3197278911564626,1.61211158686908,1.0,0.005323433046028557,1.1784569059435903,0.39710902277158044,0.061449549976314535,0.15143269562385903,0.19520999462455282,3,1
"frozenset({'CRIME=CRIMINAL DAMAGE', 'TIME=Night'})",frozenset({'LOCATION=STREET'}),0.032143289466858044,0.2777638473377488,0.014387742749926505,0.44761264290517816,1.611486329827872,1.0,0.005459499001521078,1.307481323361051,0.3920568635518455,0.04868628942594652,0.23517071935729866,0.24970555723836008,2,1
"frozenset({'CRIME=BURGLARY', 'ARREST=N'})","frozenset({'LOCATION=STREET', 'DOMESTIC=N'})",0.05448579383333045,0.2548549985300984,0.022368443806526365,0.41053717368880427,1.61086569247854,1.0,0.008482466899221688,1.264108554788689,0.40106830657358844,0.07794633845041353,0.20892869824208876,0.24915323485118754,2,2
"frozenset({'DOMESTIC=N', 'TIME=Night', 'CRIME=THEFT'})","frozenset({'LOCATION=STREET', 'ARREST=N'})",0.02817023189859408,0.2337446175661888,0.010604907742058209,0.37645794966236956,1.6105523779847852,1.0,0.004020267660170482,1.2288752330639217,0.39008376518368815,0.04219852055737141,0.1862477385057824,0.21091379181751654,3,2
"frozenset({'LOCATION=STREET', 'CRIME=CRIMINAL DAMAGE'})",frozenset({'TIME=Night'}),0.04506545385373614,0.19832863541252357,0.014387742749926505,0.3192632386799693,1.6097687457784486,1.0,0.005449972782868963,1.177652523176417,0.39666882016387295,0.06282682977478242,0.15085309094166807,0.19590409890401733,2,1
"frozenset({'TIME=Night', 'CRIME=THEFT'})","frozenset({'LOCATION=STREET', 'ARREST=N', 'DOMESTIC=N'})",0.03084631746416034,0.21435920936586716,0.010604907742058209,0.3437981779957954,1.6038414165308963,1.0,0.003992715518592258,1.1972548144328359,0.388480141064543,0.045204091034736944,0.16475591666447342,0.196635389746138,2,3
"frozenset({'LOCATION=STREET', 'DOMESTIC=N', 'CRIME=MOTOR VEHICLE THEFT'})","frozenset({'TIME=Evening', 'ARREST=N'})",0.058579902121846196,0.22744133363307797,0.021257371124215333,0.36287822878228787,1.5954805706851194,1.0,0.00793388006152746,1.212576153048974,0.39645382333407847,0.08028803762124033,0.17530952799497165,0.22817066222516474,3,2
"frozenset({'LOCATION=STREET', 'CRIME=MOTOR VEHICLE THEFT'})","frozenset({'DOMESTIC=N', 'TIME=Night'})",0.05928026700330295,0.15446071904127828,0.01458228855033116,0.2459889148191365,1.5925661640445823,1.0,0.005425815884042022,1.1213883954450132,0.3955297099899712,0.07321944124861615,0.1082483071325536,0.17019833112206267,2,2
"frozenset({'LOCATION=STREET', 'CRIME=MOTOR VEHICLE THEFT'})","frozenset({'ARREST=N', 'TIME=Evening'})",0.05928026700330295,0.22744133363307797,0.021443270444602,0.3617269544924154,1.590418719035367,1.0,0.007960487459245831,1.2103889891708448,0.394628444308452,0.08083310245921677,0.17381931846138823,0.2280037004019415,2,2
frozenset({'CRIME=CRIMINAL DAMAGE'}),"frozenset({'ARREST=N', 'TIME=Night'})",0.11144015771179552,0.17326248984038597,0.030669064623791653,0.2752065795088645,1.5883794568714333,1.0,0.011360665430440672,1.1406526146434925,0.4168852771583533,0.1207283866575902,0.12330889601077458,0.22610791834439659,1,2
"frozenset({'CRIME=BATTERY', 'TIME=Night'})","frozenset({'ARREST=N', 'LOCATION=APARTMENT'})",0.04008940460338596,0.17362131876113235,0.011054524702993411,0.2757467917610266,1.5882081401558652,1.0,0.004094149407404931,1.1410079677081624,0.3858271876809439,0.054548169639047704,0.12358193080052915,0.1697085552430631,2,2
"frozenset({'LOCATION=STREET', 'ARREST=N', 'CRIME=MOTOR VEHICLE THEFT'})","frozenset({'DOMESTIC=N', 'TIME=Night'})",0.05727428363913051,0.15446071904127828,0.014037560309198125,0.24509359903381642,1.5867697661585876,1.0,0.0051909332757239055,1.1200584335707575,0.39225497196616427,0.07100527017866125,0.10718943759747424,0.16798735034539009,3,2
"frozenset({'ARREST=N', 'DOMESTIC=N', 'CRIME=CRIMINAL DAMAGE'})",frozenset({'LOCATION=STREET'}),0.09253895239248103,0.2777638473377488,0.040746537084752794,0.4403176827843961,1.5852231563058272,1.0,0.015042561639612491,1.2904394697608919,0.4068207556930015,0.12364060921696465,0.22507020016576837,0.29350628648861976,3,1
"frozenset({'LOCATION=SMALL RETAIL STORE', 'CRIME=THEFT'})",frozenset({'TIME=Afternoon'}),0.02328497068843274,0.31149808912791604,0.01149549518391063,0.4936873375417749,1.5848807898755464,1.0,0.004242271309064296,1.3598354572633093,0.37783560900361524,0.03555811123443747,0.2646169103337574,0.26529562013934355,2,1
"frozenset({'ARREST=N', 'CRIME=MOTOR VEHICLE THEFT'})","frozenset({'TIME=Evening', 'DOMESTIC=N'})",0.07579504383765369,0.2221669808221073,0.02668736057550971,0.3520990189368013,1.5848395546174012,1.0,0.00984820452481892,1.2005430488799027,0.3992851355388,0.09837763753426403,0.16704361336064358,0.23611100122733739,2,2
"frozenset({'ARREST=N', 'DOMESTIC=N', 'CRIME=OTHER OFFENSE'})",frozenset({'LOCATION=APARTMENT'}),0.03382502983035606,0.19613675272796444,0.010514119701869369,0.310838445807771,1.5848046910356175,1.0,0.0038797881900168012,1.166436581353191,0.3819260816033928,0.047911741528762805,0.14268806724160424,0.18222225587866947,3,1
"frozenset({'LOCATION=SMALL RETAIL STORE', 'DOMESTIC=N', 'CRIME=THEFT'})",frozenset({'TIME=Afternoon'}),0.023254708008369793,0.31149808912791604,0.01147820222387466,0.4935861684327942,1.5845560074370282,1.0,0.004234405116039823,1.3595637953674524,0.3776914966511277,0.035506044720231084,0.2644699694068214,0.26521727785432525,3,1
"frozenset({'TIME=Evening', 'ARREST=N', 'CRIME=CRIMINAL DAMAGE'})","frozenset({'LOCATION=STREET', 'DOMESTIC=N'})",0.03098898438445709,0.2548549985300984,0.012498486865996852,0.40332031249999994,1.582548173770144,1.0,0.004600789296246799,1.2488191186664144,0.3798797923556511,0.04572413684027393,0.1992435212972417,0.226180936572307,3,2
"frozenset({'LOCATION=STREET', 'ARREST=N', 'DAY=Sunday'})",frozenset({'TIME=Night'}),0.03480208207238833,0.19832863541252357,0.01092050426271465,0.31378881987577645,1.5821659803340837,1.0,0.004018254815783222,1.1682575099437338,0.38122239439123895,0.04914492499854083,0.1440243341143491,0.18442574508775197,3,1
frozenset({'CRIME=MOTOR VEHICLE THEFT'}),"frozenset({'TIME=Evening', 'DOMESTIC=N'})",0.07860514984349871,0.2221669808221073,0.027552008577308176,0.3505114948850511,1.5776939200776705,1.0,0.010088539759508727,1.197608599770721,0.39740128252695567,0.10084179879110097,0.1650026559666928,0.23726318093996665,1,2
"frozenset({'DAY=Thursday', 'CRIME=THEFT'})","frozenset({'ARREST=N', 'DOMESTIC=N', 'TIME=Afternoon'})",0.03160720770574299,0.219525481176613,0.010933473982741625,0.3459171112022979,1.5757492449088408,1.0,0.003994886502489245,1.1932348822914642,0.37730687706051985,0.0455183585313175,0.16194203267036572,0.19786107243914966,2,3
frozenset({'CRIME=BURGLARY'}),"frozenset({'LOCATION=STREET', 'DOMESTIC=N'})",0.056310201117125216,0.2548549985300984,0.022597575527002957,0.4013051823416507,1.5746412063966502,1.0,0.008246639304068463,1.2446157532887239,0.3867104361683179,0.07830946245580392,0.1965391749560945,0.24498677268057936,1,2
"frozenset({'DOMESTIC=N', 'ARREST=Y', 'CRIME=NARCOTICS'})",frozenset({'LOCATION=STREET'}),0.026683037335500717,0.2777638473377488,0.011599252944126446,0.4347051198963059,1.5650169165741836,1.0,0.004187669835160974,1.2776272669049624,0.37092672264054194,0.039608491540937145,0.2172991091349447,0.23823226235597253,3,1
"frozenset({'ARREST=Y', 'CRIME=NARCOTICS'})",frozenset({'LOCATION=STREET'}),0.02672626973559064,0.2777638473377488,0.011612222664153423,0.4344872209640893,1.564232441077084,1.0,0.0041886311574093294,1.2771349816241524,0.3706139503550884,0.0396486825595985,0.21699740874039458,0.23814665955673842,2,1
"frozenset({'CRIME=CRIMINAL DAMAGE', 'DOMESTIC=N'})",frozenset({'LOCATION=STREET'}),0.09622667612015148,0.2777638473377488,0.04170629636674909,0.43341719831071973,1.5603801663349774,1.0,0.014978004591092341,1.2747230422612312,0.39736793181016755,0.12551392141556075,0.21551586748906654,0.29178369760047185,2,1
"frozenset({'DAY=Tuesday', 'CRIME=THEFT'})","frozenset({'ARREST=N', 'TIME=Afternoon', 'DOMESTIC=N'})",0.031313227385131516,0.219525481176613,0.010704342262265031,0.3418473008421924,1.5572101198000283,1.0,0.00383029095335134,1.1858562911344224,0.369392784887059,0.044576469529210544,0.15672749938074468,0.19530428770495928,2,3
frozenset({'LOCATION=SMALL RETAIL STORE'}),"frozenset({'ARREST=N', 'DOMESTIC=N', 'TIME=Afternoon'})",0.03441299047157902,0.219525481176613,0.011763536064468155,0.3418341708542713,1.5571503090306784,1.0,0.004209007772468572,1.1858326340588206,0.3705530779966155,0.048574539871824626,0.15671067629734553,0.1977101848008802,1,3
"frozenset({'DAY=Friday', 'CRIME=THEFT'})","frozenset({'ARREST=N', 'TIME=Afternoon', 'DOMESTIC=N'})",0.03342729174952877,0.219525481176613,0.011417676863748769,0.3415675116399379,1.5559356016859813,1.0,0.0040795345580024395,1.1853523825461458,0.3696564941371485,0.04727129535162613,0.1563690133629356,0.19678911247048692,2,3
"frozenset({'DOMESTIC=N', 'CRIME=NARCOTICS'})",frozenset({'LOCATION=STREET'}),0.028036211458315318,0.2777638473377488,0.012096425545160565,0.4314572089437163,1.553323850742473,1.0,0.004308979585724226,1.2703285733698668,0.36649435924937,0.04118582195007066,0.21280208840202047,0.23750326244318845,2,1
"frozenset({'ARREST=N', 'CRIME=MOTOR VEHICLE THEFT'})","frozenset({'DOMESTIC=N', 'TIME=Night'})",0.07579504383765369,0.15446071904127828,0.01818354747782178,0.2399041752224504,1.5531727206212091,1.0,0.006476190506892583,1.1124114268173728,0.38536538999692627,0.08574224324214133,0.10105202455442559,0.1788134848346914,2,2
frozenset({'CRIME=NARCOTICS'}),frozenset({'LOCATION=STREET'}),0.028105383298459196,0.2777638473377488,0.012118041745205527,0.4311644362405784,1.55226981615178,1.0,0.004311382349323393,1.2696747507997013,0.3660706568960194,0.04125274110703932,0.21239671863195464,0.23739578720307647,1,1
frozenset({'CRIME=MOTOR VEHICLE THEFT'}),"frozenset({'DOMESTIC=N', 'TIME=Night'})",0.07860514984349871,0.15446071904127828,0.018845003199197605,0.23974260257397423,1.5521266770090918,1.0,0.0067035952340233716,1.112175013122439,0.386069761618396,0.08796997033359569,0.10086093627252703,0.1808738762981828,1,2
"frozenset({'ARREST=N', 'CRIME=DECEPTIVE PRACTICE'})","frozenset({'DOMESTIC=N', 'TIME=Afternoon'})",0.056400989157314056,0.2616900409843153,0.022887232607605446,0.40579487965659977,1.5506699381078914,1.0,0.008127655443472007,1.2425169924301631,0.37634359037453685,0.07753027840018746,0.19518203284756597,0.2466270990111979,2,2
frozenset({'CRIME=DECEPTIVE PRACTICE'}),"frozenset({'DOMESTIC=N', 'TIME=Afternoon'})",0.0579573555605513,0.2616900409843153,0.023496809448873363,0.4054154856034611,1.5492201540362023,1.0,0.008329946696890158,1.2417241639147245,0.3763247350621068,0.07934074917520655,0.19466816458870556,0.24760209445625467,1,2
"frozenset({'ARREST=N', 'TIME=Evening', 'CRIME=CRIMINAL DAMAGE'})",frozenset({'LOCATION=STREET'}),0.03098898438445709,0.2777638473377488,0.013315579227696404,0.4296875,1.5469525790284675,1.0,0.004707959699980184,1.2663866786406597,0.36487487528087154,0.04507075230109604,0.21035176943475065,0.23881299465750438,3,1
"frozenset({'TIME=Evening', 'CRIME=CRIMINAL DAMAGE'})","frozenset({'LOCATION=STREET', 'DOMESTIC=N'})",0.03253238106766735,0.2548549985300984,0.012814083386653293,0.3938870431893688,1.5455339132493047,1.0,0.00452304345747233,1.2293830598686715,0.3648436371115085,0.04666908094660767,0.18658387882225666,0.22208347070409915,2,2
"frozenset({'DAY=Wednesday', 'CRIME=THEFT'})","frozenset({'ARREST=N', 'TIME=Afternoon', 'DOMESTIC=N'})",0.03191848098639044,0.219525481176613,0.010825392982516818,0.33915752404171745,1.5449574337516558,1.0,0.0038184730855528827,1.1810295905868142,0.36436288607871253,0.044989848536572216,0.1532811641890078,0.19423510925785112,2,3
"frozenset({'LOCATION=STREET', 'CRIME=THEFT'})","frozenset({'TIME=Evening', 'ARREST=N', 'DOMESTIC=N'})",0.046453213896622686,0.18082815985612258,0.012948103826932057,0.27873429502094,1.5414319055323975,1.0,0.004548054638602915,1.1357421190123822,0.36836426574679276,0.06041107771748997,0.11951843357752802,0.17516938051785758,2,3
"frozenset({'LOCATION=STREET', 'DAY=Sunday'})",frozenset({'TIME=Night'}),0.0418705794870908,0.19832863541252357,0.012788143946599339,0.3054207537429014,1.539973050828622,1.0,0.0044840090529930186,1.1541827212769005,0.36596098570464625,0.05623360328504619,0.13358605915216296,0.18495015888779948,2,1
"frozenset({'LOCATION=STREET', 'ARREST=N', 'DAY=Saturday'})",frozenset({'TIME=Night'}),0.035359780033548345,0.19832863541252357,0.010764867622390924,0.3044381953784081,1.5350188576913093,1.0,0.0037520106998502837,1.1525523098894304,0.361318342311427,0.0482895043053293,0.13236042180512,0.17935806226686074,3,1
"frozenset({'LOCATION=STREET', 'CRIME=CRIMINAL DAMAGE'})","frozenset({'TIME=Evening', 'ARREST=N', 'DOMESTIC=N'})",0.04506545385373614,0.18082815985612258,0.012498486865996852,0.2773407521105142,1.5337254569818255,1.0,0.004349383772544738,1.133552006061301,0.364415370655759,0.058569692058346834,0.11781727291485063,0.1732293929582145,2,3
"frozenset({'TIME=Night', 'CRIME=THEFT'})","frozenset({'LOCATION=STREET', 'ARREST=N'})",0.03084631746416034,0.2337446175661888,0.011041554982966434,0.35795374912403644,1.5313881998702095,1.0,0.0038313943039810245,1.1934582304442791,0.3580419877294329,0.043547947074069025,0.16209886991374806,0.20259571784905098,2,2
"frozenset({'CRIME=DECEPTIVE PRACTICE', 'DOMESTIC=N'})","frozenset({'ARREST=N', 'TIME=Afternoon'})",0.05706244487868989,0.262424991785844,0.022887232607605446,0.40109099174179863,1.5284024170575765,1.0,0.007912620979035076,1.2315309972699109,0.3666436321875731,0.07716526251348278,0.18800257385577354,0.24415268520880148,2,2
"frozenset({'LOCATION=STREET', 'DOMESTIC=N', 'DAY=Sunday'})",frozenset({'TIME=Night'}),0.037538692998080485,0.19832863541252357,0.01136579798364086,0.30277553840838417,1.5266355147284256,1.0,0.003920800226161904,1.1498038418752985,0.3584193954657258,0.05062681738527605,0.13028643358068157,0.18004172015787057,3,1
"frozenset({'ARREST=N', 'DAY=Friday', 'TIME=Afternoon', 'DOMESTIC=N'})",frozenset({'CRIME=THEFT'}),0.03400228267072475,0.2199794213775572,0.011417676863748769,0.3357914812460267,1.5264676993112818,1.0,0.003937874396326598,1.1743609974857414,0.3570327144296269,0.04707077548256012,0.14847308268840764,0.1938474337228699,4,1
frozenset({'CRIME=DECEPTIVE PRACTICE'}),"frozenset({'ARREST=N', 'TIME=Afternoon'})",0.0579573555605513,0.262424991785844,0.023198505888252893,0.4002685364762047,1.525268358597683,1.0,0.007989047331345978,1.2298421094675343,0.3655648381162146,0.0780611280022112,0.18688749368571017,0.24433452853035453,1,2
"frozenset({'TIME=Evening', 'CRIME=CRIMINAL DAMAGE'})",frozenset({'LOCATION=STREET'}),0.03253238106766735,0.2777638473377488,0.013756549708613624,0.42285714285714293,1.5223620601098853,1.0,0.0047202303802006025,1.2513992744147917,0.3546641044998831,0.04639024959178913,0.2008945342663372,0.23619160275979842,2,1
"frozenset({'DOMESTIC=N', 'TIME=Night'})","frozenset({'LOCATION=STREET', 'ARREST=N'})",0.15446071904127828,0.2337446175661888,0.05494405727428364,0.35571540528437084,1.5218121768457147,1.0,0.018839695572981513,1.1893119728743737,0.4055266185597287,0.16486780997846562,0.1591777239211991,0.2953878041828664,2,2
"frozenset({'LOCATION=STREET', 'ARREST=N'})","frozenset({'DOMESTIC=N', 'TIME=Night'})",0.2337446175661888,0.15446071904127828,0.05494405727428364,0.23506020308136202,1.5218121768457147,1.0,0.018839695572981513,1.1053670947240002,0.44748616887690623,0.16486780997846562,0.09532316931354787,0.2953878041828664,2,2
"frozenset({'DOMESTIC=N', 'CRIME=MOTOR VEHICLE THEFT'})","frozenset({'ARREST=N', 'TIME=Evening'})",0.07725197572068411,0.22744133363307797,0.02668736057550971,0.3454586154793217,1.5188910914347535,1.0,0.009117068191807156,1.1803053017536365,0.37022560858523773,0.09599564575071921,0.15276157913189747,0.23139797659860134,2,2
"frozenset({'DOMESTIC=N', 'TIME=Afternoon', 'DAY=Saturday'})",frozenset({'CRIME=THEFT'}),0.035286284953395475,0.2199794213775572,0.011785152264513116,0.3339867679490321,1.5182636896557733,1.0,0.004022895717901577,1.1711788010883697,0.3538385315953978,0.048402848061932915,0.14615940873357194,0.19378032656830965,3,1
"frozenset({'ARREST=N', 'DOMESTIC=N', 'TIME=Afternoon'})",frozenset({'CRIME=THEFT'}),0.219525481176613,0.2199794213775572,0.07321406955228527,0.33351057544605933,1.5160989757930368,1.0,0.024922981225424114,1.1703420187716929,0.4361608838300493,0.19987961192550105,0.14554892163102173,0.33316646630919794,3,1
frozenset({'CRIME=THEFT'}),"frozenset({'ARREST=N', 'DOMESTIC=N', 'TIME=Afternoon'})",0.2199794213775572,0.219525481176613,0.07321406955228527,0.33282235717233655,1.5160989757930368,1.0,0.024922981225424114,1.169815156748274,0.43641471169648777,0.19987961192550105,0.14516409346268666,0.33316646630919794,1,3
"frozenset({'LOCATION=SIDEWALK', 'DOMESTIC=N'})",frozenset({'CRIME=BATTERY'}),0.043271309250004324,0.18293790098051083,0.011979698064917771,0.2768508342491757,1.5133596305921857,1.0,0.0040637355780434176,1.1298666135791748,0.35456084276141825,0.05591992412164753,0.11493977432237353,0.17116794341550123,2,1
frozenset({'CRIME=MOTOR VEHICLE THEFT'}),"frozenset({'ARREST=N', 'TIME=Evening'})",0.07860514984349871,0.22744133363307797,0.027033219776229096,0.3439115608843911,1.512089097398672,1.0,0.009155159665395818,1.1775221453502704,0.3675550270933717,0.09688865474604108,0.1507590715395539,0.23138477548106723,1,2
"frozenset({'ARREST=N', 'DOMESTIC=N', 'DAY=Thursday', 'TIME=Afternoon'})",frozenset({'CRIME=THEFT'}),0.03289120998841372,0.2199794213775572,0.010933473982741625,0.33241324921135645,1.5111106626688764,1.0,0.003698084641082646,1.1684183032407058,0.34973841745983514,0.045191379864908336,0.14414213024015762,0.19105775366646474,4,1
"frozenset({'CRIME=BURGLARY', 'ARREST=N', 'DOMESTIC=N'})",frozenset({'LOCATION=STREET'}),0.05332284227091151,0.2777638473377488,0.022368443806526365,0.4194908383330631,1.5102427560451395,1.0,0.007557285986374042,1.2441425568346658,0.3568849124318114,0.07245585290369562,0.1962335871347498,0.2500106373022224,3,1
"frozenset({'DOMESTIC=N', 'TIME=Night', 'DAY=Saturday'})",frozenset({'LOCATION=STREET'}),0.0265792795752849,0.2777638473377488,0.011136666263164266,0.4189980481457385,1.5084686223987063,1.0,0.0037539033088674874,1.2430873086695187,0.3462799055799108,0.03798233585467629,0.19555127542062675,0.22954602869550927,3,1
"frozenset({'CRIME=THEFT', 'DAY=Saturday'})","frozenset({'ARREST=N', 'TIME=Afternoon', 'DOMESTIC=N'})",0.03178878378612067,0.219525481176613,0.010505473221851384,0.33047735618115054,1.5054168400399695,1.0,0.0035270251651839304,1.1657178827764298,0.34675507728487126,0.04362578768783325,0.14215950979643033,0.18916636330858308,2,3
"frozenset({'LOCATION=STREET', 'DAY=Sunday'})","frozenset({'ARREST=N', 'TIME=Night'})",0.0418705794870908,0.17326248984038597,0.01092050426271465,0.2608156943727414,1.505321172592012,1.0,0.0036659034097215057,1.1184457027372345,0.35035970277701817,0.05347616224913202,0.10590205894426145,0.16192218209167797,2,2
"frozenset({'CRIME=BATTERY', 'DOMESTIC=Y', 'LOCATION=APARTMENT'})",frozenset({'ARREST=Y'}),0.05011932142424819,0.15407595068047797,0.011607899424144431,0.2316052790477012,1.5031890312849876,1.0,0.0038857173282429444,1.1008977889269442,0.3524102355213761,0.0602734190854603,0.09165046014425214,0.15347204663403888,3,1
"frozenset({'ARREST=N', 'CRIME=CRIMINAL DAMAGE'})","frozenset({'LOCATION=STREET', 'DOMESTIC=N'})",0.10640358310131945,0.2548549985300984,0.040746537084752794,0.38294327970095887,1.5025927759299302,1.0,0.013629052069868822,1.207579428206836,0.3743118072708222,0.12712950348678795,0.17189712192685802,0.27141226750103076,2,2
"frozenset({'LOCATION=STREET', 'ARREST=N', 'CRIME=THEFT'})","frozenset({'DOMESTIC=N', 'TIME=Night'})",0.0458220208553098,0.15446071904127828,0.010604907742058209,0.23143692801207663,1.4983545942850824,1.0,0.003527205452822608,1.1001560077193089,0.34857358492068796,0.05591010621324704,0.0910380046253064,0.15004728174002846,3,2
"frozenset({'CRIME=BATTERY', 'TIME=Evening'})","frozenset({'ARREST=N', 'LOCATION=APARTMENT'})",0.05559254327563249,0.17362131876113235,0.014461237830079375,0.2601290924644218,1.4982554810697328,1.0,0.004809187153278742,1.1169227939931257,0.3521330612507264,0.06733905060997705,0.10468296879779268,0.17171046256687225,2,2
"frozenset({'ARREST=N', 'DAY=Wednesday', 'TIME=Afternoon', 'DOMESTIC=N'})",frozenset({'CRIME=THEFT'}),0.032852300828332785,0.2199794213775572,0.010825392982516818,0.32951704171601526,1.4979448516252591,1.0,0.0035985628553787284,1.1633712221691743,0.34371035693519986,0.044731858944585375,0.14042914166688686,0.1893639883029303,4,1
"frozenset({'CRIME=BURGLARY', 'DOMESTIC=N'})",frozenset({'TIME=Night'}),0.055004582634409535,0.19832863541252357,0.016311584553928095,0.29654955592234533,1.495243262807321,1.0,0.00540260073861026,1.1396273487873143,0.35049112020831313,0.06881896944824441,0.12252018077303312,0.18939739376498738,2,1
"frozenset({'ARREST=N', 'CRIME=DECEPTIVE PRACTICE'})","frozenset({'DOMESTIC=N', 'TIME=Morning'})",0.056400989157314056,0.16994224151347986,0.01430560118975565,0.2536409627472022,1.4925127530878386,1.0,0.0047206906687842255,1.1121427048593142,0.34971314179844887,0.06746727561880683,0.1008348158643006,0.16891007917563117,2,2
frozenset({'LOCATION=SMALL RETAIL STORE'}),frozenset({'TIME=Afternoon'}),0.03441299047157902,0.31149808912791604,0.015991664793262663,0.46469849246231154,1.4918181160061115,1.0,0.0052720840201886145,1.2861946046800725,0.34142650364881666,0.04847142688663792,0.22251267703868208,0.25801820753687943,1,1
"frozenset({'LOCATION=STREET', 'CRIME=THEFT'})","frozenset({'DOMESTIC=N', 'TIME=Night'})",0.046453213896622686,0.15446071904127828,0.010700019022256039,0.23033969288040948,1.4912509426998926,1.0,0.003524822202005398,1.0985876147402012,0.34547025364886924,0.05625255693440611,0.0897403296900591,0.1498065459475939,2,2
frozenset({'CRIME=BURGLARY'}),frozenset({'TIME=Night'}),0.056310201117125216,0.19832863541252357,0.0166487972746295,0.2956621880998081,1.4907690333512895,1.0,0.005480871927265294,1.1381915766025594,0.34884903695633296,0.06995585750876492,0.12141328353092712,0.1898038460935008,1,1
"frozenset({'LOCATION=SMALL RETAIL STORE', 'DOMESTIC=N'})",frozenset({'TIME=Afternoon'}),0.03409739395092258,0.31149808912791604,0.01581873519290297,0.4639279827564346,1.4893445544249344,1.0,0.00519746213294882,1.2843459250350346,0.3401623475911585,0.04796801258521236,0.22139356655589346,0.25735537537866143,2,1
"frozenset({'DAY=Tuesday', 'CRIME=THEFT'})","frozenset({'DOMESTIC=N', 'TIME=Afternoon'})",0.031313227385131516,0.2616900409843153,0.01217856710533142,0.38892724009388374,1.4862133791220375,1.0,0.003984207347565169,1.2082193929395852,0.3377243457827245,0.04336715057653524,0.1723357480904106,0.21773268878857838,2,2
"frozenset({'TIME=Afternoon', 'DOMESTIC=N', 'DAY=Saturday'})","frozenset({'ARREST=N', 'CRIME=THEFT'})",0.035286284953395475,0.20035191173673197,0.010505473221851384,0.2977211467777505,1.4859910454409062,1.0,0.0034357985733515202,1.138647539498394,0.33901086885520587,0.046663466154584735,0.12176510701412654,0.1750781251226862,3,2
"frozenset({'DAY=Tuesday', 'ARREST=N', 'TIME=Afternoon', 'DOMESTIC=N'})",frozenset({'CRIME=THEFT'}),0.03274854306811697,0.2199794213775572,0.010704342262265031,0.32686468646864686,1.4858875635809556,1.0,0.003500336707182649,1.1587871902461275,0.33807296534734776,0.04422850201850595,0.13702877593287943,0.18776266966947858,4,1
"frozenset({'CRIME=BURGLARY', 'ARREST=N', 'DOMESTIC=N'})",frozenset({'TIME=Night'}),0.05332284227091151,0.19832863541252357,0.01571065419267816,0.2946327225555375,1.485578327822916,1.0,0.00513520764877105,1.136530415037004,0.34527238274215233,0.06658726523133301,0.12012913445220791,0.18692399070556168,3,1
"frozenset({'CRIME=THEFT', 'LOCATION=APARTMENT'})","frozenset({'ARREST=N', 'TIME=Afternoon'})",0.029730921541840316,0.262424991785844,0.01158628322409947,0.38970481314526684,1.485014100575038,1.0,0.003784146382696452,1.2085545226325354,0.33661355180334324,0.04129557151221917,0.17256525769168546,0.2169278254289949,2,2
"frozenset({'ARREST=N', 'CRIME=CRIMINAL DAMAGE'})",frozenset({'LOCATION=STREET'}),0.10640358310131945,0.2777638473377488,0.043850623411209294,0.41211604095563137,1.4836921539847343,1.0,0.014295554798464932,1.2285352262992137,0.36482435552525466,0.12885235905383774,0.18602252618155973,0.28499310117946086,2,1
frozenset({'CRIME=DECEPTIVE PRACTICE'}),"frozenset({'DOMESTIC=N', 'TIME=Morning'})",0.0579573555605513,0.16994224151347986,0.014612551230394106,0.25212591376995375,1.4835976713297327,1.0,0.004763148314240271,1.1098897177608507,0.34601704669473304,0.06851119894598154,0.09900958266605796,0.1690556557580085,1,2
"frozenset({'LOCATION=STREET', 'DAY=Saturday'})","frozenset({'ARREST=N', 'TIME=Night'})",0.04188787244712677,0.17326248984038597,0.010764867622390924,0.256992465682733,1.483255065302832,1.0,0.0035072705480852385,1.1126906147987914,0.34005114171575374,0.05266943057788307,0.10127758183632152,0.15956143233234635,2,2
"frozenset({'CRIME=BURGLARY', 'ARREST=N'})",frozenset({'TIME=Night'}),0.05448579383333045,0.19832863541252357,0.01602192747332561,0.29405697056256447,1.4826753078340198,1.0,0.005215834332993089,1.1356034852080437,0.3443031284344818,0.06766230920908493,0.1194109449067084,0.18742085585348933,2,1
"frozenset({'DAY=Thursday', 'CRIME=THEFT'})","frozenset({'DOMESTIC=N', 'TIME=Afternoon'})",0.03160720770574299,0.2616900409843153,0.012247738945475296,0.38749829024757215,1.4807529120712595,1.0,0.003976447465559647,1.205400649924893,0.33526466204169403,0.043578581427187,0.17040031456569335,0.21715037755014613,2,2
"frozenset({'LOCATION=STREET', 'DAY=Friday'})","frozenset({'TIME=Evening', 'DOMESTIC=N'})",0.04049146592422225,0.2221669808221073,0.013319902467705397,0.328955797565663,1.4806691631150322,1.0,0.0043240357342597,1.1591382748798953,0.33832912669965437,0.05342095224884697,0.13729015625541705,0.19445513126449102,2,2
"frozenset({'CRIME=BURGLARY', 'ARREST=N'})",frozenset({'LOCATION=STREET'}),0.05448579383333045,0.2777638473377488,0.02238573676656233,0.410854558438467,1.4791505891653556,1.0,0.007251553046165078,1.2259046777107545,0.3426033279271117,0.07224377040488879,0.1842758917704819,0.24572362624408994,2,1
"frozenset({'CRIME=BURGLARY', 'DOMESTIC=N'})",frozenset({'LOCATION=STREET'}),0.055004582634409535,0.2777638473377488,0.022597575527002957,0.41083077890434644,1.4790649785491847,1.0,0.007319291033262239,1.225855198815611,0.3427500028565645,0.07285525123702001,0.18424296689676445,0.2460930653693081,2,1
"frozenset({'LOCATION=STREET', 'DOMESTIC=N', 'ARREST=Y'})",frozenset({'TIME=Evening'}),0.040495789164231244,0.2789830010202846,0.016696352914728416,0.41229849471549057,1.4778624260533806,1.0,0.00539871612500646,1.2268421851849218,0.3369938622889152,0.055143069278656705,0.1848992379983493,0.2360728499673438,3,1
"frozenset({'ARREST=N', 'LOCATION=APARTMENT'})",frozenset({'CRIME=BATTERY'}),0.17362131876113235,0.18293790098051083,0.04692444705760285,0.2702689243027888,1.47738070052297,1.0,0.015162527437973111,1.1196756260363983,0.39101492187965153,0.15154773041426398,0.10688419329091277,0.2633868549199162,2,1
frozenset({'CRIME=BATTERY'}),"frozenset({'ARREST=N', 'LOCATION=APARTMENT'})",0.18293790098051083,0.17362131876113235,0.04692444705760285,0.2565047855370436,1.47738070052297,1.0,0.015162527437973111,1.1114781442618697,0.39547348466584276,0.15154773041426398,0.10029719867852387,0.2633868549199162,1,2
"frozenset({'ARREST=N', 'LOCATION=SMALL RETAIL STORE'})",frozenset({'TIME=Afternoon'}),0.025840005533747212,0.31149808912791604,0.011888910024728933,0.46009703864815127,1.477046103031513,1.0,0.003839797677911901,1.275232699498744,0.3315400592502101,0.036530772194104597,0.21582939302523338,0.24913195906204266,2,1
"frozenset({'CRIME=CRIMINAL DAMAGE', 'DOMESTIC=N'})",frozenset({'TIME=Night'}),0.09622667612015148,0.19832863541252357,0.02816590865858509,0.2927037469673825,1.4758521701042246,1.0,0.009081403293392576,1.133430809438357,0.3567546788701509,0.1057320912720309,0.11772294199808722,0.21736004787061222,2,1
"frozenset({'ARREST=N', 'DOMESTIC=N', 'CRIME=CRIMINAL DAMAGE'})",frozenset({'TIME=Night'}),0.09253895239248103,0.19832863541252357,0.027085098656337004,0.2926886241532352,1.475775918814965,1.0,0.008731974505831758,1.133406575891343,0.35526632624390214,0.1026796689338687,0.11770407789140297,0.2146276908232116,3,1
"frozenset({'ARREST=N', 'LOCATION=SMALL RETAIL STORE', 'DOMESTIC=N'})",frozenset({'TIME=Afternoon'}),0.02559790409324364,0.31149808912791604,0.011763536064468155,0.4595507515622361,1.4752923616604356,1.0,0.0037898378537430995,1.273943691960503,0.33063173156862496,0.03615850741508531,0.2150359499319191,0.24865757197275742,3,1
frozenset({'CRIME=ASSAULT'}),"frozenset({'ARREST=N', 'DOMESTIC=Y'})",0.09008767530738236,0.16030573953343594,0.02130492676431425,0.23649102601017374,1.4752498987152445,1.0,0.006863355351316264,1.0997830923697212,0.35404371724631156,0.092998678996037,0.09072979304920645,0.1846964299414407,1,2
"frozenset({'TIME=Morning', 'LOCATION=APARTMENT'})",frozenset({'CRIME=BATTERY'}),0.04618517301606516,0.18293790098051083,0.012450931225897938,0.26958719460825614,1.473654137077786,1.0,0.0040019126179172484,1.1186305784730495,0.3369781161473088,0.057464384053633424,0.10604982623931317,0.16882408294751694,2,1
"frozenset({'LOCATION=STREET', 'DOMESTIC=N', 'DAY=Saturday'})",frozenset({'TIME=Night'}),0.03812665363930344,0.19832863541252357,0.011136666263164266,0.2920966095929244,1.4727909007459432,1.0,0.0035750590740352894,1.1324587160494883,0.33374143327736294,0.04942630185348632,0.11696560251799923,0.17412459907439135,3,1
"frozenset({'LOCATION=STREET', 'DAY=Saturday'})",frozenset({'TIME=Night'}),0.04188787244712677,0.19832863541252357,0.01221747626541235,0.29167096707606566,1.470644753186498,1.0,0.003909911682639853,1.1317782094547661,0.33401741160137155,0.05358564981607189,0.11643465862295596,0.17663657345628897,2,1
frozenset({'CRIME=CRIMINAL DAMAGE'}),"frozenset({'LOCATION=STREET', 'DOMESTIC=N'})",0.11144015771179552,0.2548549985300984,0.04170629636674909,0.374248360941925,1.4684756551781981,1.0,0.013305215136915509,1.1907999195839833,0.3590323605055864,0.12848961108151305,0.160228361159649,0.2689477597754578,1,2
"frozenset({'LOCATION=STREET', 'DAY=Friday'})","frozenset({'TIME=Evening', 'ARREST=N', 'DOMESTIC=N'})",0.04049146592422225,0.18082815985612258,0.01073892818233697,0.2652146060217809,1.4666665094242017,1.0,0.0034169309093829685,1.114845023944719,0.3316090829666643,0.05099673571619207,0.10301433964189596,0.16230104150516447,2,3
"frozenset({'DAY=Wednesday', 'CRIME=THEFT'})","frozenset({'DOMESTIC=N', 'TIME=Afternoon'})",0.03191848098639044,0.2616900409843153,0.01223476922544832,0.3833130163890017,1.464759663559287,1.0,0.0038820206279627165,1.1972199489156161,0.32775560500877565,0.04348226906766639,0.16473159263195397,0.21503295992997523,2,2
"frozenset({'ARREST=Y', 'CRIME=NARCOTICS'})","frozenset({'DOMESTIC=N', 'TIME=Afternoon'})",0.02672626973559064,0.2616900409843153,0.010237432341293859,0.38304755742478164,1.4637452613175297,1.0,0.0032434337188292786,1.1967048155833673,0.3255209777719672,0.036801616287201806,0.16437204314873421,0.21108400405147326,2,2
"frozenset({'DAY=Friday', 'CRIME=THEFT'})","frozenset({'DOMESTIC=N', 'TIME=Afternoon'})",0.03342729174952877,0.2616900409843153,0.012801113666626316,0.38295395757889283,1.4633875868506805,1.0,0.004053524318697467,1.1965232871744442,0.32760498423542966,0.04534317478790848,0.164245267334937,0.2159355206935947,2,2
frozenset({'CRIME=NARCOTICS'}),"frozenset({'DOMESTIC=N', 'TIME=Afternoon'})",0.028105383298459196,0.2616900409843153,0.010760544382381932,0.38286417474234735,1.4630444983777382,1.0,0.003405645475128254,1.1963492132504903,0.32564620141117856,0.03856343832793641,0.1641236614491581,0.21199180057597783,1,2
"frozenset({'LOCATION=STREET', 'ARREST=Y'})",frozenset({'TIME=Evening'}),0.044019229771559996,0.2789830010202846,0.01790686011724627,0.40679630720879983,1.458140122233548,1.0,0.005626243292975003,1.2154627621873282,0.32866231558714687,0.05869266412549065,0.17726808989161022,0.23549125614426447,2,1
frozenset({'CRIME=ASSAULT'}),frozenset({'DOMESTIC=Y'}),0.09008767530738236,0.19174001763881923,0.0251699033323534,0.27939341587484406,1.4571471272164873,1.0,0.007896490879875685,1.121638353252683,0.34478871509327647,0.09806795020802804,0.10844703455435438,0.20533220657330398,1,1
frozenset({'CRIME=CRIMINAL DAMAGE'}),frozenset({'LOCATION=STREET'}),0.11144015771179552,0.2777638473377488,0.04506545385373614,0.40439151181285643,1.4558824544258775,1.0,0.014111406899782325,1.2126021824513027,0.352403232858536,0.13095148363106454,0.17532723058565058,0.2833176410719561,1,1
frozenset({'CRIME=BURGLARY'}),"frozenset({'ARREST=N', 'TIME=Evening', 'DOMESTIC=N'})",0.056310201117125216,0.18082815985612258,0.014815743510816746,0.2631094049904031,1.4550245116675868,1.0,0.004633273461678815,1.111660056040217,0.33138681287297106,0.06664073894020417,0.10044442582380374,0.1725210639363759,1,3
"frozenset({'DOMESTIC=N', 'TIME=Night', 'DAY=Sunday'})",frozenset({'LOCATION=STREET'}),0.028122676258495165,0.2777638473377488,0.01136579798364086,0.4041506533435819,1.4550153204500809,1.0,0.003554335228647277,1.2121120157554035,0.32177107717153325,0.03859082568807339,0.17499374067603213,0.22253478907587507,3,1
frozenset({'CRIME=CRIMINAL DAMAGE'}),frozenset({'TIME=Night'}),0.11144015771179552,0.19832863541252357,0.032143289466858044,0.288435426930985,1.454330718965717,1.0,0.010041515057721221,1.1266319248157988,0.3515784464167326,0.11577931077440552,0.1123986654616615,0.22525313580881676,1,1
"frozenset({'TIME=Evening', 'DOMESTIC=N', 'ARREST=Y'})",frozenset({'LOCATION=STREET'}),0.04133882096598475,0.2777638473377488,0.016696352914728416,0.403890399498013,1.4540783596178368,1.0,0.0052139229588101,1.211582823115166,0.3257450709101611,0.05521165420520666,0.17463339614798598,0.23200014223838375,3,1
"frozenset({'DAY=Tuesday', 'ARREST=N', 'CRIME=THEFT'})","frozenset({'TIME=Afternoon', 'DOMESTIC=N'})",0.02813132273851315,0.2616900409843153,0.010704342262265031,0.3805132933763639,1.4540610408600547,1.0,0.003342655261880524,1.1918092044939372,0.3213098331829927,0.0383507326291007,0.1609395226775267,0.21070897689914825,3,2
"frozenset({'ARREST=N', 'CRIME=CRIMINAL DAMAGE'})",frozenset({'TIME=Night'}),0.10640358310131945,0.19832863541252357,0.030669064623791653,0.2882333820900374,1.4533119813511144,1.0,0.009566187184303913,1.1263121146949977,0.3490574609167125,0.11190509993216916,0.11214663595197386,0.22143549213493696,2,1
frozenset({'CRIME=BURGLARY'}),frozenset({'LOCATION=STREET'}),0.056310201117125216,0.2777638473377488,0.02262351496705691,0.40176583493282153,1.4464295435982053,1.0,0.006982576860401813,1.2072800164817532,0.32705920986681136,0.07263919157146626,0.1716917481048078,0.24160728671729403,1,1
"frozenset({'ARREST=N', 'DAY=Thursday', 'CRIME=THEFT'})","frozenset({'DOMESTIC=N', 'TIME=Afternoon'})",0.02890085946011379,0.2616900409843153,0.010933473982741625,0.3783096484667165,1.445640220177087,1.0,0.003370406886142511,1.1875847151154602,0.3174392232871601,0.039095954364864655,0.1579548075416435,0.21004494664997123,3,2
frozenset({'LOCATION=STREET'}),"frozenset({'DOMESTIC=N', 'TIME=Night'})",0.2777638473377488,0.15446071904127828,0.06189150396873433,0.22282058864729415,1.4425712247768787,1.0,0.0189879003852738,1.0879589302128234,0.42478256644880596,0.16712389535494568,0.08084765680963452,0.31175736105002416,1,2
"frozenset({'DOMESTIC=N', 'TIME=Night'})",frozenset({'LOCATION=STREET'}),0.15446071904127828,0.2777638473377488,0.06189150396873433,0.4006941334527542,1.4425712247768785,1.0,0.0189879003852738,1.2051211125685088,0.36283746174645204,0.16712389535494568,0.1702078823690413,0.31175736105002416,2,1
"frozenset({'CRIME=BURGLARY', 'LOCATION=STREET'})","frozenset({'ARREST=N', 'DOMESTIC=N'})",0.02262351496705691,0.6856183097860861,0.022368443806526365,0.9887253965220716,1.4420930456634908,1.0,0.006857347713392584,27.884057371007266,0.31365954980116695,0.03261308053048258,0.9641372133655212,0.5106753050622641,2,2
"frozenset({'DAY=Friday', 'DOMESTIC=N', 'TIME=Afternoon'})",frozenset({'CRIME=THEFT'}),0.040426617324087366,0.2199794213775572,0.012801113666626316,0.3166506256015399,1.4394556709832556,1.0,0.003908089779421649,1.1414667340686169,0.3181548774206697,0.05169975381069613,0.12393417157622831,0.1874214745836837,3,1
"frozenset({'TIME=Evening', 'DOMESTIC=N', 'DAY=Sunday'})",frozenset({'LOCATION=STREET'}),0.030669064623791653,0.2777638473377488,0.01223476922544832,0.3989286721172822,1.436215245219448,1.0,0.0037160118412939026,1.2015814416008466,0.3133352345962012,0.04130602951264723,0.16776344459205625,0.22148802514329613,3,1
"frozenset({'ARREST=N', 'DOMESTIC=N', 'TIME=Night'})",frozenset({'LOCATION=STREET'}),0.1380367302471164,0.2777638473377488,0.05494405727428364,0.39803939991856935,1.4330137047481586,1.0,0.01660244400692159,1.199806353712436,0.35056014358527676,0.1522601205237873,0.16653216837383467,0.29792396306065594,3,1
frozenset({'CRIME=THEFT'}),"frozenset({'DOMESTIC=N', 'TIME=Afternoon'})",0.2199794213775572,0.2616900409843153,0.08240527781140297,0.3746044847984592,1.4314816237921395,1.0,0.02483885401540406,1.180548854396175,0.38642967234043774,0.20639286217015146,0.15293636830347174,0.34475049205643005,1,2
"frozenset({'DOMESTIC=N', 'TIME=Afternoon'})",frozenset({'CRIME=THEFT'}),0.2616900409843153,0.2199794213775572,0.08240527781140297,0.31489649931440084,1.4314816237921395,1.0,0.02483885401540406,1.1385441438291555,0.40826091120012337,0.20639286217015146,0.12168535105121481,0.34475049205643005,2,1
"frozenset({'ARREST=N', 'DAY=Friday', 'CRIME=THEFT'})","frozenset({'TIME=Afternoon', 'DOMESTIC=N'})",0.0305307209435039,0.2616900409843153,0.011417676863748769,0.37397337864627583,1.4290699685766428,1.0,0.0034280912487625395,1.1793587266611094,0.3096995499171927,0.040660795664490705,0.1520815699298662,0.2088019575328156,3,2
"frozenset({'ARREST=N', 'CRIME=ASSAULT'})",frozenset({'DOMESTIC=Y'}),0.07785722932194304,0.19174001763881923,0.02130492676431425,0.27364095729912824,1.427145781401699,1.0,0.006376580240815296,1.112755448539294,0.3245709282448643,0.08580582253795795,0.10132994512613465,0.19237728683878197,2,1
"frozenset({'DOMESTIC=N', 'DAY=Thursday', 'TIME=Afternoon'})",frozenset({'CRIME=THEFT'}),0.03906479672125478,0.2199794213775572,0.012247738945475296,0.31352368304559536,1.4252409660969396,1.0,0.003654287566501777,1.1362672817076243,0.31049363050689344,0.04962687874435063,0.11992537662691187,0.18460021583248853,3,1
"frozenset({'ARREST=N', 'DAY=Wednesday', 'CRIME=THEFT'})","frozenset({'TIME=Afternoon', 'DOMESTIC=N'})",0.029026233420374567,0.2616900409843153,0.010825392982516818,0.3729520405123622,1.4251671141536315,1.0,0.003229516769118694,1.1774377826202629,0.3072460982559341,0.03867719065198251,0.1506982239226211,0.20715963691541356,3,2
"frozenset({'DOMESTIC=N', 'CRIME=OTHER OFFENSE'})","frozenset({'ARREST=N', 'LOCATION=APARTMENT'})",0.042493126048385704,0.17362131876113235,0.010514119701869369,0.24743107131956454,1.4251191794020377,1.0,0.0031364071190656184,1.0980770660939339,0.31154272437852604,0.05113863363963243,0.08931710635102556,0.15399442012193365,2,2
"frozenset({'DAY=Tuesday', 'DOMESTIC=N', 'TIME=Afternoon'})",frozenset({'CRIME=THEFT'}),0.03885295796081415,0.2199794213775572,0.01217856710533142,0.3134527651051519,1.4249185816666172,1.0,0.0036317158943049693,1.1361499092511984,0.31026003669803287,0.049375142411441995,0.1198344585891228,0.18440753342811395,3,1
"frozenset({'DAY=Wednesday', 'DOMESTIC=N', 'TIME=Afternoon'})",frozenset({'CRIME=THEFT'}),0.03903453404119183,0.2199794213775572,0.01223476922544832,0.3134344888691992,1.4248355000954491,1.0,0.003647975013324381,1.136119665168904,0.3102760772891077,0.04957780035738061,0.11981102813555071,0.1845261393503868,3,1
"frozenset({'LOCATION=STREET', 'DAY=Thursday'})","frozenset({'TIME=Evening', 'DOMESTIC=N'})",0.037335500717657844,0.2221669808221073,0.011798121984540094,0.3160027790643816,1.4223660865131447,1.0,0.003503406512616429,1.1371873969223432,0.30846272750402426,0.04762985199664897,0.12063745807737918,0.18455376455408265,2,2
"frozenset({'LOCATION=STREET', 'DAY=Wednesday'})","frozenset({'TIME=Evening', 'DOMESTIC=N'})",0.03874055372058035,0.2221669808221073,0.012226122745430335,0.31558977792657067,1.4205071192792078,1.0,0.003619250889952342,1.1365011715071085,0.3079564592161841,0.04916379819894996,0.12010649432599786,0.18531050514573683,2,2
"frozenset({'LOCATION=RESIDENCE', 'CRIME=DECEPTIVE PRACTICE'})","frozenset({'ARREST=N', 'DOMESTIC=N'})",0.01238175938575406,0.6856183097860861,0.01204886990506165,0.9731145251396648,1.419324004697713,1.0,0.003559708962822943,11.693365724320117,0.29914315820951765,0.017565199853780897,0.9144814227506647,0.4953441267281284,2,2
"frozenset({'CRIME=THEFT', 'DAY=Saturday'})","frozenset({'DOMESTIC=N', 'TIME=Afternoon'})",0.03178878378612067,0.2616900409843153,0.011785152264513116,0.3707330341357269,1.416687592471076,1.0,0.0034663441326816605,1.1732857420882494,0.3037850302471904,0.04183676601491758,0.1476927025294197,0.2078839048526349,2,2
"frozenset({'LOCATION=STREET', 'ARREST=N', 'DAY=Friday'})","frozenset({'TIME=Evening', 'DOMESTIC=N'})",0.03413630311100351,0.2221669808221073,0.01073892818233697,0.31458966565349544,1.4160054950082455,1.0,0.0031549687837370112,1.1348428528138657,0.3041713362310364,0.043731624443231636,0.1188207270103698,0.18146342921897174,3,2
"frozenset({'LOCATION=STREET', 'DAY=Tuesday'})","frozenset({'TIME=Evening', 'DOMESTIC=N'})",0.03825635083957321,0.2221669808221073,0.01201428398498971,0.31404678494745164,1.413561924392869,1.0,0.003514986021690439,1.1339447095066182,0.3042050237393611,0.04836492107415723,0.11812278710211342,0.18406225293024375,2,2
"frozenset({'DAY=Friday', 'TIME=Afternoon', 'DOMESTIC=N'})","frozenset({'ARREST=N', 'CRIME=THEFT'})",0.040426617324087366,0.20035191173673197,0.011417676863748769,0.28242968666452783,1.4096680396823382,1.0,0.003318126797818576,1.1143829021385723,0.3028565966066642,0.04978040827097431,0.10264236997809642,0.16970889852938106,3,2
"frozenset({'CRIME=BATTERY', 'LOCATION=APARTMENT'})",frozenset({'ARREST=Y'}),0.0599330762446608,0.15407595068047797,0.013008629187057948,0.2170525860203419,1.4087376067564534,1.0,0.0037743834874562655,1.0804353322016338,0.3086424921239868,0.06471942012776116,0.07444715088845573,0.15074128220739869,2,1
"frozenset({'LOCATION=STREET', 'TIME=Evening', 'CRIME=MOTOR VEHICLE THEFT'})","frozenset({'ARREST=N', 'DOMESTIC=N'})",0.0220658170058969,0.6856183097860861,0.021257371124215333,0.9633620689655173,1.4050996818712262,1.0,0.006128642964583228,8.580770838779793,0.29481198832342237,0.03096815639643271,0.8834603535290074,0.4971833707103659,3,2
"frozenset({'CRIME=DECEPTIVE PRACTICE', 'LOCATION=APARTMENT'})","frozenset({'ARREST=N', 'DOMESTIC=N'})",0.013415013747903229,0.6856183097860861,0.012913517906860118,0.9626168224299065,1.4040127118691512,1.0,0.003715938855265598,8.409710213222196,0.29166847301108717,0.018821083141677956,0.8810898384551056,0.49072583613093107,2,2
"frozenset({'DAY=Tuesday', 'TIME=Evening', 'DOMESTIC=N'})",frozenset({'LOCATION=STREET'}),0.030837670984142355,0.2777638473377488,0.01201428398498971,0.38959764474975467,1.402621862002152,1.0,0.0034486938494986685,1.1832132468855852,0.29618306586788007,0.04050843257583488,0.15484380974252365,0.21642561812267108,3,1
"frozenset({'CRIME=DECEPTIVE PRACTICE', 'TIME=Morning'})","frozenset({'ARREST=N', 'DOMESTIC=N'})",0.014880592110951631,0.6856183097860861,0.01430560118975565,0.9613596746077862,1.4021791146559837,1.0,0.004103194778028826,8.136103591851814,0.29115693872316795,0.02084777157545898,0.8770910438011771,0.49111246503973854,2,2
"frozenset({'CRIME=DECEPTIVE PRACTICE', 'TIME=Afternoon'})","frozenset({'ARREST=N', 'DOMESTIC=N'})",0.023812405969529805,0.6856183097860861,0.022887232607605446,0.9611474219317356,1.4018695361732902,1.0,0.006561011074836313,8.091655839711388,0.2936596002694361,0.0333369016958118,0.876415900551244,0.49726465422170524,2,2
"frozenset({'ARREST=N', 'TIME=Afternoon', 'DAY=Saturday'})","frozenset({'DOMESTIC=N', 'CRIME=THEFT'})",0.036068791395023087,0.2081812993930171,0.010505473221851384,0.2912621359223301,1.3990792485758676,1.0,0.002996625361699804,1.1172236460619074,0.295917595437251,0.044944235855512604,0.10492406464462871,0.17086261674215936,3,2
"frozenset({'CRIME=DECEPTIVE PRACTICE', 'TIME=Night'})","frozenset({'ARREST=N', 'DOMESTIC=N'})",0.011080464143047366,0.6856183097860861,0.01062652394210317,0.9590323839250878,1.3987846739745142,1.0,0.003029554844701703,7.673907352554878,0.28828804805561525,0.015488928377884481,0.8696882886308147,0.48726578367445333,2,2
"frozenset({'ARREST=N', 'DOMESTIC=N', 'TIME=Night', 'CRIME=THEFT'})",frozenset({'LOCATION=STREET'}),0.027305583896795615,0.2777638473377488,0.010604907742058209,0.3883787207093097,1.398233515382792,1.0,0.0030204037050805795,1.180855174790261,0.29280714960819665,0.036014211886304916,0.15315610131647506,0.213279151635453,4,1
frozenset({'CRIME=DECEPTIVE PRACTICE'}),"frozenset({'ARREST=N', 'DOMESTIC=N'})",0.0579573555605513,0.6856183097860861,0.05552337143548861,0.9580038788602118,1.3972845607917186,1.0,0.01578674727639221,7.485969696283698,0.30181878371134313,0.08069644113803157,0.866416771564486,0.519493398484643,1,2
"frozenset({'CRIME=BATTERY', 'TIME=Afternoon'})",frozenset({'LOCATION=APARTMENT'}),0.05177944558770125,0.19613675272796444,0.014188873709512858,0.2740252149954079,1.3971130406929513,1.0,0.004033021393886808,1.107288109554591,0.29975969443682865,0.06070695299927862,0.09689267736989249,0.17318347683291818,2,1
"frozenset({'CRIME=BATTERY', 'DOMESTIC=Y'})",frozenset({'ARREST=Y'}),0.09777439604337074,0.15407595068047797,0.021045532363774707,0.2152458436505129,1.3970112967006045,1.0,0.005980849341182797,1.0779478419771418,0.3149834959827492,0.0911832468578493,0.07231132986376403,0.17591888972559036,2,1
"frozenset({'DOMESTIC=N', 'DAY=Thursday', 'TIME=Afternoon'})","frozenset({'ARREST=N', 'CRIME=THEFT'})",0.03906479672125478,0.20035191173673197,0.010933473982741625,0.2798804780876494,1.396944384815355,1.0,0.003106767278031412,1.110438009151205,0.2957034848393248,0.04785241248817408,0.09945445692697538,0.16722591325567976,3,2
"frozenset({'DAY=Monday', 'TIME=Evening', 'DOMESTIC=N'})",frozenset({'LOCATION=STREET'}),0.03112732806474484,0.2777638473377488,0.012074809345115603,0.3879166666666667,1.3965700374065486,1.0,0.003428762944507795,1.1799637620077623,0.29308289426283035,0.04068107667210441,0.1525163465202913,0.21569408019320666,3,1
"frozenset({'ARREST=N', 'CRIME=THEFT'})","frozenset({'DOMESTIC=N', 'TIME=Afternoon'})",0.20035191173673197,0.2616900409843153,0.07321406955228527,0.36542735688237704,1.3964129299986596,1.0,0.020783969558613953,1.1634758715541307,0.355005471674111,0.18829428835099343,0.14050645617237018,0.3226006784907499,2,2
"frozenset({'DOMESTIC=N', 'TIME=Afternoon'})","frozenset({'ARREST=N', 'CRIME=THEFT'})",0.2616900409843153,0.20035191173673197,0.07321406955228527,0.27977400009912273,1.3964129299986596,1.0,0.020783969558613953,1.1102738423402119,0.3844990078769503,0.18829428835099343,0.09932130086734182,0.3226006784907499,2,2
"frozenset({'LOCATION=STREET', 'CRIME=MOTOR VEHICLE THEFT'})","frozenset({'ARREST=N', 'DOMESTIC=N'})",0.05928026700330295,0.6856183097860861,0.056634444117799644,0.95536756126021,1.3934393927698432,1.0,0.015990807651327182,7.043793686622859,0.30014388735536085,0.08228591528947683,0.8580310491065151,0.5189855102582633,2,2
"frozenset({'TIME=Evening', 'CRIME=MOTOR VEHICLE THEFT'})","frozenset({'ARREST=N', 'DOMESTIC=N'})",0.027936776938108497,0.6856183097860861,0.02668736057550971,0.9552770040235221,1.393307311646286,1.0,0.0075333947903328535,7.0295310801464055,0.290395974303727,0.03885371165296643,0.8577430004080482,0.49710075979761004,2,2
"frozenset({'CRIME=BURGLARY', 'TIME=Evening'})","frozenset({'ARREST=N', 'DOMESTIC=N'})",0.015520431632282498,0.6856183097860861,0.014815743510816746,0.9545961002785515,1.3923141880157588,1.0,0.004174651407940714,6.924112072809505,0.2862134631304523,0.02158712961096553,0.8555771498952294,0.4881027087221535,2,2
"frozenset({'LOCATION=STREET', 'TIME=Afternoon', 'CRIME=THEFT'})","frozenset({'ARREST=N', 'DOMESTIC=N'})",0.011806768464558078,0.6856183097860861,0.011270686703443028,0.9545953863053827,1.3923131466591343,1.0,0.0031757500647370557,6.924003193340316,0.2851373197720768,0.016425875637156376,0.8555748788559449,0.4855170526290737,3,2
"frozenset({'DAY=Wednesday', 'CRIME=MOTOR VEHICLE THEFT'})","frozenset({'ARREST=N', 'DOMESTIC=N'})",0.010907534542687673,0.6856183097860861,0.010406038701644561,0.9540229885057472,1.391478283016397,1.0,0.0029276333045536902,6.837801762152637,0.28444240936471377,0.015166503890866705,0.8537541691344404,0.48460029297157414,2,2
"frozenset({'ARREST=N', 'TIME=Night', 'CRIME=THEFT'})","frozenset({'LOCATION=STREET', 'DOMESTIC=N'})",0.029908174382209003,0.2548549985300984,0.010604907742058209,0.35458224920497255,1.3913097692808107,1.0,0.0029826600038424063,1.1545158163871847,0.28992389513431416,0.03868169991326973,0.13383603255493676,0.19809689220214702,3,2
"frozenset({'TIME=Evening', 'DAY=Wednesday', 'DOMESTIC=N'})",frozenset({'LOCATION=STREET'}),0.03163747038580594,0.2777638473377488,0.012226122745430335,0.38644438371139656,1.3912695529504853,1.0,0.003438377251034786,1.1771323307755799,0.2904201844482727,0.04114112803503106,0.15047784020924176,0.21523031649577049,3,1
"frozenset({'LOCATION=STREET', 'TIME=Night', 'CRIME=MOTOR VEHICLE THEFT'})","frozenset({'ARREST=N', 'DOMESTIC=N'})",0.014737925190654885,0.6856183097860861,0.014037560309198125,0.952478732766207,1.3892259281456205,1.0,0.003932968950227543,6.615599888513765,0.28436563826524375,0.020453414466680524,0.8488421281740096,0.4864765202840676,3,2
"frozenset({'TIME=Evening', 'DOMESTIC=N'})",frozenset({'LOCATION=STREET'}),0.2221669808221073,0.2777638473377488,0.08569958669825514,0.38574403082371717,1.3887481561078363,1.0,0.023989631353694765,1.1757902062079588,0.3598806296870374,0.20688827427855766,0.14950813953018022,0.34713900789423185,2,1
frozenset({'LOCATION=STREET'}),"frozenset({'TIME=Evening', 'DOMESTIC=N'})",0.2777638473377488,0.2221669808221073,0.08569958669825514,0.30853398496474654,1.3887481561078363,1.0,0.023989631353694765,1.1249041923459333,0.3875838057971261,0.20688827427855766,0.11103540478896388,0.34713900789423185,1,2
"frozenset({'DAY=Saturday', 'CRIME=MOTOR VEHICLE THEFT'})","frozenset({'ARREST=N', 'DOMESTIC=N'})",0.011819738184585055,0.6856183097860861,0.011249070503398066,0.9517190929041697,1.3881179649375284,1.0,0.0031452415871687997,6.51151167458212,0.28294446051432737,0.01639354590759887,0.8464258301334958,0.48406314190952515,2,2
"frozenset({'DAY=Monday', 'LOCATION=STREET'})","frozenset({'TIME=Evening', 'DOMESTIC=N'})",0.03918152420149757,0.2221669808221073,0.012074809345115603,0.3081761006289308,1.387137276153977,1.0,0.0033699684092605587,1.1243222731753175,0.2904719511148066,0.048439966007041396,0.11057530046452418,0.18126312669267863,2,2
"frozenset({'DAY=Thursday', 'CRIME=MOTOR VEHICLE THEFT'})","frozenset({'ARREST=N', 'DOMESTIC=N'})",0.010583291542013247,0.6856183097860861,0.010064502740934166,0.9509803921568627,1.3870405422130134,1.0,0.002808404281925663,6.413386480363838,0.28202529615638605,0.014668355291760393,0.8440761362095133,0.4828299232978476,2,2
"frozenset({'DOMESTIC=N', 'DAY=Thursday', 'CRIME=THEFT'})","frozenset({'ARREST=N', 'TIME=Afternoon'})",0.030037871582478774,0.262424991785844,0.010933473982741625,0.36398963730569944,1.3870235255746481,1.0,0.0030507857794453957,1.1596902369477158,0.2876727729773386,0.038835995085995084,0.1377007685845641,0.20282643592439384,3,2
"frozenset({'LOCATION=STREET', 'TIME=Night', 'CRIME=THEFT'})","frozenset({'ARREST=N', 'DOMESTIC=N'})",0.011153959223200236,0.6856183097860861,0.010604907742058209,0.9507751937984495,1.3867412527169714,1.0,0.002957549072024737,6.386651659463755,0.28203070012410436,0.015455278610852089,0.8434234316634135,0.48312142459219215,3,2
"frozenset({'LOCATION=STREET', 'CRIME=THEFT'})","frozenset({'ARREST=N', 'DOMESTIC=N'})",0.046453213896622686,0.6856183097860861,0.04414892697182977,0.9503955328059562,1.3861875029307211,1.0,0.012299752975895799,6.337769721104134,0.2921690644856697,0.06417717223262655,0.8422157882022597,0.5073941986902112,2,2
"frozenset({'TIME=Night', 'CRIME=MOTOR VEHICLE THEFT'})","frozenset({'ARREST=N', 'DOMESTIC=N'})",0.01914330675981808,0.6856183097860861,0.01818354747782178,0.9498644986449865,1.3854129697051785,1.0,0.005058545853438753,6.270640199401852,0.28362304555853124,0.026484311540132612,0.8405266498793236,0.4881929420565416,2,2
"frozenset({'CRIME=BURGLARY', 'TIME=Afternoon'})","frozenset({'ARREST=N', 'DOMESTIC=N'})",0.012731941826482438,0.6856183097860861,0.012092102305151573,0.9497453310696096,1.3852391593304028,1.0,0.003362849869783911,6.255770795134984,0.28168944891445924,0.01762034056332172,0.8401475960759809,0.48369105773098486,2,2
"frozenset({'DAY=Monday', 'CRIME=MOTOR VEHICLE THEFT'})","frozenset({'ARREST=N', 'DOMESTIC=N'})",0.010838362702543795,0.6856183097860861,0.010289311221401767,0.9493418428400479,1.384650656625906,1.0,0.0028583313044351346,6.205944073750253,0.2808400213770588,0.014995337584112502,0.8388641618235371,0.4821745944364374,2,2
"frozenset({'DAY=Wednesday', 'TIME=Afternoon', 'DOMESTIC=N'})","frozenset({'ARREST=N', 'CRIME=THEFT'})",0.03903453404119183,0.20035191173673197,0.010825392982516818,0.2773286078192491,1.384207444866644,1.0,0.003004749463611492,1.1065168718665208,0.28883965294630803,0.04736324430657486,0.09626321529724474,0.16568025022298363,3,2
"frozenset({'LOCATION=STREET', 'TIME=Afternoon', 'CRIME=MOTOR VEHICLE THEFT'})","frozenset({'ARREST=N', 'DOMESTIC=N'})",0.012597921386203676,0.6856183097860861,0.011953758624863819,0.9488675360329445,1.3839588623719699,1.0,0.003316393057236867,6.148377485123133,0.28097486940060007,0.017418639519207753,0.837355464523829,0.4831512704914232,3,2
frozenset({'CRIME=MOTOR VEHICLE THEFT'}),"frozenset({'ARREST=N', 'DOMESTIC=N'})",0.07860514984349871,0.6856183097860861,0.07457589015511785,0.948740512594874,1.3837735939270386,1.0,0.020682760178936235,6.133141514452124,0.30099845733224145,0.10813623284708597,0.8369514224246087,0.5287561216474929,1,2
"frozenset({'TIME=Evening', 'DAY=Friday', 'DOMESTIC=N'})",frozenset({'LOCATION=STREET'}),0.034663738392100574,0.2777638473377488,0.013319902467705397,0.3842604140683462,1.38340686792512,1.0,0.0036915691288063116,1.172957154556599,0.28709877567983993,0.044532130777903044,0.1474539405678295,0.2161072339139689,3,1
"frozenset({'LOCATION=STREET', 'DOMESTIC=N', 'CRIME=MOTOR VEHICLE THEFT'})","frozenset({'ARREST=N', 'TIME=Night'})",0.058579902121846196,0.17326248984038597,0.014037560309198125,0.2396309963099631,1.383051787670358,1.0,0.003887860612960944,1.0872846028013947,0.2941952019798664,0.06445017864231838,0.0802776040206083,0.16032501733056853,3,2
"frozenset({'ARREST=N', 'TIME=Afternoon', 'DAY=Saturday'})",frozenset({'CRIME=THEFT'}),0.036068791395023087,0.2199794213775572,0.010968059902813564,0.3040872587798154,1.3823441159884744,1.0,0.003033668041948571,1.1208597463739303,0.28694073170400336,0.04475295030781986,0.10782771596974668,0.17697337016777065,3,1
"frozenset({'DAY=Monday', 'CRIME=THEFT'})","frozenset({'DOMESTIC=N', 'TIME=Afternoon'})",0.031170560464834764,0.2616900409843153,0.01127500994345202,0.3617198335644938,1.3822453166499136,1.0,0.003117984697905333,1.1567176889402624,0.28543663891679294,0.04004114657700398,0.13548482091930364,0.2024025973921823,2,2
"frozenset({'TIME=Evening', 'DOMESTIC=N', 'DAY=Thursday'})",frozenset({'LOCATION=STREET'}),0.030742559703944523,0.2777638473377488,0.011798121984540094,0.3837716214315849,1.3816471261824628,1.0,0.00325895032416202,1.1720267643955429,0.28498743660884823,0.03976337223703575,0.14677716381695713,0.2131234953490163,3,1
"frozenset({'TIME=Morning', 'CRIME=MOTOR VEHICLE THEFT'})","frozenset({'ARREST=N', 'DOMESTIC=N'})",0.014033237069189132,0.6856183097860861,0.01328963978764245,0.9470117067159581,1.3812520657615273,1.0,0.0036681955074375494,5.93304050252538,0.2799477555347741,0.019362437878320243,0.8314523557399696,0.4831975722035484,2,2
"frozenset({'DAY=Friday', 'CRIME=MOTOR VEHICLE THEFT'})","frozenset({'ARREST=N', 'DOMESTIC=N'})",0.011655455064243347,0.6856183097860861,0.011037231742957442,0.9469584569732937,1.3811743990161904,1.0,0.0030460383420232405,5.927084173543435,0.27923305951618965,0.016083713428924225,0.831282976465279,0.4815283365584551,2,2
frozenset({'CRIME=BURGLARY'}),"frozenset({'ARREST=N', 'DOMESTIC=N'})",0.056310201117125216,0.6856183097860861,0.05332284227091151,0.9469481765834933,1.3811594046823845,1.0,0.014715537357273545,5.925935622338971,0.2924378447690657,0.07743596182822703,0.8312502761200603,0.5123607702179837,1,2
"frozenset({'LOCATION=STREET', 'CRIME=MOTOR VEHICLE THEFT'})","frozenset({'ARREST=N', 'TIME=Night'})",0.05928026700330295,0.17326248984038597,0.014184550469503865,0.239279463243874,1.381022883050478,1.0,0.00391350381010872,1.0867821627177285,0.29328505291304335,0.06496000633563001,0.07985239884754045,0.16057343424438877,2,2
"frozenset({'DAY=Monday', 'DOMESTIC=N', 'TIME=Afternoon'})",frozenset({'CRIME=THEFT'}),0.037119338717208225,0.2199794213775572,0.01127500994345202,0.3037502911716748,1.3808123017577139,1.0,0.0031095192905229996,1.120317278028152,0.28642034103644465,0.0458662352051494,0.10739571761306778,0.17750256535275366,3,1
"frozenset({'DAY=Tuesday', 'CRIME=MOTOR VEHICLE THEFT'})","frozenset({'ARREST=N', 'DOMESTIC=N'})",0.010868625382606741,0.6856183097860861,0.010280664741383783,0.9459029435163087,1.3796348930813003,1.0,0.002828936176862796,5.811438008807202,0.27819413841986673,0.01498188691132462,0.8279255498407614,0.480448839166991,2,2
"frozenset({'ARREST=N', 'CRIME=THEFT', 'DAY=Saturday'})","frozenset({'TIME=Afternoon', 'DOMESTIC=N'})",0.029104051740536426,0.2616900409843153,0.010505473221851384,0.3609625668449198,1.379351562203907,1.0,0.002889232729060773,1.1553469651542514,0.2832658481365377,0.03748091249826477,0.13445914503571735,0.20055364303984602,3,2
"frozenset({'LOCATION=STREET', 'TIME=Evening', 'CRIME=THEFT'})","frozenset({'ARREST=N', 'DOMESTIC=N'})",0.0137133173085237,0.6856183097860861,0.012948103826932057,0.9441992433795713,1.3771499825816538,1.0,0.0035460023923017583,5.634004075471953,0.2776704613942315,0.018864240454505375,0.8225063406763278,0.48154226903607067,3,2
"frozenset({'CRIME=BURGLARY', 'TIME=Night'})","frozenset({'ARREST=N', 'DOMESTIC=N'})",0.0166487972746295,0.6856183097860861,0.01571065419267816,0.9436509997403271,1.3763503486870816,1.0,0.004295933945275485,5.5791884286349305,0.27807034276751486,0.022883266375325867,0.8207624616391256,0.48328278883724196,2,2
frozenset({'CRIME=DECEPTIVE PRACTICE'}),"frozenset({'ARREST=N', 'TIME=Morning'})",0.0579573555605513,0.18279523406021408,0.014569318830304183,0.2513799791138296,1.3751998535750838,1.0,0.003974990455102157,1.0916148955947358,0.2896184866487907,0.06441377728506441,0.08392602186398536,0.1655414629971494,1,2
"frozenset({'DAY=Tuesday', 'TIME=Afternoon', 'DOMESTIC=N'})","frozenset({'ARREST=N', 'CRIME=THEFT'})",0.03885295796081415,0.20035191173673197,0.010704342262265031,0.27550906865472347,1.3751257288562841,1.0,0.0029200778581890364,1.1037378849980017,0.2838210553938661,0.04684602868278654,0.09398779040568093,0.1644683853944053,3,2
"frozenset({'DAY=Sunday', 'CRIME=MOTOR VEHICLE THEFT'})","frozenset({'ARREST=N', 'DOMESTIC=N'})",0.011932142424818857,0.6856183097860861,0.011249070503398066,0.9427536231884057,1.3750414913547835,1.0,0.0030681751819669114,5.491730791078489,0.27604300232472523,0.016390860929655363,0.8179080442864142,0.4795804070516432,2,2
"frozenset({'DAY=Tuesday', 'DOMESTIC=N', 'CRIME=THEFT'})","frozenset({'ARREST=N', 'TIME=Afternoon'})",0.029679042661732408,0.262424991785844,0.010704342262265031,0.36067006554989073,1.3743739233655807,1.0,0.002915819735548191,1.1536688155366097,0.2807277033908325,0.0380396374251037,0.1332001120834088,0.20073008392731517,3,2
"frozenset({'ARREST=N', 'TIME=Evening', 'DOMESTIC=N'})",frozenset({'LOCATION=STREET'}),0.18082815985612258,0.2777638473377488,0.06900323378352673,0.3815956200540321,1.3738131283515396,1.0,0.018775708394884662,1.167902712340678,0.332163473189751,0.17711812683792932,0.14376429694573808,0.3150098600200121,3,1
frozenset({'LOCATION=STREET'}),"frozenset({'ARREST=N', 'TIME=Evening', 'DOMESTIC=N'})",0.2777638473377488,0.18082815985612258,0.06900323378352673,0.24842409998599202,1.3738131283515393,1.0,0.018775708394884662,1.0899389404697644,0.37674514431109496,0.17711812683792932,0.08251741187538508,0.3150098600200121,1,3
"frozenset({'LOCATION=STREET', 'CRIME=THEFT'})","frozenset({'ARREST=N', 'TIME=Night'})",0.046453213896622686,0.17326248984038597,0.011041554982966434,0.237691949744067,1.3718604065024989,1.0,0.002992955482149569,1.0845189289055126,0.28426802420349845,0.05291290295848181,0.0779321841720257,0.15070963732181766,2,2
"frozenset({'CRIME=DECEPTIVE PRACTICE', 'DOMESTIC=N'})","frozenset({'ARREST=N', 'TIME=Morning'})",0.05706244487868989,0.18279523406021408,0.01430560118975565,0.2507008106674748,1.3714843932139507,1.0,0.003874858222107468,1.0906254505196395,0.28725445307156694,0.06342482557693782,0.08309493463265509,0.16448053162861465,2,2
"frozenset({'ARREST=N', 'DAY=Friday', 'TIME=Afternoon'})","frozenset({'DOMESTIC=N', 'CRIME=THEFT'})",0.04005481868331402,0.2081812993930171,0.011417676863748769,0.2850512682137075,1.3692453118739099,1.0,0.0030790126633047574,1.107518155362877,0.2809229979457419,0.04821278615502575,0.09708026441124004,0.16994807045689736,3,2
"frozenset({'LOCATION=STREET', 'DOMESTIC=N', 'CRIME=THEFT'})","frozenset({'ARREST=N', 'TIME=Night'})",0.04470662493298978,0.17326248984038597,0.010604907742058209,0.23721110144086643,1.369085147393366,1.0,0.00285892659380812,1.0838352678195446,0.2822015168988596,0.05114145731262379,0.07735056268117582,0.14920913881335435,3,2
"frozenset({'TIME=Afternoon', 'CRIME=MOTOR VEHICLE THEFT'})","frozenset({'ARREST=N', 'DOMESTIC=N'})",0.017491829076383004,0.6856183097860861,0.01641534231414391,0.9384577360355907,1.3687757789438133,1.0,0.004422624027727081,5.108386821708817,0.27421670410296617,0.023904859038769058,0.8042434852916076,0.48120006400238446,2,2
"frozenset({'CRIME=BURGLARY', 'TIME=Morning'})","frozenset({'ARREST=N', 'DOMESTIC=N'})",0.011409030383730784,0.6856183097860861,0.010704342262265031,0.9382341796134899,1.3684497135238707,1.0,0.00288210213427343,5.089897426224035,0.27235336229054,0.015596653900423302,0.8035323865569812,0.4769234319868457,2,2
"frozenset({'DOMESTIC=N', 'TIME=Night', 'CRIME=THEFT'})",frozenset({'LOCATION=STREET'}),0.02817023189859408,0.2777638473377488,0.010700019022256039,0.3798342541436464,1.3674718930638388,1.0,0.0028753470297059706,1.1645856893707567,0.276512978462514,0.036242495240884465,0.1413255296479601,0.20917812724303209,3,1
"frozenset({'ARREST=N', 'CRIME=ASSAULT'})",frozenset({'LOCATION=APARTMENT'}),0.07785722932194304,0.19613675272796444,0.020859633043388035,0.26792159475817645,1.365993833546206,1.0,0.005588968907785671,1.0980562211864446,0.29055400326287933,0.08240538324907774,0.08929981843779865,0.18713704495447175,2,1
"frozenset({'DAY=Thursday', 'CRIME=THEFT'})","frozenset({'ARREST=N', 'TIME=Afternoon'})",0.03160720770574299,0.262424991785844,0.011318242343541944,0.35809054848857885,1.364544382955737,1.0,0.003023721120988875,1.1490327903374589,0.2758742696792025,0.04003425390708627,0.12970281752680837,0.20060999311218286,2,2
"frozenset({'DAY=Friday', 'DOMESTIC=N', 'CRIME=THEFT'})","frozenset({'ARREST=N', 'TIME=Afternoon'})",0.031927127466408425,0.262424991785844,0.011417676863748769,0.35761679079214626,1.3627390758727165,1.0,0.0030392007006309427,1.1481853785121294,0.2749625726251577,0.04035449614179846,0.12906049953723917,0.20056256748549506,3,2
"frozenset({'ARREST=N', 'TIME=Afternoon', 'DAY=Thursday'})","frozenset({'DOMESTIC=N', 'CRIME=THEFT'})",0.038571947360229654,0.2081812993930171,0.010933473982741625,0.2834566240753194,1.3615854301120152,1.0,0.002903515861169959,1.1050534094815423,0.2762162577994962,0.046363686362219735,0.09506636383379004,0.16798781280602784,3,2
"frozenset({'TIME=Night', 'CRIME=THEFT'})","frozenset({'LOCATION=STREET', 'DOMESTIC=N'})",0.03084631746416034,0.2548549985300984,0.010700019022256039,0.34688156972669937,1.3610938444502694,1.0,0.0028386808302685064,1.1409033445252679,0.27374069458531003,0.03890897657601006,0.12350156146128044,0.19443315127556343,2,2
"frozenset({'TIME=Evening', 'ARREST=N', 'DAY=Friday', 'DOMESTIC=N'})",frozenset({'LOCATION=STREET'}),0.028429626299133624,0.2777638473377488,0.01073892818233697,0.3777372262773722,1.359922214131993,1.0,0.0028422058031151703,1.1606610312578112,0.27240829033418307,0.03634714154021743,0.1384220086063392,0.20819965331051757,4,1
"frozenset({'DOMESTIC=N', 'CRIME=MOTOR VEHICLE THEFT'})","frozenset({'ARREST=N', 'TIME=Night'})",0.07725197572068411,0.17326248984038597,0.01818354747782178,0.2353797078739717,1.3585150951646243,1.0,0.004798677819367006,1.0812393009618784,0.2859959306844489,0.07826572385560104,0.07513535707554028,0.17016384151090605,2,2
"frozenset({'DAY=Wednesday', 'DOMESTIC=N', 'CRIME=THEFT'})","frozenset({'ARREST=N', 'TIME=Afternoon'})",0.030370761063171183,0.262424991785844,0.010825392982516818,0.35644128113879003,1.3582596638877653,1.0,0.0028553462599842892,1.1460881293307776,0.2720253685514474,0.03839195363527644,0.1274667502368088,0.19884633042623429,3,2
"frozenset({'DAY=Tuesday', 'CRIME=THEFT'})","frozenset({'ARREST=N', 'TIME=Afternoon'})",0.031313227385131516,0.262424991785844,0.011153959223200236,0.3562059919922684,1.3573630680836826,1.0,0.002936585783868833,1.1456692653860459,0.27178799514329743,0.03947126858821369,0.12714774655053784,0.19935470519367623,2,2
frozenset({'CRIME=MOTOR VEHICLE THEFT'}),"frozenset({'ARREST=N', 'TIME=Night'})",0.07860514984349871,0.17326248984038597,0.018451588358379303,0.23473765262347376,1.3548094157005381,1.0,0.00483226438221809,1.0803321409890831,0.2842308078977283,0.07905021207238243,0.07435874389105568,0.17061632487699874,1,2
"frozenset({'TIME=Afternoon', 'LOCATION=APARTMENT'})",frozenset({'CRIME=BATTERY'}),0.057343455479274386,0.18293790098051083,0.014188873709512858,0.2474366706875754,1.3525719348552923,1.0,0.003698582329165029,1.0857054379277205,0.276524668368597,0.06275694590511885,0.07893986244676625,0.16249890960823293,2,1
"frozenset({'DOMESTIC=N', 'CRIME=THEFT', 'LOCATION=APARTMENT'})",frozenset({'TIME=Afternoon'}),0.023868608089646706,0.31149808912791604,0.010055856260916181,0.42130048904184025,1.3524978282253093,1.0,0.0026208304508481134,1.1897399217291944,0.26700020173252326,0.03091153135673183,0.1594801672733836,0.22679136482292422,3,1
"frozenset({'CRIME=BATTERY', 'ARREST=N', 'TIME=Afternoon'})",frozenset({'LOCATION=APARTMENT'}),0.04306379372957269,0.19613675272796444,0.011417676863748769,0.2651340226884851,1.3517814433086783,1.0,0.0029712842014835046,1.0938909571143094,0.2719464910163219,0.05012526571515336,0.08583209917192708,0.16167342996529704,3,1
"frozenset({'DAY=Friday', 'CRIME=THEFT'})","frozenset({'ARREST=N', 'TIME=Afternoon'})",0.03342729174952877,0.262424991785844,0.01182838466460304,0.35385411277806517,1.3484009673393962,1.0,0.003056227901809941,1.1414991920560158,0.26731650129516227,0.04164573724827618,0.12395908209199326,0.199463752654333,2,2
frozenset({'CRIME=ASSAULT'}),frozenset({'LOCATION=APARTMENT'}),0.09008767530738236,0.19613675272796444,0.02379943624950283,0.264180823495537,1.3469215729392012,1.0,0.006129932153901625,1.0924739024753587,0.2830671357176601,0.09069043343602247,0.08464632634777712,0.19276092841149625,1,1
"frozenset({'LOCATION=STREET', 'ARREST=N', 'DOMESTIC=N', 'CRIME=MOTOR VEHICLE THEFT'})",frozenset({'TIME=Evening'}),0.056634444117799644,0.2789830010202846,0.021257371124215333,0.3753435114503817,1.3453992181519718,1.0,0.005457323943115981,1.1542616016906113,0.27213861107733445,0.06762109084907997,0.13364526851163466,0.22576972414347043,4,1
"frozenset({'ARREST=N', 'DAY=Sunday'})",frozenset({'TIME=Night'}),0.119641344008854,0.19832863541252357,0.03191848098639044,0.26678470766784707,1.3451648427517027,1.0,0.008190176490194125,1.0933642178105478,0.2914683529538234,0.11158298824169513,0.08539168951176093,0.21386101868405977,2,1
"frozenset({'ARREST=N', 'DAY=Wednesday', 'TIME=Afternoon'})","frozenset({'DOMESTIC=N', 'CRIME=THEFT'})",0.038714614280526395,0.2081812993930171,0.010825392982516818,0.2796203238414294,1.3431577411453532,1.0,0.0027657342760973765,1.0991685729244354,0.265775192337648,0.04585660653786283,0.09022144133960135,0.16581007885388743,3,2
"frozenset({'ARREST=N', 'DAY=Friday', 'TIME=Afternoon'})",frozenset({'CRIME=THEFT'}),0.04005481868331402,0.2199794213775572,0.01182838466460304,0.2953049109552078,1.3424206187376373,1.0,0.003017148827264655,1.1068908961459538,0.26572037749760985,0.04765554239531805,0.09656859272953972,0.17453766271774304,3,1
"frozenset({'LOCATION=STREET', 'ARREST=N', 'CRIME=MOTOR VEHICLE THEFT'})",frozenset({'TIME=Evening'}),0.05727428363913051,0.2789830010202846,0.021443270444602,0.3743961352657005,1.3420033976854326,1.0,0.005464718913670386,1.1525136586007805,0.2703282612361796,0.06811409110259685,0.13233132419961177,0.22562920925470642,3,1
"frozenset({'ARREST=N', 'DOMESTIC=N', 'DAY=Sunday'})",frozenset({'TIME=Night'}),0.09265567987272381,0.19832863541252357,0.02463814481124734,0.2659107876073162,1.3407584187438275,1.0,0.0062618702588704,1.092062587290332,0.280106983583361,0.0925042202311388,0.08430156692645369,0.19506983522055182,3,1
"frozenset({'DOMESTIC=N', 'CRIME=THEFT'})","frozenset({'ARREST=N', 'TIME=Afternoon'})",0.2081812993930171,0.262424991785844,0.07321406955228527,0.35168417992274786,1.3401321936964952,1.0,0.018582093769106425,1.1376785593883363,0.320534178760363,0.18423629242819842,0.12101709947171546,0.31533732068244935,2,2
"frozenset({'ARREST=N', 'TIME=Afternoon'})","frozenset({'DOMESTIC=N', 'CRIME=THEFT'})",0.262424991785844,0.2081812993930171,0.07321406955228527,0.27899046144215084,1.3401321936964952,1.0,0.018582093769106425,1.0982083568419427,0.3441073166791253,0.18423629242819842,0.08942597844033451,0.31533732068244935,2,2
frozenset({'CRIME=CRIMINAL DAMAGE'}),"frozenset({'ARREST=N', 'TIME=Evening', 'DOMESTIC=N'})",0.11144015771179552,0.18082815985612258,0.026994310616148168,0.24223144663847618,1.339567060966664,1.0,0.006842791963048097,1.0810317167556815,0.28528202854354945,0.10176010430247719,0.07495776072035004,0.1957565055890638,1,3
"frozenset({'DAY=Wednesday', 'CRIME=THEFT'})","frozenset({'ARREST=N', 'TIME=Afternoon'})",0.03191848098639044,0.262424991785844,0.011210161343317135,0.35121224434511716,1.338333830002477,1.0,0.0028339542326470055,1.1368509990908378,0.2611373782636593,0.039593226550213,0.12037725190045168,0.19696491362574717,2,2
"frozenset({'TIME=Night', 'DAY=Saturday'})","frozenset({'LOCATION=STREET', 'ARREST=N'})",0.034417313711588016,0.2337446175661888,0.010764867622390924,0.3127747770380605,1.3381047242702517,1.0,0.002720005791220238,1.1149989215053135,0.2616806833417476,0.04182202962813665,0.10313814595448964,0.17941437355611387,2,2
"frozenset({'LOCATION=STREET', 'DOMESTIC=N', 'CRIME=MOTOR VEHICLE THEFT'})",frozenset({'TIME=Evening'}),0.058579902121846196,0.2789830010202846,0.02185830148546527,0.37313653136531366,1.3374884132749838,1.0,0.005515504592038079,1.1501978262508998,0.26803121382510225,0.06923656282095172,0.13058434194791835,0.2257432358520328,3,1
"frozenset({'DOMESTIC=N', 'CRIME=THEFT', 'DAY=Saturday'})","frozenset({'ARREST=N', 'TIME=Afternoon'})",0.02993843706227195,0.262424991785844,0.010505473221851384,0.35090252707581226,1.3371536174503218,1.0,0.002648879121703661,1.1363085499183605,0.2599245037177303,0.03727222528989508,0.11995733898874009,0.195467408247219,3,2
"frozenset({'LOCATION=STREET', 'CRIME=MOTOR VEHICLE THEFT'})",frozenset({'TIME=Evening'}),0.05928026700330295,0.2789830010202846,0.0220658170058969,0.3722287047841307,1.334234356297093,1.0,0.005527630216031688,1.1485345132446396,0.2662923656915371,0.06978493006467137,0.1293252501616393,0.22566123683520123,2,1
"frozenset({'ARREST=N', 'TIME=Afternoon', 'DAY=Thursday'})",frozenset({'CRIME=THEFT'}),0.038571947360229654,0.2199794213775572,0.011318242343541944,0.29343196592692217,1.333906435835633,1.0,0.00283320768183303,1.1039567897318265,0.26036501739928897,0.04577963523178345,0.09416744450394632,0.1724416673767229,3,1
frozenset({'CRIME=ASSAULT'}),"frozenset({'ARREST=N', 'LOCATION=APARTMENT'})",0.09008767530738236,0.17362131876113235,0.020859633043388035,0.23154813321815912,1.3336388346221602,1.0,0.00521849205239561,1.0753811877634125,0.2749405611078683,0.085895358980293,0.07009717914090625,0.17584627776445805,1,2
"frozenset({'ARREST=N', 'DAY=Sunday'})","frozenset({'DOMESTIC=N', 'TIME=Night'})",0.119641344008854,0.15446071904127828,0.02463814481124734,0.20593336705933366,1.333241022944479,1.0,0.006158256788574821,1.0648215727532042,0.28391618587510076,0.09876436233817999,0.06087552545127494,0.18272205746607526,2,2
"frozenset({'TIME=Evening', 'DOMESTIC=N', 'DAY=Saturday'})",frozenset({'LOCATION=STREET'}),0.032489148667577426,0.2777638473377488,0.01203157694502568,0.3703260146373919,1.3332405141519066,1.0,0.0030072660143912796,1.147000145236014,0.2583410669051959,0.040344442672619996,0.1281605288774975,0.2068209319556553,3,1
"frozenset({'DOMESTIC=N', 'TIME=Afternoon', 'LOCATION=APARTMENT'})",frozenset({'CRIME=THEFT'}),0.03431787919138119,0.2199794213775572,0.010055856260916181,0.2930209120685311,1.3320378344191144,1.0,0.0025066290534912364,1.1033149239317446,0.2581290134306693,0.04117178511372688,0.09364046628099094,0.16936681277423765,3,1
"frozenset({'ARREST=N', 'TIME=Night', 'CRIME=THEFT'})",frozenset({'LOCATION=STREET'}),0.029908174382209003,0.2777638473377488,0.011041554982966434,0.3691818444637178,1.3291212949495501,1.0,0.0027341453997157643,1.1449197305493706,0.25525750609771153,0.03722326672787956,0.1265763238090354,0.20446671796408822,3,1
"frozenset({'TIME=Evening', 'DOMESTIC=N'})","frozenset({'LOCATION=STREET', 'ARREST=N'})",0.2221669808221073,0.2337446175661888,0.06900323378352673,0.3105917608826792,1.3287654026716993,1.0,0.01707289781542845,1.1114682693883686,0.31809102956677604,0.17834515894742725,0.1002892052417373,0.3028997793075612,2,2
"frozenset({'LOCATION=STREET', 'ARREST=N'})","frozenset({'TIME=Evening', 'DOMESTIC=N'})",0.2337446175661888,0.2221669808221073,0.06900323378352673,0.2952077977324431,1.3287654026716993,1.0,0.01707289781542845,1.103634541749098,0.3228971848986678,0.17834515894742725,0.09390295231685342,0.3028997793075612,2,2
"frozenset({'DAY=Tuesday', 'ARREST=N', 'TIME=Afternoon'})","frozenset({'DOMESTIC=N', 'CRIME=THEFT'})",0.038766493160634304,0.2081812993930171,0.010704342262265031,0.27612356417977024,1.3263610371577501,1.0,0.002633883343173672,1.0938589259502103,0.2559809507989224,0.04531064141275505,0.08580532984971279,0.163770965127639,3,2
frozenset({'CRIME=DECEPTIVE PRACTICE'}),"frozenset({'ARREST=N', 'LOCATION=APARTMENT'})",0.0579573555605513,0.17362131876113235,0.013341518667750359,0.23019543487990451,1.325847750278908,1.0,0.0032788861634195938,1.0734915310744435,0.26088584014053096,0.06113312202852614,0.06846028026032683,0.1535190321809881,1,2
"frozenset({'TIME=Evening', 'DAY=Friday', 'DOMESTIC=N'})","frozenset({'LOCATION=STREET', 'ARREST=N'})",0.034663738392100574,0.2337446175661888,0.01073892818233697,0.30980294337740083,1.3253907046209301,1.0,0.0026364659084610054,1.1101979863307367,0.25432122203536645,0.04167715306790154,0.09925976059004311,0.1778729700148513,3,2
"frozenset({'LOCATION=STREET', 'TIME=Evening', 'CRIME=CRIMINAL DAMAGE'})","frozenset({'ARREST=N', 'DOMESTIC=N'})",0.013756549708613624,0.6856183097860861,0.012498486865996852,0.9085480829666875,1.3251514290074253,1.0,0.0030667445062889046,3.437671952785819,0.2487917791054397,0.01819612286002014,0.7091054604004258,0.4633887972356343,3,2
"frozenset({'LOCATION=STREET', 'CRIME=CRIMINAL DAMAGE', 'TIME=Night'})","frozenset({'ARREST=N', 'DOMESTIC=N'})",0.014387742749926505,0.6856183097860861,0.013064831307174849,0.9080528846153846,1.3244291636533139,1.0,0.003200331441333224,3.419157728862435,0.24853356869636117,0.01901884892539098,0.7075303102987579,0.4635542153562644,3,2
"frozenset({'ARREST=N', 'CRIME=DECEPTIVE PRACTICE', 'DOMESTIC=N'})",frozenset({'TIME=Afternoon'}),0.05552337143548861,0.31149808912791604,0.022887232607605446,0.4122089854395391,1.3233114417927179,1.0,0.005591808503511226,1.171337931027974,0.258682941754603,0.06650670217710833,0.14627540566163225,0.24284184907351408,3,1
"frozenset({'CRIME=DECEPTIVE PRACTICE', 'DOMESTIC=N'})",frozenset({'TIME=Afternoon'}),0.05706244487868989,0.31149808912791604,0.023496809448873363,0.41177361921357675,1.3219137888338146,1.0,0.005721966908194424,1.1704709842350125,0.2582578396748132,0.0680941164678761,0.1456430672191566,0.2436026259616432,2,1
"frozenset({'ARREST=N', 'CRIME=DECEPTIVE PRACTICE'})",frozenset({'TIME=Afternoon'}),0.056400989157314056,0.31149808912791604,0.023198505888252893,0.4113138126628852,1.3204376752821108,1.0,0.005629705540825251,1.1695567616194282,0.25718058987281667,0.0673004565293734,0.14497523094531223,0.24289390183469026,2,1
frozenset({'CRIME=THEFT'}),"frozenset({'ARREST=N', 'TIME=Afternoon'})",0.2199794213775572,0.262424991785844,0.07619710515848997,0.34638287836802073,1.3199309867967601,1.0,0.01846900731042981,1.1284511739419358,0.31074133025156314,0.18758181760129417,0.11382962498344228,0.31837026655094003,1,2
"frozenset({'ARREST=N', 'TIME=Afternoon'})",frozenset({'CRIME=THEFT'}),0.262424991785844,0.2199794213775572,0.07619710515848997,0.2903576547338594,1.3199309867967601,1.0,0.01846900731042981,1.0991742302665264,0.3286237054202833,0.18758181760129417,0.09022612388072355,0.31837026655094003,2,1
"frozenset({'ARREST=N', 'DOMESTIC=N', 'TIME=Morning'})",frozenset({'CRIME=THEFT'}),0.1472279385062341,0.2199794213775572,0.04273522748888927,0.2902657465864043,1.3195131834091545,1.0,0.01034811076567732,1.0990318909800283,0.283950138613646,0.1317069271048459,0.09010829603108222,0.24226747620576627,3,1
"frozenset({'CRIME=BATTERY', 'TIME=Evening'})",frozenset({'ARREST=Y'}),0.05559254327563249,0.15407595068047797,0.011300949383505975,0.20328174819192782,1.319360661375977,1.0,0.0027354754275672865,1.0617606003123214,0.25630582754555814,0.0569697498038532,0.05816810333153664,0.13831418142781945,2,1
frozenset({'CRIME=DECEPTIVE PRACTICE'}),frozenset({'TIME=Afternoon'}),0.0579573555605513,0.31149808912791604,0.023812405969529805,0.41086080859316726,1.3189833996845102,1.0,0.005758800461510876,1.168657459755781,0.2567191048760655,0.06889305816135084,0.1443172747907038,0.24365279923357358,1,1
"frozenset({'LOCATION=STREET', 'CRIME=CRIMINAL DAMAGE'})","frozenset({'ARREST=N', 'DOMESTIC=N'})",0.04506545385373614,0.6856183097860861,0.040746537084752794,0.9041634689178818,1.3187563050934012,1.0,0.009848836783811363,3.2803951339237623,0.253116601116219,0.059058325187357444,0.695158674740541,0.481796910164696,2,2
"frozenset({'TIME=Afternoon', 'DAY=Saturday'})","frozenset({'DOMESTIC=N', 'CRIME=THEFT'})",0.04295571272934788,0.2081812993930171,0.011785152264513116,0.2743558776167472,1.3178699451712124,1.0,0.00284257617216431,1.0911942592553374,0.25202572805844237,0.04923777183729499,0.08357289133611363,0.16548296019808162,2,2
"frozenset({'LOCATION=STREET', 'CRIME=CRIMINAL DAMAGE', 'DOMESTIC=N'})","frozenset({'TIME=Evening', 'ARREST=N'})",0.04170629636674909,0.22744133363307797,0.012498486865996852,0.29967865657717424,1.3176085973037506,1.0,0.0030127511994470432,1.1031488239256508,0.2515400802804272,0.04869872820685589,0.09350399663989736,0.17731561561585052,3,2
"frozenset({'DAY=Tuesday', 'DOMESTIC=N', 'CRIME=THEFT'})",frozenset({'TIME=Afternoon'}),0.029679042661732408,0.31149808912791604,0.01217856710533142,0.41034231609613986,1.3173188870755275,1.0,0.002933602029055876,1.1676298463776822,0.24825019158262354,0.03701708278580815,0.14356420135860445,0.22471953977238016,3,1
"frozenset({'ARREST=N', 'CRIME=OTHER OFFENSE'})",frozenset({'TIME=Morning'}),0.05609836235668459,0.21119027443927577,0.015602573192453352,0.2781288532675709,1.3169586241886448,1.0,0.003755144650751196,1.0927292621838325,0.254978582750427,0.061992201590600676,0.08486023518626366,0.17600403768803316,2,1
frozenset({'LOCATION=SMALL RETAIL STORE'}),"frozenset({'ARREST=N', 'TIME=Afternoon'})",0.03441299047157902,0.262424991785844,0.011888910024728933,0.34547738693467334,1.3164805096635215,1.0,0.002858081282898481,1.126890031743701,0.24896661874579737,0.04172292940480344,0.11260196484953969,0.1953907090848718,1,2
"frozenset({'ARREST=N', 'DAY=Wednesday', 'TIME=Afternoon'})",frozenset({'CRIME=THEFT'}),0.038714614280526395,0.2199794213775572,0.011210161343317135,0.28955890563930764,1.3162999694518203,1.0,0.002693742895031626,1.0979384284130738,0.24997233035030694,0.04529653244824876,0.0892021135963252,0.17025947561705176,3,1
"frozenset({'LOCATION=STREET', 'DAY=Sunday'})","frozenset({'TIME=Evening', 'DOMESTIC=N'})",0.0418705794870908,0.2221669808221073,0.01223476922544832,0.2922044398554466,1.315246931718532,1.0,0.0029325089955292965,1.098951537671465,0.2501608794829037,0.04858869583133026,0.09004176642869091,0.17363729552755983,2,2
"frozenset({'CRIME=THEFT', 'DAY=Saturday'})","frozenset({'ARREST=N', 'TIME=Afternoon'})",0.03178878378612067,0.262424991785844,0.010968059902813564,0.34502923976608185,1.3147727943825118,1.0,0.0026258885788588756,1.1261189857555418,0.24727281396194514,0.03872277424179984,0.11199436946791666,0.19341213392729062,2,2
"frozenset({'LOCATION=SMALL RETAIL STORE', 'DOMESTIC=N'})","frozenset({'ARREST=N', 'TIME=Afternoon'})",0.03409739395092258,0.262424991785844,0.011763536064468155,0.34499809813617344,1.3146541256928552,1.0,0.00281552773697861,1.126065445177129,0.24779274345666882,0.041310519683604836,0.11195214782325463,0.1949121888845642,2,2
frozenset({'DAY=Sunday'}),frozenset({'TIME=Night'}),0.14267989001677417,0.19832863541252357,0.037158247877289156,0.2604308699209163,1.3131279271862082,1.0,0.00886073998945339,1.0839708310996594,0.2781453182211388,0.12229130799766659,0.077465950826807,0.22389390907489956,1,1
"frozenset({'DOMESTIC=N', 'DAY=Thursday', 'CRIME=THEFT'})",frozenset({'TIME=Afternoon'}),0.030037871582478774,0.31149808912791604,0.012247738945475296,0.40774323546344265,1.308975077840698,1.0,0.002890999346063426,1.1625057780654289,0.24335333065203232,0.03719458558168235,0.13978922181002906,0.22353103037814334,3,1
"frozenset({'ARREST=N', 'TIME=Afternoon', 'DAY=Tuesday'})",frozenset({'CRIME=THEFT'}),0.038766493160634304,0.2199794213775572,0.011153959223200236,0.2877216460354634,1.3079480081986317,1.0,0.002626128488886874,1.09510639243893,0.2449390434533673,0.045049764274489264,0.08684671470788954,0.16921310177488047,3,1
"frozenset({'CRIME=DECEPTIVE PRACTICE', 'DOMESTIC=N'})","frozenset({'ARREST=N', 'LOCATION=APARTMENT'})",0.05706244487868989,0.17362131876113235,0.012913517906860118,0.2263050231078112,1.3034402959417728,1.0,0.0030062609752875558,1.068093636278086,0.24688754267451515,0.059298816802985786,0.06375249693965719,0.1503412565738259,2,2
"frozenset({'DOMESTIC=N', 'CRIME=OTHER OFFENSE'})",frozenset({'LOCATION=APARTMENT'}),0.042493126048385704,0.19613675272796444,0.010859978902588757,0.2555702512971818,1.3030207125517663,1.0,0.002525515146198304,1.0798376188925567,0.24287292064871469,0.047679605200721266,0.07393483751236168,0.1554698373396507,2,1
"frozenset({'TIME=Night', 'CRIME=THEFT'})",frozenset({'LOCATION=STREET'}),0.03084631746416034,0.2777638473377488,0.011153959223200236,0.36159775753328666,1.3018172127116294,1.0,0.002585967408153469,1.1313183203611774,0.2392221252018229,0.0374978198941922,0.11607548291028603,0.20087701227844895,2,1
"frozenset({'DAY=Friday', 'TIME=Afternoon'})","frozenset({'DOMESTIC=N', 'CRIME=THEFT'})",0.04731786189842115,0.2081812993930171,0.012801113666626316,0.27053449063499313,1.299513892092017,1.0,0.002950419692113666,1.0854779155991268,0.24192905077105722,0.052745021197762657,0.07874680301712761,0.1660123547580415,2,2
"frozenset({'LOCATION=STREET', 'CRIME=CRIMINAL DAMAGE'})","frozenset({'ARREST=N', 'TIME=Evening'})",0.04506545385373614,0.22744133363307797,0.013315579227696404,0.29547198772064465,1.299112975644602,1.0,0.0030658323024227233,1.096562028623202,0.241109725102228,0.05137357596784147,0.08805888413302185,0.17700855178767316,2,2
"frozenset({'TIME=Afternoon', 'DAY=Saturday'})",frozenset({'CRIME=THEFT'}),0.04295571272934788,0.2199794213775572,0.012269355145520258,0.2856280193236715,1.2984306328974276,1.0,0.0028199823144577432,1.0918969384604948,0.2401555412318312,0.048947068867387596,0.08416264871120857,0.17070151629469937,2,1
"frozenset({'CRIME=BATTERY', 'DOMESTIC=Y', 'LOCATION=APARTMENT'})",frozenset({'TIME=Night'}),0.05011932142424819,0.19832863541252357,0.012887578466806163,0.25713792806003627,1.2965244656939698,1.0,0.002947481840933363,1.0791658301977027,0.24077465086724562,0.05471029786921651,0.07335835511322616,0.161059427245277,3,1
"frozenset({'DAY=Tuesday', 'CRIME=THEFT'})",frozenset({'TIME=Afternoon'}),0.031313227385131516,0.31149808912791604,0.0126411537862936,0.40370012425790414,1.2959955079921068,1.0,0.0028871432913972015,1.1546236027891883,0.2357752719974535,0.03828678425056631,0.13391689067819915,0.22214096314488502,2,1
"frozenset({'ARREST=N', 'TIME=Night', 'DAY=Saturday'})",frozenset({'LOCATION=STREET'}),0.029916820862226988,0.2777638473377488,0.010764867622390924,0.3598265895953757,1.2954406883551055,1.0,0.0024550563595845294,1.1281883016755707,0.23509521981896964,0.036255623989865905,0.1136231438361727,0.19929102830326773,3,1
"frozenset({'DAY=Tuesday', 'ARREST=N', 'DOMESTIC=N', 'CRIME=THEFT'})",frozenset({'TIME=Afternoon'}),0.026536047175194977,0.31149808912791604,0.010704342262265031,0.40338872596937114,1.2949958283812149,1.0,0.002438414274183561,1.1540209527397192,0.2340063436543331,0.03270201019626489,0.13346460683756528,0.21887639818148788,4,1
"frozenset({'TIME=Afternoon', 'DAY=Saturday'})","frozenset({'ARREST=N', 'DOMESTIC=N', 'CRIME=THEFT'})",0.04295571272934788,0.1889428813530012,0.010505473221851384,0.24456521739130435,1.2943870424754673,1.0,0.002389297088196605,1.0736295671298401,0.23764161682597623,0.04745166959578207,0.06858004788995878,0.15008326767423538,2,3
"frozenset({'DAY=Wednesday', 'DOMESTIC=N', 'CRIME=THEFT'})",frozenset({'TIME=Afternoon'}),0.030370761063171183,0.31149808912791604,0.01223476922544832,0.40284697508896794,1.2932566495569726,1.0,0.002774335188909979,1.1529739985402598,0.23386080770084608,0.03711621440843574,0.13267775225975154,0.22106208189301002,3,1
"frozenset({'LOCATION=STREET', 'DAY=Saturday'})","frozenset({'TIME=Evening', 'DOMESTIC=N'})",0.04188787244712677,0.2221669808221073,0.01203157694502568,0.28723294457632365,1.2928696402743831,1.0,0.002725474790385988,1.0912864353916307,0.2364303793772882,0.04773994339137148,0.08365029787882475,0.17069425157944984,2,2
"frozenset({'CRIME=THEFT', 'LOCATION=APARTMENT'})","frozenset({'DOMESTIC=N', 'TIME=Afternoon'})",0.029730921541840316,0.2616900409843153,0.010055856260916181,0.338228878871601,1.2924789862059487,1.0,0.002275570184130526,1.1156575671612534,0.2332270863656107,0.035739528594695924,0.10366762218584635,0.18832773510248368,2,2
frozenset({'TIME=Night'}),"frozenset({'LOCATION=STREET', 'ARREST=N', 'DOMESTIC=N'})",0.19832863541252357,0.21435920936586716,0.05494405727428364,0.27703542234332423,1.2923887112798669,1.0,0.012430487792643767,1.0866933386703503,0.2822091392791125,0.1535849375823273,0.0797771879014425,0.26667655593700507,1,3
"frozenset({'LOCATION=STREET', 'ARREST=N', 'DOMESTIC=N'})",frozenset({'TIME=Night'}),0.21435920936586716,0.19832863541252357,0.05494405727428364,0.2563176895306859,1.2923887112798669,1.0,0.012430487792643767,1.0779755727705387,0.28796746360678865,0.1535849375823273,0.0723351945444656,0.26667655593700507,3,1
"frozenset({'DOMESTIC=N', 'DAY=Sunday'})","frozenset({'ARREST=N', 'TIME=Night'})",0.11005672090891798,0.17326248984038597,0.02463814481124734,0.22386769847193305,1.2920725003903957,1.0,0.0055694433228997454,1.0652017813611343,0.25400452744944885,0.09524525779226205,0.061210732559814525,0.18303448052074334,2,2
frozenset({'DAY=Sunday'}),"frozenset({'ARREST=N', 'TIME=Night'})",0.14267989001677417,0.17326248984038597,0.03191848098639044,0.22370693573311518,1.2911446438245229,1.0,0.007197407991931717,1.0649811884386315,0.26302128540190794,0.11237956071053475,0.061016278169101275,0.20396365575487257,1,2
"frozenset({'TIME=Night', 'CRIME=THEFT'})","frozenset({'ARREST=N', 'DOMESTIC=N'})",0.03084631746416034,0.6856183097860861,0.027305583896795615,0.8852137351086194,1.291117408146243,1.0,0.006156783853892973,2.738844151008883,0.23265360638035457,0.039621599919702905,0.6348824741883765,0.46251997628190117,2,2
"frozenset({'TIME=Afternoon', 'DAY=Thursday'})","frozenset({'DOMESTIC=N', 'CRIME=THEFT'})",0.0456577377349681,0.2081812993930171,0.012247738945475296,0.26825111258403556,1.2885456732480811,1.0,0.002742651776464048,1.0820907475556865,0.23464461556599775,0.05069610965963994,0.07586308980195954,0.16354159649636218,2,2
"frozenset({'DOMESTIC=N', 'DAY=Sunday'})",frozenset({'TIME=Night'}),0.11005672090891798,0.19832863541252357,0.028122676258495165,0.25552893113878306,1.2884116840076214,1.0,0.00629527698265251,1.076833470256616,0.25153351985138256,0.10034399247227235,0.07135130210830666,0.19866364813069942,2,1
"frozenset({'DAY=Friday', 'DOMESTIC=N', 'CRIME=THEFT'})",frozenset({'TIME=Afternoon'}),0.031927127466408425,0.31149808912791604,0.012801113666626316,0.4009478672985782,1.2871599579345405,1.0,0.0028558744694966876,1.1493188543829884,0.23045350072792342,0.03871802918562686,0.1299194334222856,0.22102159367260557,3,1
frozenset({'TIME=Night'}),"frozenset({'LOCATION=STREET', 'ARREST=N'})",0.19832863541252357,0.2337446175661888,0.059613156483995365,0.3005776566757493,1.2859233286543403,1.0,0.013254905447070954,1.0955546241086795,0.2773563701556716,0.16005246480099358,0.087220319284783,0.2778065378464474,1,2
"frozenset({'LOCATION=STREET', 'ARREST=N'})",frozenset({'TIME=Night'}),0.2337446175661888,0.19832863541252357,0.059613156483995365,0.2550354190171454,1.2859233286543403,1.0,0.013254905447070954,1.0761201069852298,0.2901756579294669,0.16005246480099358,0.07073569807972616,0.2778065378464474,2,1
"frozenset({'ARREST=N', 'DAY=Friday', 'DOMESTIC=N'})",frozenset({'CRIME=THEFT'}),0.1028801424939907,0.2199794213775572,0.02907378906047348,0.2825986468882632,1.2846594700475678,1.0,0.006442274843404771,1.0872861826076774,0.2469944211673357,0.09896254874549333,0.08027894035987466,0.20738229811150577,3,1
"frozenset({'DAY=Thursday', 'CRIME=THEFT'})",frozenset({'TIME=Afternoon'}),0.03160720770574299,0.31149808912791604,0.0126411537862936,0.3999452879223089,1.2839413848155974,1.0,0.0027955689832855155,1.1473985571884673,0.22836626567825777,0.038252724394615314,0.1284632582680302,0.2202635449770874,2,1
"frozenset({'LOCATION=STREET', 'CRIME=CRIMINAL DAMAGE', 'ARREST=N'})","frozenset({'TIME=Evening', 'DOMESTIC=N'})",0.043850623411209294,0.2221669808221073,0.012498486865996852,0.28502415458937197,1.28292761388154,1.0,0.0027563262555612665,1.087915101147458,0.2306468021612823,0.04929997783121025,0.08081062672512883,0.17064066512476636,3,2
"frozenset({'DAY=Wednesday', 'TIME=Afternoon'})","frozenset({'DOMESTIC=N', 'CRIME=THEFT'})",0.045813374375291815,0.2081812993930171,0.01223476922544832,0.26705671416438614,1.2828083739655238,1.0,0.002697281418421316,1.0803273812710439,0.23104530806982568,0.05060710645374725,0.07435466569081664,0.162913247226314,2,2
"frozenset({'ARREST=N', 'DOMESTIC=N', 'CRIME=MOTOR VEHICLE THEFT'})",frozenset({'TIME=Evening'}),0.07457589015511785,0.2789830010202846,0.02668736057550971,0.3578550724637681,1.2827128217670465,1.0,0.005881954936275833,1.1228259666335731,0.2381635304775614,0.08164479949211724,0.10939003040856515,0.2267572614802143,3,1
"frozenset({'ARREST=N', 'DOMESTIC=N', 'DAY=Thursday', 'CRIME=THEFT'})",frozenset({'TIME=Afternoon'}),0.02738772545696647,0.31149808912791604,0.010933473982741625,0.3992107340173638,1.2815832518748733,1.0,0.0024022498373365876,1.1459956924263406,0.22590209089666105,0.033338606343431144,0.12739637102582244,0.21715519213497958,4,1
"frozenset({'LOCATION=STREET', 'CRIME=CRIMINAL DAMAGE'})","frozenset({'TIME=Evening', 'DOMESTIC=N'})",0.04506545385373614,0.2221669808221073,0.012814083386653293,0.28434382194934765,1.2798653557660142,1.0,0.002802027564590734,1.0868808836340957,0.22898722422216064,0.05036619143910687,0.07993597545261873,0.17101076753930827,2,2
"frozenset({'DOMESTIC=N', 'CRIME=ASSAULT'})","frozenset({'ARREST=N', 'TIME=Afternoon'})",0.06491777197502896,0.262424991785844,0.021797776125339376,0.3357751731486415,1.2795091308325393,1.0,0.004761730348037108,1.110429749683554,0.23361612032650161,0.07134064379200566,0.09944775859528607,0.2094190275719979,2,2
"frozenset({'ARREST=N', 'CRIME=MOTOR VEHICLE THEFT'})",frozenset({'TIME=Evening'}),0.07579504383765369,0.2789830010202846,0.027033219776229096,0.35666210358202144,1.2784366871015516,1.0,0.00588769098393644,1.1207438625864323,0.2356562375993212,0.08248252209471046,0.10773546625344155,0.22678063416227415,2,1
"frozenset({'DOMESTIC=N', 'CRIME=MOTOR VEHICLE THEFT'})",frozenset({'TIME=Evening'}),0.07725197572068411,0.2789830010202846,0.027552008577308176,0.3566511836140802,1.2783975450466547,1.0,0.006000020556005559,1.12072483948926,0.23600236185677867,0.0838254830520736,0.1077203210239162,0.22770495986270328,2,1
"frozenset({'ARREST=N', 'DOMESTIC=N', 'DAY=Thursday'})",frozenset({'CRIME=THEFT'}),0.09740692064260639,0.2199794213775572,0.02738772545696647,0.28116816830145136,1.278156686387833,1.0,0.005960207415836284,1.0851224782009297,0.24110899263183275,0.09444088313779277,0.07844504183717398,0.20283473761062387,3,1
"frozenset({'TIME=Night', 'DAY=Saturday'})",frozenset({'LOCATION=STREET'}),0.034417313711588016,0.2777638473377488,0.01221747626541235,0.35498053008416025,1.2779939991705231,1.0,0.002657590793851408,1.119712173582119,0.225277146664831,0.04072985126253892,0.10691334470281125,0.19948282523756955,2,1
"frozenset({'LOCATION=STREET', 'CRIME=THEFT'})","frozenset({'ARREST=N', 'TIME=Evening'})",0.046453213896622686,0.22744133363307797,0.013501478548083076,0.2906468124709167,1.2778979432991087,1.0,0.002936097627892582,1.0891029742997347,0.22805896799055342,0.05185037605219904,0.08181317690094968,0.17500463948452222,2,2
frozenset({'CRIME=ROBBERY'}),"frozenset({'ARREST=N', 'DOMESTIC=N'})",0.020933128123540905,0.6856183097860861,0.018330537638127517,0.875671210243701,1.277199278001942,1.0,0.003978401715529817,2.528631468464737,0.22167722415410263,0.02663467155806547,0.604529164304377,0.45120349318470476,1,2
"frozenset({'DAY=Friday', 'TIME=Afternoon'})","frozenset({'ARREST=N', 'DOMESTIC=N', 'CRIME=THEFT'})",0.04731786189842115,0.1889428813530012,0.011417676863748769,0.24129739607126544,1.2770917556848862,1.0,0.002477303697197685,1.0690053183515658,0.2277474276493389,0.05078064913090294,0.06455095888388448,0.15086332369918753,2,3
"frozenset({'DAY=Tuesday', 'TIME=Afternoon'})","frozenset({'DOMESTIC=N', 'CRIME=THEFT'})",0.045813374375291815,0.2081812993930171,0.01217856710533142,0.2658299518731717,1.276915614650488,1.0,0.002641079298304417,1.0785222069835732,0.22727513407000996,0.050362927736260596,0.07280536874913789,0.16216488248640518,2,2
"frozenset({'DAY=Monday', 'ARREST=N', 'TIME=Afternoon'})",frozenset({'CRIME=THEFT'}),0.03695937883687551,0.2199794213775572,0.01036712954156363,0.28050064335009944,1.2751221982199321,1.0,0.002236826770553823,1.0841157416100249,0.22404188624828775,0.04204509590770417,0.07758926319537095,0.1638141838687097,3,1
frozenset({'LOCATION=RESIDENCE'}),frozenset({'CRIME=BATTERY'}),0.11572448856070694,0.18293790098051083,0.026989987376139175,0.23322624028690975,1.2748929502135065,1.0,0.005819592346800313,1.0655843248016412,0.24383850364153242,0.0993475493316359,0.06154775673323626,0.1903812874600093,1,1
"frozenset({'TIME=Afternoon', 'DAY=Saturday'})","frozenset({'ARREST=N', 'CRIME=THEFT'})",0.04295571272934788,0.20035191173673197,0.010968059902813564,0.25533413848631237,1.27442826111801,1.0,0.002361800737474844,1.0738347621278324,0.22499942327630898,0.04720702616203342,0.06875802938389393,0.15503905638253,2,2
frozenset({'LOCATION=OTHER (SPECIFY)'}),"frozenset({'ARREST=N', 'DOMESTIC=N'})",0.018170577757794803,0.6856183097860861,0.01587493731301987,0.873661670235546,1.2742682885877563,1.0,0.0034168565028839474,2.488411005591487,0.219219245567935,0.023076923076923078,0.5981371253571098,0.44840793062881096,1,2
frozenset({'CRIME=MOTOR VEHICLE THEFT'}),frozenset({'TIME=Evening'}),0.07860514984349871,0.2789830010202846,0.027936776938108497,0.35540644593554066,1.2739358478321745,1.0,0.006007276339120071,1.1185606719666539,0.23337564406874983,0.08474642955502223,0.10599395717909571,0.22777218207269664,1,1
"frozenset({'LOCATION=STREET', 'DOMESTIC=N', 'CRIME=THEFT'})","frozenset({'TIME=Evening', 'ARREST=N'})",0.04470662493298978,0.22744133363307797,0.012948103826932057,0.2896238274828353,1.2734001461232807,1.0,0.0027799694299390446,1.0875345996324994,0.22474864447121717,0.04995413226586607,0.08048902504994249,0.17327662510259162,3,2
"frozenset({'ARREST=N', 'DAY=Tuesday', 'CRIME=THEFT'})",frozenset({'TIME=Afternoon'}),0.02813132273851315,0.31149808912791604,0.011153959223200236,0.3964960811433841,1.2728684219329633,1.0,0.002391105945512695,1.1408408286337284,0.22057799337357084,0.03395675120757051,0.12345353102623374,0.2161517767622211,3,1
"frozenset({'LOCATION=STREET', 'CRIME=THEFT'})","frozenset({'TIME=Evening', 'DOMESTIC=N'})",0.046453213896622686,0.2221669808221073,0.013129679907309734,0.2826430898092136,1.272210158158158,1.0,0.0028093096264135125,1.084304072530677,0.22438998122252268,0.05139008748329019,0.07774947513931035,0.17087067020379534,2,2
"frozenset({'LOCATION=STREET', 'DAY=Friday', 'DOMESTIC=N'})",frozenset({'TIME=Evening'}),0.03753436975807149,0.2789830010202846,0.013319902467705397,0.3548721492743607,1.2720206893485897,1.0,0.002848451351193597,1.1176342769401695,0.2221889885474392,0.04393144356356584,0.10525292518964748,0.20130832208414384,3,1
"frozenset({'LOCATION=STREET', 'ARREST=N', 'CRIME=THEFT'})","frozenset({'TIME=Evening', 'DOMESTIC=N'})",0.0458220208553098,0.2221669808221073,0.012948103826932057,0.2825738277195962,1.271898401256385,1.0,0.002767963798340243,1.0841993911449874,0.2240396280643326,0.05076873527367654,0.07766043020561676,0.17042739139390073,3,2
"frozenset({'TIME=Evening', 'ARREST=Y'})","frozenset({'LOCATION=STREET', 'DOMESTIC=N'})",0.05154166738720667,0.2548549985300984,0.016696352914728416,0.32393893642006377,1.2710715437735727,1.0,0.0035607013485230397,1.102185943861559,0.22485144182094055,0.05763318907625728,0.09271207315849632,0.19472604157729229,2,2
"frozenset({'DOMESTIC=N', 'CRIME=THEFT'})",frozenset({'TIME=Afternoon'}),0.2081812993930171,0.31149808912791604,0.08240527781140297,0.39583419861278396,1.270743585365095,1.0,0.017557200858311556,1.1395910018263615,0.26907571027343535,0.18845222205744222,0.12249219378061628,0.33018962470471536,2,1
frozenset({'TIME=Afternoon'}),"frozenset({'DOMESTIC=N', 'CRIME=THEFT'})",0.31149808912791604,0.2081812993930171,0.08240527781140297,0.2645450507966468,1.2707435853650948,1.0,0.017557200858311556,1.0766379388223344,0.3094532867799064,0.18845222205744222,0.07118264744242976,0.33018962470471536,1,2
"frozenset({'DAY=Wednesday', 'CRIME=THEFT'})",frozenset({'TIME=Afternoon'}),0.03191848098639044,0.31149808912791604,0.012632507306275615,0.39577407557903294,1.2705505728367699,1.0,0.0026899614711492718,1.139477607704236,0.21996043611514643,0.038189588697345546,0.12240486935522017,0.21816405994018542,2,1
"frozenset({'DOMESTIC=N', 'TIME=Morning'})",frozenset({'CRIME=THEFT'}),0.16994224151347986,0.2199794213775572,0.04749511473878984,0.27947798214149433,1.2704733033269417,1.0,0.01011131878304946,1.0825770195625324,0.2564782538904142,0.13870161351412774,0.0762781936715243,0.247692531545955,2,1
frozenset({'CRIME=THEFT'}),"frozenset({'DOMESTIC=N', 'TIME=Morning'})",0.2199794213775572,0.16994224151347986,0.04749511473878984,0.21590708095041566,1.2704733033269415,1.0,0.01011131878304946,1.0586216739371281,0.2729309589508418,0.13870161351412774,0.055375471124738916,0.247692531545955,1,2
"frozenset({'DAY=Friday', 'TIME=Afternoon'})",frozenset({'CRIME=THEFT'}),0.04731786189842115,0.2199794213775572,0.013220467947498574,0.2793969849246231,1.2701050997178769,1.0,0.00281151206626073,1.082455335745231,0.2232261666876209,0.05203335034881743,0.07617435382538298,0.16974782131477703,2,1
"frozenset({'CRIME=BATTERY', 'TIME=Afternoon'})","frozenset({'ARREST=N', 'LOCATION=APARTMENT'})",0.05177944558770125,0.17362131876113235,0.011417676863748769,0.22050596977540285,1.2700397125699423,1.0,0.0024276612360917826,1.060147543401662,0.22423374528233703,0.053357847098755455,0.056735068411957655,0.14313396098331896,2,2
"frozenset({'DAY=Friday', 'CRIME=THEFT'})",frozenset({'TIME=Afternoon'}),0.03342729174952877,0.31149808912791604,0.013220467947498574,0.3954992240041386,1.2696682188690014,1.0,0.0028079304427990077,1.1389595153750436,0.21973790995536405,0.03985611135729739,0.12200566701379721,0.21897039699068865,2,1
"frozenset({'TIME=Night', 'DAY=Saturday'})","frozenset({'LOCATION=STREET', 'DOMESTIC=N'})",0.034417313711588016,0.2548549985300984,0.011136666263164266,0.323577440020098,1.2696531042607093,1.0,0.0023652418277875665,1.1015969093225415,0.21995349923010635,0.04004041346079117,0.09222693751475892,0.1836377446071652,2,2
"frozenset({'LOCATION=STREET', 'DAY=Friday'})",frozenset({'TIME=Evening'}),0.04049146592422225,0.2789830010202846,0.014335863869818596,0.35404655135596835,1.2690613767188845,1.0,0.0030394331905684805,1.11620582023868,0.22096316984064315,0.0469814822685992,0.10410787879051868,0.2027163534235638,2,1
"frozenset({'DAY=Friday', 'CRIME=THEFT'})","frozenset({'ARREST=N', 'DOMESTIC=N'})",0.03342729174952877,0.6856183097860861,0.02907378906047348,0.8697620279358509,1.26858051414528,1.0,0.006155425790435185,2.4139019153266936,0.21903924622057436,0.042137647560089225,0.5857329605438166,0.45608361944497616,2,2
"frozenset({'TIME=Afternoon', 'DAY=Thursday'})","frozenset({'ARREST=N', 'DOMESTIC=N', 'CRIME=THEFT'})",0.0456577377349681,0.1889428813530012,0.010933473982741625,0.23946595966291068,1.2673986865666425,1.0,0.002306769459037102,1.0664310545357265,0.2210761334850944,0.04888278954693057,0.06229287327406955,0.14866625824990673,2,3
"frozenset({'DAY=Monday', 'CRIME=THEFT'})","frozenset({'ARREST=N', 'TIME=Afternoon'})",0.031170560464834764,0.262424991785844,0.01036712954156363,0.3325936199722608,1.2673854639716593,1.0,0.0021871954676192136,1.1051362862061649,0.21776182365586205,0.03660342222154382,0.09513422689891794,0.186049367604621,2,2
"frozenset({'ARREST=N', 'CRIME=THEFT', 'LOCATION=APARTMENT'})",frozenset({'TIME=Afternoon'}),0.029380739101111938,0.31149808912791604,0.01158628322409947,0.39434961742201297,1.2659776454040272,1.0,0.0024342391369372544,1.1367976157159092,0.2164562822291052,0.03518537968700767,0.12033594531227061,0.21577248816473435,3,1
"frozenset({'ARREST=N', 'DOMESTIC=N', 'DAY=Saturday'})",frozenset({'CRIME=THEFT'}),0.09814619468414408,0.2199794213775572,0.027327200096840577,0.27843361818342,1.2657257503443293,1.0,0.005737056979813481,1.08101014442871,0.23278655022552333,0.09397300190294959,0.07493930084395463,0.20132989204672444,3,1
"frozenset({'CRIME=THEFT', 'LOCATION=APARTMENT'})",frozenset({'TIME=Afternoon'}),0.029730921541840316,0.31149808912791604,0.011707333944351254,0.3937763559691726,1.2641373084233245,1.0,0.0024462086960559994,1.1357226291838143,0.2153492225179964,0.03552826648823815,0.11950332387173714,0.21568016155200984,2,1
"frozenset({'DAY=Thursday', 'CRIME=THEFT'})","frozenset({'ARREST=N', 'DOMESTIC=N'})",0.03160720770574299,0.6856183097860861,0.02738772545696647,0.8665025304335933,1.2638264148808152,1.0,0.005717245132697207,2.354963665116727,0.21556552163627446,0.0397016889668787,0.5753649982746406,0.4532242772163679,2,2
"frozenset({'DOMESTIC=N', 'CRIME=THEFT', 'DAY=Saturday'})",frozenset({'TIME=Afternoon'}),0.02993843706227195,0.31149808912791604,0.011785152264513116,0.3936462093862816,1.2637194998157166,1.0,0.002459386328139024,1.135478859916452,0.21512568177951177,0.035750350815071275,0.11931429522731964,0.2157399980479401,3,1
"frozenset({'ARREST=N', 'DAY=Wednesday', 'DOMESTIC=N'})",frozenset({'CRIME=THEFT'}),0.09912324692617636,0.2199794213775572,0.027530392377263214,0.27773900907187715,1.2625681408407083,1.0,0.005725317873378214,1.0799705209332953,0.23084571769491463,0.09442047358510149,0.07404879983593052,0.20144443132877704,3,1
"frozenset({'ARREST=N', 'DAY=Wednesday', 'DOMESTIC=N', 'CRIME=THEFT'})",frozenset({'TIME=Afternoon'}),0.027530392377263214,0.31149808912791604,0.010825392982516818,0.39321608040201006,1.2623386599348823,1.0,0.0022497283640575804,1.1346739566339108,0.2137028802284798,0.03298382422677696,0.11868956350547633,0.213984379511503,4,1
"frozenset({'DOMESTIC=N', 'CRIME=OTHER OFFENSE'})",frozenset({'TIME=Morning'}),0.042493126048385704,0.21119027443927577,0.011326888823559929,0.2665581442669651,1.2621705472692561,1.0,0.002352753871618615,1.0754904692102039,0.21693216895203724,0.046736474071959896,0.07019166731030246,0.1600958582133188,2,1
"frozenset({'DOMESTIC=N', 'LOCATION=APARTMENT'})","frozenset({'ARREST=N', 'TIME=Morning'})",0.10277638473377489,0.18279523406021408,0.02370864820931399,0.23068186598241702,1.2619687114294715,1.0,0.0049216149060409935,1.062245552008668,0.23136632090582482,0.09053837645077678,0.05859808204512034,0.18019122389513925,2,2
"frozenset({'TIME=Afternoon', 'DAY=Thursday', 'CRIME=THEFT'})","frozenset({'ARREST=N', 'DOMESTIC=N'})",0.0126411537862936,0.6856183097860861,0.010933473982741625,0.8649110807113543,1.2615052258175659,1.0,0.0022664674900370243,2.327220410596162,0.20995020187015978,0.015907261108036027,0.5703028404843566,0.4404289811365636,3,2
"frozenset({'ARREST=N', 'DAY=Friday', 'DOMESTIC=N', 'CRIME=THEFT'})",frozenset({'TIME=Afternoon'}),0.02907378906047348,0.31149808912791604,0.011417676863748769,0.3927137546468402,1.2607260472971091,1.0,0.0023612471277031696,1.1337353943718818,0.21299895344091482,0.03468792686771042,0.1179599711147543,0.21468391890450045,4,1
"frozenset({'DAY=Friday', 'TIME=Afternoon', 'CRIME=THEFT'})","frozenset({'ARREST=N', 'DOMESTIC=N'})",0.013220467947498574,0.6856183097860861,0.011417676863748769,0.8636363636363636,1.2596460031906376,1.0,0.002353481975003669,2.305465728235369,0.20888776157260616,0.01660943612190735,0.5662481607282829,0.44014473662337006,3,2
frozenset({'CRIME=OTHER OFFENSE'}),"frozenset({'ARREST=N', 'TIME=Morning'})",0.06777543362097291,0.18279523406021408,0.015602573192453352,0.23020986158065954,1.2593865631355943,1.0,0.0032135469401751056,1.06159422569092,0.22093670665404638,0.06640294388224471,0.05802049803994793,0.1577826659968006,1,2
"frozenset({'TIME=Afternoon', 'DAY=Thursday'})",frozenset({'CRIME=THEFT'}),0.0456577377349681,0.2199794213775572,0.0126411537862936,0.2768677208597671,1.2586073693892068,1.0,0.0025973910579470596,1.0786692851684716,0.21530120953503873,0.04996582365003418,0.07293179313637803,0.16716644302131878,2,1
"frozenset({'DAY=Wednesday', 'CRIME=THEFT'})","frozenset({'ARREST=N', 'DOMESTIC=N'})",0.03191848098639044,0.6856183097860861,0.027530392377263214,0.8625220100230259,1.258020676682532,1.0,0.005646497392434877,2.2867783436939177,0.21186284568426592,0.039898749404776813,0.5627035725794644,0.4513380595361016,2,2
"frozenset({'LOCATION=STREET', 'DAY=Friday', 'DOMESTIC=N'})","frozenset({'TIME=Evening', 'ARREST=N'})",0.03753436975807149,0.22744133363307797,0.01073892818233697,0.2861091914305459,1.2579472115306642,1.0,0.002202061067484119,1.0821804358498899,0.2130508105902009,0.04223986940330233,0.07593967986064117,0.1666627236021364,3,2
"frozenset({'DAY=Sunday', 'TIME=Night'})","frozenset({'LOCATION=STREET', 'ARREST=N'})",0.037158247877289156,0.2337446175661888,0.01092050426271465,0.293891797556719,1.2573200641657492,1.0,0.002234963823208048,1.0851812509505037,0.21255576595905046,0.04200478914460556,0.078494952687299,0.1703058040810395,2,2
"frozenset({'ARREST=N', 'DAY=Thursday', 'CRIME=THEFT'})",frozenset({'TIME=Afternoon'}),0.02890085946011379,0.31149808912791604,0.011318242343541944,0.39162303664921466,1.2572245234172061,1.0,0.002315679847562044,1.1317027967002413,0.21068613575483255,0.03439351541665024,0.11637578088898716,0.21397895295515193,3,1
"frozenset({'LOCATION=STREET', 'DAY=Friday'})","frozenset({'ARREST=N', 'TIME=Evening'})",0.04049146592422225,0.22744133363307797,0.011577636744081484,0.28592782404441597,1.2571497866157078,1.0,0.0023682037335180425,1.0819055725467392,0.21318188621213546,0.04516248714100207,0.07570491790141953,0.16841583089540457,2,2
"frozenset({'LOCATION=STREET', 'DOMESTIC=N', 'CRIME=MOTOR VEHICLE THEFT'})",frozenset({'TIME=Night'}),0.058579902121846196,0.19832863541252357,0.01458228855033116,0.24892988929889298,1.2551384159988737,1.0,0.002964216499906209,1.0673722108833945,0.2159239255052622,0.060176264896881465,0.06311969732436154,0.16122788742873803,3,1
"frozenset({'ARREST=N', 'CRIME=THEFT'})","frozenset({'DOMESTIC=N', 'TIME=Morning'})",0.20035191173673197,0.16994224151347986,0.04273522748888927,0.21330082213063462,1.2551371585487505,1.0,0.008686974516838163,1.0551145620039717,0.2542047281471082,0.13046577005820473,0.052235618755268685,0.2323849756688432,2,2
"frozenset({'DOMESTIC=N', 'TIME=Morning'})","frozenset({'ARREST=N', 'CRIME=THEFT'})",0.16994224151347986,0.20035191173673197,0.04273522748888927,0.2514691292070518,1.2551371585487503,1.0,0.008686974516838163,1.068290059187765,0.24489178350788224,0.13046577005820473,0.06392464162746862,0.2323849756688432,2,2
"frozenset({'DAY=Tuesday', 'TIME=Afternoon'})",frozenset({'CRIME=THEFT'}),0.045813374375291815,0.2199794213775572,0.0126411537862936,0.2759271491931679,1.2543316436840062,1.0,0.0025631541998635005,1.0772680922275546,0.2124979254181399,0.049935104856889144,0.07172596383856608,0.16669615718801922,2,1
frozenset({'LOCATION=SIDEWALK'}),"frozenset({'DOMESTIC=N', 'TIME=Afternoon'})",0.049336814982620575,0.2616900409843153,0.016190533833676312,0.32816333683841575,1.2540153824886466,1.0,0.0032795806988387514,1.0989426440963865,0.21307400906062496,0.05491363383090413,0.09003440227560072,0.19501623087480913,1,2
"frozenset({'CRIME=THEFT', 'DAY=Saturday'})","frozenset({'ARREST=N', 'DOMESTIC=N'})",0.03178878378612067,0.6856183097860861,0.027327200096840577,0.8596491228070176,1.253830463009702,1.0,0.005532227887245184,2.239969542774137,0.20909074754904755,0.039600052624654644,0.5535653584103964,0.44975343415004226,2,2
"frozenset({'CRIME=BATTERY', 'DOMESTIC=Y'})",frozenset({'TIME=Night'}),0.09777439604337074,0.19832863541252357,0.024309578570563924,0.24862928899893882,1.2536227483327855,1.0,0.004918116024998562,1.0669451881074776,0.22423644132902096,0.08944136921804414,0.06274473033260822,0.18560074804170373,2,1
"frozenset({'LOCATION=STREET', 'CRIME=MOTOR VEHICLE THEFT'})",frozenset({'TIME=Night'}),0.05928026700330295,0.19832863541252357,0.014737925190654885,0.24861435239206536,1.2535474359259695,1.0,0.002980950728999763,1.0669239785716276,0.2150097706778998,0.06068211755491474,0.06272609849974843,0.1614624895475313,2,1
"frozenset({'DAY=Wednesday', 'TIME=Afternoon'})",frozenset({'CRIME=THEFT'}),0.045813374375291815,0.2199794213775572,0.012632507306275615,0.27573841653298103,1.253473687703374,1.0,0.002554507719845516,1.0769873709005897,0.2119260465084388,0.04989924519280031,0.07148400527316491,0.16658213792865667,2,1
"frozenset({'CRIME=BATTERY', 'LOCATION=APARTMENT'})",frozenset({'TIME=Night'}),0.0599330762446608,0.19832863541252357,0.014893561830978608,0.24850320998340905,1.252987040759507,1.0,0.0030071166033002993,1.066766186146687,0.21477954771006097,0.06119766223153856,0.06258746013299886,0.16179928891541023,2,1
frozenset({'CRIME=THEFT'}),"frozenset({'ARREST=N', 'DOMESTIC=N'})",0.2199794213775572,0.6856183097860861,0.1889428813530012,0.8589116207770768,1.2527547886593906,1.0,0.03812096228039921,2.2282606969152505,0.2586588012150517,0.26364557695091934,0.551219477422738,0.5672459471571667,1,2
"frozenset({'ARREST=N', 'DOMESTIC=N'})",frozenset({'CRIME=THEFT'}),0.6856183097860861,0.2199794213775572,0.1889428813530012,0.27558027353725667,1.2527547886593906,1.0,0.03812096228039921,1.0767522613322416,0.641765071153697,0.26364557695091934,0.07128126319166284,0.5672459471571667,2,1
frozenset({'LOCATION=PARKING LOT / GARAGE (NON RESIDENTIAL)'}),"frozenset({'ARREST=N', 'DOMESTIC=N'})",0.0358915385546544,0.6856183097860861,0.03082470126411538,0.8588291977836666,1.252634571634504,1.0,0.006216805264651088,2.2269597202695515,0.20919075768991388,0.04462916481494232,0.550957302506145,0.4518940899031897,1,2
frozenset({'ARREST=Y'}),frozenset({'CRIME=BATTERY'}),0.15407595068047797,0.18293790098051083,0.035303577913431444,0.22913100816521229,1.2525070361970678,1.0,0.007117246904368095,1.0599234210663406,0.23832079455780253,0.11701152060526168,0.056535613682405825,0.21105611025063167,1,1
"frozenset({'TIME=Evening', 'ARREST=Y'})",frozenset({'LOCATION=STREET'}),0.05154166738720667,0.2777638473377488,0.01790686011724627,0.3474249287032377,1.2507924700538298,1.0,0.0035904482855731706,1.1067479964060871,0.21140291840266745,0.05750461619625429,0.0964519445734053,0.20594642908258742,2,1
"frozenset({'DAY=Wednesday', 'TIME=Afternoon'})","frozenset({'ARREST=N', 'DOMESTIC=N', 'CRIME=THEFT'})",0.045813374375291815,0.1889428813530012,0.010825392982516818,0.2362932905539304,1.2506070028246505,1.0,0.002169282023545431,1.0620007767579693,0.21000953887872956,0.04834256810239975,0.05838110302258231,0.14679390868534886,2,3
"frozenset({'DAY=Wednesday', 'TIME=Afternoon', 'CRIME=THEFT'})","frozenset({'ARREST=N', 'DOMESTIC=N'})",0.012632507306275615,0.6856183097860861,0.010825392982516818,0.8569472963723477,1.2498897478973636,1.0,0.0021643146748277463,2.1976633942704695,0.20248735542699423,0.015747734376473994,0.5449712623839024,0.43636826887235003,3,2
"frozenset({'LOCATION=STREET', 'ARREST=N', 'DOMESTIC=N', 'CRIME=MOTOR VEHICLE THEFT'})",frozenset({'TIME=Night'}),0.056634444117799644,0.19832863541252357,0.014037560309198125,0.24786259541984731,1.24975697485284,1.0,0.002805328289968099,1.0658575942449957,0.21184198682524993,0.05826514498995118,0.06178836141018071,0.1593209434864904,4,1
"frozenset({'TIME=Afternoon', 'CRIME=THEFT'})","frozenset({'ARREST=N', 'DOMESTIC=N'})",0.08548774793781451,0.6856183097860861,0.07321406955228527,0.8564276322443614,1.2491317982910464,1.0,0.014602104303741918,2.1897088912609854,0.21808779954111923,0.10490745099982654,0.54331829039424,0.48160654827888766,2,2
"frozenset({'TIME=Afternoon', 'CRIME=THEFT', 'DAY=Saturday'})","frozenset({'ARREST=N', 'DOMESTIC=N'})",0.012269355145520258,0.6856183097860861,0.010505473221851384,0.8562367864693446,1.2488534425757851,1.0,0.002093378684814566,2.1868020510467843,0.20174075857272775,0.015283307232211926,0.5427112392174146,0.4357797064405063,3,2
"frozenset({'LOCATION=STREET', 'ARREST=N', 'CRIME=MOTOR VEHICLE THEFT'})",frozenset({'TIME=Night'}),0.05727428363913051,0.19832863541252357,0.014184550469503865,0.24766002415458938,1.2487355829351445,1.0,0.002825419951125287,1.0655706068079551,0.2112915243877161,0.05875505891622792,0.06153567524199984,0.15959023006094591,3,1
"frozenset({'DAY=Monday', 'CRIME=THEFT'})","frozenset({'ARREST=N', 'DOMESTIC=N'})",0.031170560464834764,0.6856183097860861,0.02667006761547374,0.855617198335645,1.247949750062245,1.0,0.005298960634488731,2.1774178544114506,0.20507808308820313,0.03864561799160559,0.5407404242718048,0.4472582457385178,2,2
"frozenset({'DAY=Friday', 'TIME=Afternoon'})","frozenset({'ARREST=N', 'CRIME=THEFT'})",0.04731786189842115,0.20035191173673197,0.01182838466460304,0.2499771585198721,1.2476904081072562,1.0,0.0023481605739596925,1.0661649806360665,0.20837918238999217,0.05015398152221733,0.06205885752934109,0.154507600471338,2,2
frozenset({'CRIME=THEFT'}),frozenset({'TIME=Afternoon'}),0.2199794213775572,0.31149808912791604,0.08548774793781451,0.3886170233673329,1.2475743413236418,1.0,0.016964578531240795,1.12613850432043,0.25440939061442785,0.19168096470565427,0.11200976064356151,0.3315288525485973,1,1
frozenset({'TIME=Afternoon'}),frozenset({'CRIME=THEFT'}),0.31149808912791604,0.2199794213775572,0.08548774793781451,0.27444068172986175,1.2475743413236418,1.0,0.016964578531240795,1.0750610721700187,0.28822659304269943,0.19168096470565427,0.0698202865987023,0.3315288525485973,1,1
"frozenset({'TIME=Evening', 'CRIME=THEFT'})","frozenset({'ARREST=N', 'DOMESTIC=N'})",0.05341795355110934,0.6856183097860861,0.045688000415031044,0.8552929750728392,1.2474768582824047,1.0,0.009063673389087805,2.1725392417690843,0.20957710315264397,0.06589473552940885,0.539709119736909,0.46096531797232626,2,2
"frozenset({'ARREST=N', 'TIME=Night'})","frozenset({'LOCATION=STREET', 'DOMESTIC=N'})",0.17326248984038597,0.2548549985300984,0.05494405727428364,0.317114554482621,1.2442940350850906,1.0,0.010787245680690886,1.0911713031244246,0.23747735391845856,0.14723464399082464,0.08355361148461976,0.2663520185475022,2,2
"frozenset({'LOCATION=STREET', 'DOMESTIC=N'})","frozenset({'ARREST=N', 'TIME=Night'})",0.2548549985300984,0.17326248984038597,0.05494405727428364,0.21558948261238337,1.2442940350850906,1.0,0.010787245680690886,1.0539602565668833,0.2634808472318126,0.14723464399082464,0.051197619863438314,0.2663520185475022,2,2
"frozenset({'ARREST=N', 'DOMESTIC=N', 'CRIME=THEFT'})",frozenset({'TIME=Afternoon'}),0.1889428813530012,0.31149808912791604,0.07321406955228527,0.3874931356397584,1.2439663329062514,1.0,0.014358723056502834,1.1240721548340828,0.24180753576087907,0.17137045769623868,0.11037739374693092,0.3112658594425961,3,1
frozenset({'TIME=Afternoon'}),"frozenset({'ARREST=N', 'DOMESTIC=N', 'CRIME=THEFT'})",0.31149808912791604,0.1889428813530012,0.07321406955228527,0.23503858324543384,1.2439663329062514,1.0,0.014358723056502834,1.0602588586598247,0.2848499330567386,0.17137045769623868,0.05683410062330659,0.3112658594425961,1,3
"frozenset({'ARREST=N', 'DAY=Friday', 'CRIME=THEFT'})",frozenset({'TIME=Afternoon'}),0.0305307209435039,0.31149808912791604,0.01182838466460304,0.3874256584536958,1.2437497113974278,1.0,0.002318123431003929,1.1239483343917376,0.20215154535018,0.035821833512267934,0.11027938793896283,0.21269911690796708,3,1
"frozenset({'CRIME=CRIMINAL DAMAGE', 'DAY=Friday'})","frozenset({'ARREST=N', 'DOMESTIC=N'})",0.015909523233091808,0.6856183097860861,0.013540387708164006,0.8510869565217392,1.2413422225950757,1.0,0.002632527279589132,2.1111763138452617,0.19756351813374065,0.019681155231027352,0.5263304189982047,0.43541805972616665,2,2
frozenset({'LOCATION=RESTAURANT'}),"frozenset({'ARREST=N', 'DOMESTIC=N'})",0.021888564165528212,0.6856183097860861,0.01862884119874799,0.8510764368951216,1.2413268793254058,1.0,0.003621640831934246,2.1110271850836173,0.198761012662453,0.027042292413221793,0.5262969576773165,0.4391236499718153,1,2
"frozenset({'TIME=Morning', 'CRIME=THEFT'})","frozenset({'ARREST=N', 'DOMESTIC=N'})",0.050227402424472996,0.6856183097860861,0.04273522748888927,0.8508349113444654,1.2409746052580293,1.0,0.008298400733676534,2.10760904610805,0.2044507687097511,0.061657164955527,0.525528701897243,0.456582921120656,2,2
"frozenset({'ARREST=N', 'DOMESTIC=N', 'DAY=Tuesday'})",frozenset({'CRIME=THEFT'}),0.09726857696231864,0.2199794213775572,0.026536047175194977,0.27281212498333257,1.2401711181660808,1.0,0.005138961896805735,1.072653444069821,0.21452633189543868,0.09127951936232229,0.06773244841704139,0.1967209024185574,3,1
"frozenset({'ARREST=N', 'DAY=Wednesday', 'CRIME=THEFT'})",frozenset({'TIME=Afternoon'}),0.029026233420374567,0.31149808912791604,0.011210161343317135,0.38620792374143575,1.239840426702715,1.0,0.002168545098289603,1.1217184735732035,0.19922741441375214,0.03404093313903876,0.10851071497955503,0.21109791068546277,3,1
frozenset({'LOCATION=RESIDENCE - PORCH / HALLWAY'}),"frozenset({'ARREST=N', 'DOMESTIC=N'})",0.011940788904836842,0.6856183097860861,0.010146644301105021,0.8497465604634323,1.2393872047095045,1.0,0.0019598207946583367,2.0923427189658566,0.19548388168920913,0.01476063495257981,0.5220668244568216,0.4322729107231122,1,2
"frozenset({'CRIME=THEFT', 'DAY=Saturday'})",frozenset({'TIME=Afternoon'}),0.03178878378612067,0.31149808912791604,0.012269355145520258,0.38596491228070173,1.239060288816751,1.0,0.0023672097404431897,1.1212745405631082,0.19927136336236376,0.03706557655386785,0.10815775813673928,0.21267656594993284,2,1
"frozenset({'DAY=Sunday', 'TIME=Night'})",frozenset({'LOCATION=STREET'}),0.037158247877289156,0.2777638473377488,0.012788143946599339,0.34415357766143106,1.2390150156688866,1.0,0.002466926055873765,1.1012275558155133,0.20035200889666807,0.04232607389176659,0.09192246895833389,0.19509660236866944,2,1
"frozenset({'ARREST=N', 'TIME=Night'})",frozenset({'LOCATION=STREET'}),0.17326248984038597,0.2777638473377488,0.059613156483995365,0.34406267934226614,1.2386877653084236,1.0,0.011487100706612144,1.101074950176698,0.23307766994410206,0.15230237361520704,0.09179661217474606,0.2793404028472136,2,1
frozenset({'LOCATION=STREET'}),"frozenset({'ARREST=N', 'TIME=Night'})",0.2777638473377488,0.17326248984038597,0.059613156483995365,0.21461812635216113,1.2386877653084234,1.0,0.011487100706612144,1.0526567239446105,0.2668020034902674,0.15230237361520704,0.0500226928179306,0.2793404028472136,1,2
frozenset({'CRIME=OTHER OFFENSE'}),frozenset({'TIME=Morning'}),0.06777543362097291,0.21119027443927577,0.017729607276877585,0.26159341710786504,1.238662233866654,1.0,0.0034160948502233984,1.068259335488552,0.20668561974620883,0.0678681362327475,0.06389771960881983,0.17277214355905024,1,1
"frozenset({'DAY=Sunday', 'CRIME=THEFT'})","frozenset({'ARREST=N', 'DOMESTIC=N'})",0.028753869299808048,0.6856183097860861,0.024417659570788734,0.8491956096827545,1.238583622347695,1.0,0.00470348030164431,2.0846985260346385,0.1983288955220765,0.03539024512506893,0.5203143344173956,0.4424048406383115,2,2
frozenset({'LOCATION=COMMERCIAL / BUSINESS OFFICE'}),"frozenset({'ARREST=N', 'DOMESTIC=N'})",0.014301277949746657,0.6856183097860861,0.012139657945250489,0.848851269649335,1.2380813895039908,1.0,0.002334439929564164,2.0799492624552554,0.19508867521367537,0.017650497520255957,0.5192190415166378,0.43327870786252004,1,2
"frozenset({'ARREST=N', 'DOMESTIC=N', 'CRIME=ASSAULT'})",frozenset({'TIME=Afternoon'}),0.05655230255762879,0.31149808912791604,0.021797776125339376,0.38544453787936706,1.23738973474436,1.0,0.004181841942854248,1.1203251021417753,0.20334691939720534,0.06295339051828545,0.1074019513726367,0.22771088827016706,3,1
"frozenset({'TIME=Afternoon', 'DAY=Thursday'})","frozenset({'ARREST=N', 'CRIME=THEFT'})",0.0456577377349681,0.20035191173673197,0.011318242343541944,0.24789319193258214,1.2372888772747062,1.0,0.002170627302766759,1.0632108095364943,0.2009565267938774,0.04822606196809491,0.059452752896719425,0.1521925014967919,2,2
"frozenset({'ARREST=N', 'LOCATION=DEPARTMENT STORE', 'CRIME=THEFT'})",frozenset({'DOMESTIC=N'}),0.012922164386878102,0.8082599823611808,0.01291784114686911,0.9996654399464704,1.2368117459262726,1.0,0.002473372787462737,573.1109127224299,0.1939761067755709,0.01598219921051787,0.9982551370462487,0.5078238623214757,3,1
"frozenset({'LOCATION=DEPARTMENT STORE', 'CRIME=THEFT'})",frozenset({'DOMESTIC=N'}),0.018862296159233575,0.8082599823611808,0.01885364967921559,0.9995415998166399,1.2366585277383961,1.0,0.003608010518262093,418.28084847908275,0.1950484019189333,0.02332596986505062,0.9976092618066639,0.5114339096073417,2,1
"frozenset({'DAY=Tuesday', 'TIME=Afternoon'})","frozenset({'ARREST=N', 'DOMESTIC=N', 'CRIME=THEFT'})",0.045813374375291815,0.1889428813530012,0.010704342262265031,0.23365103331131454,1.2366225794703813,1.0,0.0020482313032936447,1.0583391560524869,0.20053292447600082,0.047776169802219,0.05512330874167685,0.14515244325276508,2,3
"frozenset({'CRIME=BURGLARY', 'ARREST=N', 'LOCATION=STREET'})",frozenset({'DOMESTIC=N'}),0.02238573676656233,0.8082599823611808,0.022368443806526365,0.999227500965624,1.2362699165763065,1.0,0.004274948602442659,248.20745283350524,0.19549137329986485,0.02767422082680345,0.9959711121137415,0.5134511569452606,3,1
"frozenset({'ARREST=N', 'LOCATION=SMALL RETAIL STORE', 'CRIME=THEFT'})",frozenset({'DOMESTIC=N'}),0.016588271914503606,0.8082599823611808,0.01657530219447663,0.9992181391712275,1.2362583339239412,1.0,0.0031676658294574733,245.23548256003733,0.1943311950429093,0.020507060333761234,0.9959222866546027,0.5098627642854645,3,1
"frozenset({'DAY=Tuesday', 'CRIME=THEFT'})","frozenset({'ARREST=N', 'DOMESTIC=N'})",0.031313227385131516,0.6856183097860861,0.026536047175194977,0.8474389065304431,1.2360214049634195,1.0,0.0050671251414537224,2.060693739565047,0.19712514690404878,0.038436008866958055,0.5147265307793524,0.44307136291847615,2,2
"frozenset({'LOCATION=STREET', 'ARREST=Y', 'CRIME=NARCOTICS'})",frozenset({'DOMESTIC=N'}),0.011612222664153423,0.8082599823611808,0.011599252944126446,0.9988830975428146,1.2358438118200086,1.0,0.0022135580584236956,171.6712291259522,0.1930783292206289,0.01435066324347454,0.9941749120974352,0.5066169955318923,3,1
"frozenset({'CRIME=BURGLARY', 'LOCATION=STREET'})",frozenset({'DOMESTIC=N'}),0.02262351496705691,0.8082599823611808,0.022597575527002957,0.9988534301547869,1.2358071065659133,1.0,0.004311893718781629,167.2292520506514,0.19522899339361555,0.027957403336489033,0.9940201849393124,0.513405865363288,2,1
"frozenset({'LOCATION=SMALL RETAIL STORE', 'CRIME=THEFT'})",frozenset({'DOMESTIC=N'}),0.02328497068843274,0.8082599823611808,0.023254708008369793,0.9987003341997772,1.2356176923200632,1.0,0.004434398010456534,147.53024785752774,0.1952342055006837,0.028770244539055648,0.9932217290045787,0.5137358279737794,2,1
"frozenset({'DAY=Monday', 'ARREST=N', 'DOMESTIC=N'})",frozenset({'CRIME=THEFT'}),0.0981375482041261,0.2199794213775572,0.02667006761547374,0.2717621145374449,1.235397896928784,1.0,0.005081826546117954,1.071106837742995,0.21127855354838812,0.09150918206900645,0.06638631669351427,0.19650051759928472,3,1
"frozenset({'LOCATION=SMALL RETAIL STORE', 'TIME=Afternoon', 'CRIME=THEFT'})",frozenset({'DOMESTIC=N'}),0.01149549518391063,0.8082599823611808,0.01147820222387466,0.9984956750658142,1.235364482785471,1.0,0.0021868534892940158,127.45917672540024,0.19273791795892314,0.014200822631457896,0.9921543507051327,0.5063484007640244,3,1
"frozenset({'ARREST=Y', 'CRIME=NARCOTICS'})",frozenset({'DOMESTIC=N'}),0.02672626973559064,0.8082599823611808,0.026683037335500717,0.9983824005176318,1.2352243366064517,1.0,0.005081263030432066,118.53367890431767,0.1956597126232914,0.033011173094717246,0.9915635791511439,0.5156976696608709,2,1
"frozenset({'TIME=Afternoon', 'ARREST=Y', 'CRIME=NARCOTICS'})",frozenset({'DOMESTIC=N'}),0.010254725301329828,0.8082599823611808,0.010237432341293859,0.9983136593591906,1.2351392882804904,1.0,0.001948948250122257,113.70183045982178,0.19234718111942525,0.012665743122897286,0.991205066831766,0.5054898367346935,3,1
"frozenset({'DAY=Tuesday', 'TIME=Afternoon', 'CRIME=THEFT'})","frozenset({'ARREST=N', 'DOMESTIC=N'})",0.0126411537862936,0.6856183097860861,0.010704342262265031,0.8467852257181941,1.235067987000511,1.0,0.0020373357695604305,2.051901924521169,0.19276474216935424,0.015568704138030772,0.5126472722455486,0.43119895503919786,3,2
"frozenset({'LOCATION=STREET', 'CRIME=NARCOTICS'})",frozenset({'DOMESTIC=N'}),0.012118041745205527,0.8082599823611808,0.012096425545160565,0.9982161969318587,1.2350187052633192,1.0,0.0023018973379286926,107.48945388832075,0.19262996248777997,0.014965607984510222,0.990696761739631,0.5065911025791746,2,1
frozenset({'CRIME=NARCOTICS'}),frozenset({'DOMESTIC=N'}),0.028105383298459196,0.8082599823611808,0.028036211458315318,0.9975388401784341,1.2341806620987352,1.0,0.005319754849248463,77.9063659168726,0.19523294956624127,0.034684152257277785,0.98716407846482,0.5161129803731326,1,1
"frozenset({'ARREST=N', 'DOMESTIC=N', 'CRIME=THEFT', 'DAY=Saturday'})",frozenset({'TIME=Afternoon'}),0.027327200096840577,0.31149808912791604,0.010505473221851384,0.38443284290460367,1.2341418978873322,1.0,0.001993102610469342,1.1184838289957448,0.1950505892055106,0.03199768247238059,0.10593253646065491,0.2090792427480327,4,1
"frozenset({'TIME=Afternoon', 'CRIME=NARCOTICS'})",frozenset({'DOMESTIC=N'}),0.010790807062444879,0.8082599823611808,0.010760544382381932,0.9971955128205128,1.2337558886775417,1.0,0.0020387668564273292,68.36901200378357,0.19153369102322332,0.013312723305021288,0.9853734905523476,0.5052543672886937,2,1
"frozenset({'CRIME=CRIMINAL DAMAGE', 'DOMESTIC=N'})","frozenset({'ARREST=N', 'TIME=Evening'})",0.09622667612015148,0.22744133363307797,0.026994310616148168,0.2805283493575344,1.233409709996247,1.0,0.005108387068302658,1.0737861119017704,0.20938811998576287,0.0909899013450301,0.06871583743161723,0.19960763302239662,2,2
"frozenset({'LOCATION=RESIDENCE', 'DOMESTIC=N'})","frozenset({'ARREST=N', 'TIME=Afternoon'})",0.0670404828194442,0.262424991785844,0.021689695125114566,0.3235313084413491,1.2328525047849552,1.0,0.004096596971902906,1.0903313300645299,0.20244497100366676,0.07047239117304153,0.08284759648168932,0.20309116780364683,2,2
frozenset({'CRIME=NARCOTICS'}),frozenset({'TIME=Afternoon'}),0.028105383298459196,0.31149808912791604,0.010790807062444879,0.38394093216428243,1.2325627204943075,1.0,0.0020360338707671923,1.1175907422170832,0.19413860042682757,0.03281749214404986,0.10521807113738783,0.20929128993158327,1,1
"frozenset({'DOMESTIC=N', 'CRIME=NARCOTICS'})",frozenset({'TIME=Afternoon'}),0.028036211458315318,0.31149808912791604,0.010760544382381932,0.3838087895142637,1.2321385039272374,1.0,0.0020273180867305257,1.1173510740754415,0.19383739591318552,0.03272932884494004,0.10502614334759952,0.20917664257815002,2,1
"frozenset({'TIME=Afternoon', 'LOCATION=DEPARTMENT STORE'})",frozenset({'DOMESTIC=N'}),0.011283656423470005,0.8082599823611808,0.011236100783371089,0.9957854406130268,1.2320113111427653,1.0,0.0021159728415675975,45.494676912482845,0.19046831953012236,0.013900774464079415,0.9780194064918039,0.5048435164788952,2,1
"frozenset({'ARREST=Y', 'CRIME=NARCOTICS'})",frozenset({'TIME=Afternoon'}),0.02672626973559064,0.31149808912791604,0.010254725301329828,0.38369459721772886,1.2317719132465224,1.0,0.0019295433491760897,1.1171440454097699,0.1933283334725845,0.031267301152091954,0.10486028716807168,0.20830763281193998,2,1
"frozenset({'ARREST=N', 'DAY=Sunday', 'TIME=Night'})",frozenset({'LOCATION=STREET'}),0.03191848098639044,0.2777638473377488,0.01092050426271465,0.34213734254368144,1.2317562052186628,1.0,0.002054704182758058,1.097852484065349,0.19435453686483622,0.036552542470986604,0.0891308126416049,0.1907265647799109,3,1
"frozenset({'DOMESTIC=N', 'ARREST=Y', 'CRIME=NARCOTICS'})",frozenset({'TIME=Afternoon'}),0.026683037335500717,0.31149808912791604,0.010237432341293859,0.3836681788723266,1.2316871026286589,1.0,0.0019257171991565458,1.117096160331888,0.193262312797838,0.031217042817970893,0.10482191640252249,0.2082666659087109,3,1
frozenset({'LOCATION=DEPARTMENT STORE'}),frozenset({'DOMESTIC=N'}),0.02232088816642745,0.8082599823611808,0.02221280716620264,0.9951578539608754,1.2312348448251853,1.0,0.004171726490520101,39.59814844276858,0.19209499263645152,0.02747858082596186,0.9747462939726764,0.5113200546194135,1,1
"frozenset({'LOCATION=RESIDENCE', 'DOMESTIC=N'})","frozenset({'ARREST=N', 'TIME=Morning'})",0.0670404828194442,0.18279523406021408,0.015083784391374271,0.22499516347455986,1.2308590244778745,1.0,0.002829103642884207,1.0544511820126692,0.20103688327264246,0.06425414364640884,0.05163935793474704,0.15375627337911335,2,2
"frozenset({'DAY=Monday', 'DOMESTIC=N', 'CRIME=THEFT'})",frozenset({'TIME=Afternoon'}),0.029415325021183877,0.31149808912791604,0.01127500994345202,0.3833039388594944,1.230517785623049,1.0,0.0021121924082766665,1.1164363683445326,0.19301146806189132,0.034204175847235334,0.10429288371999748,0.2097500097339719,3,1
"frozenset({'DOMESTIC=N', 'CRIME=MOTOR VEHICLE THEFT'})",frozenset({'TIME=Night'}),0.07725197572068411,0.19832863541252357,0.018845003199197605,0.24394202249706193,1.2299889120381557,1.0,0.003523724271592924,1.060330541362962,0.20263878760730944,0.07340237433695378,0.05689786251503453,0.16948054803327212,2,1
"frozenset({'LOCATION=STREET', 'CRIME=WEAPONS VIOLATION'})",frozenset({'DOMESTIC=N'}),0.010838362702543795,0.8082599823611808,0.01077351410240891,0.9940167530913442,1.2298230455348163,1.0,0.0020132992556267815,32.04614828136771,0.18892249991078122,0.013328198874697815,0.9687950017824319,0.5036730106593987,2,1
"frozenset({'ARREST=N', 'DOMESTIC=N', 'CRIME=MOTOR VEHICLE THEFT'})",frozenset({'TIME=Night'}),0.07457589015511785,0.19832863541252357,0.01818354747782178,0.24382608695652175,1.2294043492477194,1.0,0.0033930129486830045,1.0601679729480198,0.20163508019857665,0.07138614029430235,0.056753245224631696,0.16775500533112192,3,1
"frozenset({'ARREST=N', 'LOCATION=DEPARTMENT STORE'})",frozenset({'DOMESTIC=N'}),0.015641482352534285,0.8082599823611808,0.015537724592318468,0.9933665008291873,1.229018536742661,1.0,0.0028953403419563865,28.90480765905164,0.18930361119088854,0.019221204293484367,0.9654036791458515,0.5062950862912926,2,1
"frozenset({'CRIME=CRIMINAL DAMAGE', 'TIME=Night'})","frozenset({'ARREST=N', 'DOMESTIC=N'})",0.032143289466858044,0.6856183097860861,0.027085098656337004,0.8426361802286482,1.2290164486586594,1.0,0.0050470708611048895,1.9978015955046566,0.19252978015778663,0.03921531807284723,0.4994497940885897,0.44107040584870666,2,2
"frozenset({'DAY=Monday', 'TIME=Afternoon'})","frozenset({'DOMESTIC=N', 'CRIME=THEFT'})",0.04409704809172186,0.2081812993930171,0.01127500994345202,0.2556862745098039,1.228190405455699,1.0,0.002094829172320999,1.0638238601410992,0.19436491685877408,0.04678362573099414,0.059994762791496355,0.1549229229424876,2,2
"frozenset({'DOMESTIC=N', 'DAY=Sunday'})",frozenset({'LOCATION=STREET'}),0.11005672090891798,0.2777638473377488,0.037538692998080485,0.34108496680677225,1.2279674625619212,1.0,0.006968914773042567,1.0960990663123245,0.2086045026167286,0.1071671006998013,0.08767370511101395,0.2381155195595909,2,1
frozenset({'CRIME=MOTOR VEHICLE THEFT'}),frozenset({'TIME=Night'}),0.07860514984349871,0.19832863541252357,0.01914330675981808,0.24353756462435375,1.2279495803407088,1.0,0.0035536546549600374,1.0597636142888975,0.20147097186026175,0.07425916919619648,0.056393344216671325,0.17003036269364827,1,1
"frozenset({'ARREST=N', 'CRIME=MOTOR VEHICLE THEFT'})",frozenset({'TIME=Night'}),0.07579504383765369,0.19832863541252357,0.018451588358379303,0.243440565822496,1.2274604991666465,1.0,0.003419260743025043,1.059627741552144,0.20050729115015106,0.07216895787889548,0.05627234849929573,0.16823799408291013,2,1
frozenset({'TIME=Night'}),frozenset({'LOCATION=STREET'}),0.19832863541252357,0.2777638473377488,0.06760250402061321,0.3408610354223433,1.2271612691477127,1.0,0.01251397921118498,1.0957266850777423,0.23090656222488598,0.1654936657952946,0.08736365225142849,0.29212112768175486,1,1
frozenset({'LOCATION=STREET'}),frozenset({'TIME=Night'}),0.2777638473377488,0.19832863541252357,0.06760250402061321,0.24338121994116643,1.2271612691477127,1.0,0.01251397921118498,1.0595446289677606,0.2563028424272101,0.1654936657952946,0.056198320806713595,0.29212112768175486,1,1
"frozenset({'LOCATION=STREET', 'TIME=Evening', 'ARREST=N', 'CRIME=MOTOR VEHICLE THEFT'})",frozenset({'DOMESTIC=N'}),0.021443270444602,0.8082599823611808,0.021257371124215333,0.9913306451612904,1.2264997238454176,1.0,0.003925633732895291,22.1169880811292,0.18871838622894888,0.026294117647058822,0.9547858869240325,0.5088154052199687,4,1
frozenset({'LOCATION=SMALL RETAIL STORE'}),frozenset({'DOMESTIC=N'}),0.03441299047157902,0.8082599823611808,0.03409739395092258,0.9908291457286431,1.225879255872746,1.0,0.006282750879368637,20.907541649383337,0.19082586422811545,0.04216970539485644,0.9521703691055665,0.5165076584401491,1,1
"frozenset({'ARREST=N', 'LOCATION=SMALL RETAIL STORE'})",frozenset({'DOMESTIC=N'}),0.025840005533747212,0.8082599823611808,0.02559790409324364,0.990630751212983,1.225633797084745,1.0,0.004712461676324303,20.464822954057432,0.18897882014701414,0.031660900579104125,0.9511356632674051,0.5111505676560002,2,1
"frozenset({'LOCATION=STREET', 'TIME=Evening', 'CRIME=MOTOR VEHICLE THEFT'})",frozenset({'DOMESTIC=N'}),0.0220658170058969,0.8082599823611808,0.02185830148546527,0.9905956112852665,1.2255903210640544,1.0,0.0040233846214939965,20.38835520892791,0.1882198890035185,0.027036710248389082,0.9509523946511337,0.5088196315170321,3,1
"frozenset({'ARREST=N', 'DAY=Saturday'})",frozenset({'TIME=Night'}),0.12310425925605686,0.19832863541252357,0.029916820862226988,0.2430201931518876,1.2253409228899579,1.0,0.0055017211105037045,1.0590392997739917,0.20971774054620337,0.10262494438677146,0.055747978178516316,0.1969324399001945,2,1
"frozenset({'LOCATION=STREET', 'DAY=Wednesday', 'DOMESTIC=N'})",frozenset({'TIME=Evening'}),0.03577048783440261,0.2789830010202846,0.012226122745430335,0.34179357021996615,1.2251412056289215,1.0,0.002246764701429111,1.0954268544910328,0.190584870201826,0.040413278648698855,0.08711385347164138,0.19280873440567042,3,1
"frozenset({'CRIME=WEAPONS VIOLATION', 'ARREST=Y'})",frozenset({'DOMESTIC=N'}),0.016207826793712278,0.8082599823611808,0.01604354367337057,0.9898639637236598,1.2246851079178223,1.0,0.002943405874971612,18.91666647705119,0.18648610937230167,0.019845450413112652,0.9471365633467634,0.5048567239148154,2,1
frozenset({'CRIME=WEAPONS VIOLATION'}),frozenset({'DOMESTIC=N'}),0.021447593684610994,0.8082599823611808,0.021227108444152386,0.9897198145535175,1.224506762863894,1.0,0.0038918767509389315,18.6514162256116,0.18736313763404402,0.026255561259411364,0.9463847684323924,0.5079912690337404,1,1
frozenset({'TIME=Night'}),"frozenset({'LOCATION=STREET', 'DOMESTIC=N'})",0.19832863541252357,0.2548549985300984,0.06189150396873433,0.31206539509536785,1.2244821443379024,1.0,0.011346459882199213,1.0831625508549616,0.228682522814943,0.1581721154802285,0.07677753518095676,0.2774576339344524,1,2
"frozenset({'LOCATION=STREET', 'DOMESTIC=N'})",frozenset({'TIME=Night'}),0.2548549985300984,0.19832863541252357,0.06189150396873433,0.2428498727735369,1.2244821443379024,1.0,0.011346459882199213,1.058801069642688,0.24603027566543664,0.1581721154802285,0.055535521571140355,0.2774576339344524,2,1
"frozenset({'LOCATION=STREET', 'DAY=Wednesday'})",frozenset({'TIME=Evening'}),0.03874055372058035,0.2789830010202846,0.013233437667525551,0.34159134025220406,1.2244163228689595,1.0,0.002425481729370493,1.095090394552073,0.19067102920044296,0.04346097599068593,0.08683337469229463,0.1945129532923322,2,1
"frozenset({'LOCATION=STREET', 'ARREST=N', 'TIME=Night', 'CRIME=MOTOR VEHICLE THEFT'})",frozenset({'DOMESTIC=N'}),0.014184550469503865,0.8082599823611808,0.014037560309198125,0.9896373056994818,1.2244046807914961,1.0,0.002572755796915651,18.502911702145987,0.18591366407721013,0.01736447208689188,0.9459544521371727,0.5035024678446328,4,1
"frozenset({'ARREST=N', 'LOCATION=SMALL RETAIL STORE', 'TIME=Afternoon'})",frozenset({'DOMESTIC=N'}),0.011888910024728933,0.8082599823611808,0.011763536064468155,0.9894545454545454,1.2241785651246007,1.0,0.0021542058575870823,18.18224305195684,0.18532906752042355,0.01455189158546629,0.945001285202137,0.5020043471347567,3,1
"frozenset({'LOCATION=STREET', 'TIME=Night', 'CRIME=MOTOR VEHICLE THEFT'})",frozenset({'DOMESTIC=N'}),0.014737925190654885,0.8082599823611808,0.01458228855033116,0.9894397183924903,1.2241602207027826,1.0,0.002670213395692041,18.15671444807575,0.18585254672639132,0.018038108378388495,0.9449239562113629,0.5037406500732917,3,1
"frozenset({'CRIME=BURGLARY', 'ARREST=N'})","frozenset({'TIME=Evening', 'DOMESTIC=N'})",0.05448579383333045,0.2221669808221073,0.014815743510816746,0.27191938427358564,1.223941484316771,1.0,0.002710799197169926,1.0683336465452247,0.19351108099392947,0.05658383554858417,0.06396283292789838,0.16930340382606485,2,2
"frozenset({'LOCATION=SMALL RETAIL STORE', 'TIME=Afternoon'})",frozenset({'DOMESTIC=N'}),0.015991664793262663,0.8082599823611808,0.01581873519290297,0.9891862665585293,1.2238466435871365,1.0,0.0028933124891745727,17.731158131149687,0.18587663792679673,0.019567158831425104,0.9436021046903178,0.5043788059205672,2,1
"frozenset({'LOCATION=STREET', 'DAY=Tuesday', 'DOMESTIC=N'})",frozenset({'TIME=Evening'}),0.03519117367319764,0.2789830010202846,0.01201428398498971,0.3414004914004914,1.2237322351252091,1.0,0.0021965447442149986,1.0947730594469096,0.18949636923160745,0.03976134607680422,0.08656868072255088,0.1922325325081365,3,1
"frozenset({'LOCATION=STREET', 'ARREST=N', 'CRIME=MOTOR VEHICLE THEFT'})",frozenset({'DOMESTIC=N'}),0.05727428363913051,0.8082599823611808,0.056634444117799644,0.9888285024154589,1.2234040086047324,1.0,0.010341932633886754,17.16332265999377,0.193702715059165,0.07001416317041233,0.9417362232354395,0.5294490453047678,3,1
"frozenset({'LOCATION=STREET', 'DAY=Wednesday'})","frozenset({'ARREST=N', 'TIME=Evening'})",0.03874055372058035,0.22744133363307797,0.010777837342417902,0.27820555741546704,1.223197001932309,1.0,0.0019666341385252053,1.070330582763449,0.18982409066839653,0.042199163803172124,0.06570921535462901,0.16279644328983925,2,2
"frozenset({'ARREST=N', 'CRIME=DECEPTIVE PRACTICE'})",frozenset({'TIME=Morning'}),0.056400989157314056,0.21119027443927577,0.014569318830304183,0.2583167254330829,1.2231468807876265,1.0,0.00265797845152441,1.0635398594114518,0.19334134319880766,0.0575812459419745,0.05974374993957813,0.16365170969709417,2,1
"frozenset({'LOCATION=STREET', 'DAY=Thursday'})",frozenset({'TIME=Evening'}),0.037335500717657844,0.2789830010202846,0.01273626506649143,0.3411301528485409,1.2227632207015282,1.0,0.002320295031684256,1.0943238669927629,0.18924576290988265,0.0419532618447473,0.086193740114586,0.19339131497628423,2,1
frozenset({'CRIME=CRIMINAL DAMAGE'}),"frozenset({'ARREST=N', 'TIME=Evening'})",0.11144015771179552,0.22744133363307797,0.03098898438445709,0.27807735578228654,1.2226333329143138,1.0,0.005642886294205774,1.0701405095889167,0.2049308183252422,0.10064871240416749,0.06554327115030938,0.20716390361297793,1,2
"frozenset({'LOCATION=STREET', 'CRIME=MOTOR VEHICLE THEFT'})",frozenset({'DOMESTIC=N'}),0.05928026700330295,0.8082599823611808,0.058579902121846196,0.9881855309218204,1.2226085077663014,1.0,0.010666034559390462,16.229253838663613,0.19355040781423086,0.07241381153169908,0.9383828726852704,0.5303310448513583,2,1
"frozenset({'LOCATION=STREET', 'DOMESTIC=N', 'DAY=Thursday'})",frozenset({'TIME=Evening'}),0.03459888979196569,0.2789830010202846,0.011798121984540094,0.34099712607772087,1.222286393187545,1.0,0.002145619878407414,1.094102966028567,0.18837883555651022,0.039094620729174134,0.08600924131496228,0.191643439144918,3,1
"frozenset({'DAY=Tuesday', 'TIME=Evening'})","frozenset({'LOCATION=STREET', 'DOMESTIC=N'})",0.038589240320265616,0.2548549985300984,0.01201428398498971,0.3113376652475913,1.2216266780846454,1.0,0.002179623199890802,1.0820179409663806,0.18870115150790603,0.0426901393305375,0.07580090667732192,0.17923965535492373,2,2
"frozenset({'ARREST=N', 'DAY=Friday', 'CRIME=MOTOR VEHICLE THEFT'})",frozenset({'DOMESTIC=N'}),0.01117989866325419,0.8082599823611808,0.011037231742957442,0.9872389791183294,1.2214374095749425,1.0,0.002000967046595822,15.025445018605529,0.18334222125534375,0.013653136531365313,0.9334462307930492,0.5004472627904425,3,1
"frozenset({'ARREST=N', 'TIME=Evening', 'CRIME=MOTOR VEHICLE THEFT'})",frozenset({'DOMESTIC=N'}),0.027033219776229096,0.8082599823611808,0.02668736057550971,0.987206141052295,1.221396781476619,1.0,0.004837490836008856,14.986879128694305,0.18630157195082458,0.03300416495131979,0.9332749672955344,0.5101122143399657,3,1
"frozenset({'DAY=Wednesday', 'TIME=Afternoon'})","frozenset({'ARREST=N', 'CRIME=THEFT'})",0.045813374375291815,0.20035191173673197,0.011210161343317135,0.24469189393224497,1.2213105021617012,1.0,0.002031364204116811,1.0587044966673977,0.1899077144231184,0.04771192522126336,0.055449369349226715,0.15032212459812733,2,2
frozenset({'TIME=Afternoon'}),"frozenset({'ARREST=N', 'CRIME=THEFT'})",0.31149808912791604,0.20035191173673197,0.07619710515848997,0.24461500027757727,1.2209267091946108,1.0,0.013787867499373066,1.058596726910265,0.26281701543382385,0.17490324501339682,0.05535320998137941,0.3124656685784667,1,2
"frozenset({'ARREST=N', 'CRIME=THEFT'})",frozenset({'TIME=Afternoon'}),0.20035191173673197,0.31149808912791604,0.07619710515848997,0.38031633687935607,1.2209267091946105,1.0,0.013787867499373066,1.111053835766592,0.2262870630115376,0.17490324501339682,0.09995360457935705,0.3124656685784667,2,1
"frozenset({'LOCATION=STREET', 'ARREST=N', 'TIME=Afternoon', 'CRIME=MOTOR VEHICLE THEFT'})",frozenset({'DOMESTIC=N'}),0.012113718505196535,0.8082599823611808,0.011953758624863819,0.9867951463240543,1.2208882882476952,1.0,0.002162724719525359,14.520419714161443,0.1831427822163462,0.01478657069210777,0.931131467293282,0.5007923216870891,4,1
"frozenset({'CRIME=DECEPTIVE PRACTICE', 'TIME=Afternoon'})",frozenset({'DOMESTIC=N'}),0.023812405969529805,0.8082599823611808,0.023496809448873363,0.9867465504720406,1.2208281642120207,1.0,0.004250194619963926,14.46717831718648,0.18529625341115663,0.02905950916965192,0.9308780207117489,0.5079087031686466,2,1
"frozenset({'ARREST=N', 'CRIME=DECEPTIVE PRACTICE', 'TIME=Afternoon'})",frozenset({'DOMESTIC=N'}),0.023198505888252893,0.8082599823611808,0.022887232607605446,0.9865821841222513,1.2206248059444134,1.0,0.004136808647560414,14.289957425693196,0.1850400912454717,0.028305770762822875,0.930020785212277,0.5074494279351501,3,1
"frozenset({'LOCATION=STREET', 'DAY=Tuesday'})",frozenset({'TIME=Evening'}),0.03825635083957321,0.2789830010202846,0.013025922147093917,0.34049045089840657,1.220470242463446,1.0,0.0023530505817848987,1.0932624098648904,0.187829350899965,0.042818366563872265,0.08530651838328207,0.19359059434167358,2,1
"frozenset({'TIME=Evening', 'CRIME=MOTOR VEHICLE THEFT'})",frozenset({'DOMESTIC=N'}),0.027936776938108497,0.8082599823611808,0.027552008577308176,0.9862271742494583,1.2201855786159046,1.0,0.00497182974208436,13.92161790991057,0.18563867956619115,0.034071832597328995,0.9281692683658473,0.5101576132911738,2,1
"frozenset({'ARREST=N', 'CRIME=DECEPTIVE PRACTICE', 'DOMESTIC=N'})",frozenset({'TIME=Morning'}),0.05552337143548861,0.21119027443927577,0.01430560118975565,0.2576500817565989,1.2199902786275412,1.0,0.0025796051385009646,1.0625847813484772,0.1909219687625555,0.056676486708687315,0.05889862385291621,0.16269402757226056,3,1
"frozenset({'DAY=Tuesday', 'CRIME=CRIMINAL DAMAGE'})","frozenset({'ARREST=N', 'DOMESTIC=N'})",0.015390734432012727,0.6856183097860861,0.012870285506770194,0.8362359550561798,1.2196814803809521,1.0,0.002318116179127111,1.9197235285789596,0.1829292267584097,0.018703038222803003,0.47909165819297334,0.4275038744061836,2,2
"frozenset({'LOCATION=STREET', 'TIME=Afternoon', 'CRIME=MOTOR VEHICLE THEFT'})",frozenset({'DOMESTIC=N'}),0.012597921386203676,0.8082599823611808,0.012416345305825999,0.9855868222374743,1.2193933186674246,1.0,0.0022339495884254722,13.303105033321913,0.18221559745153285,0.015358370900379148,0.9248295794481681,0.5004743217024542,3,1
"frozenset({'ARREST=N', 'TIME=Night', 'CRIME=MOTOR VEHICLE THEFT'})",frozenset({'DOMESTIC=N'}),0.018451588358379303,0.8082599823611808,0.01818354747782178,0.985473289597001,1.2192528531699969,1.0,0.003269866996742355,13.199135407781979,0.18320602351015716,0.022489693560547325,0.9242374618408401,0.5039852206742366,3,1
"frozenset({'ARREST=N', 'DAY=Wednesday', 'CRIME=MOTOR VEHICLE THEFT'})",frozenset({'DOMESTIC=N'}),0.010561675341968285,0.8082599823611808,0.010406038701644561,0.9852640196479738,1.2189939390166376,1.0,0.001869459176040757,13.01169064143434,0.18156904979632926,0.012872139598808513,0.9231460363178627,0.49906931893784734,3,1
"frozenset({'DAY=Monday', 'CRIME=MOTOR VEHICLE THEFT'})",frozenset({'DOMESTIC=N'}),0.010838362702543795,0.8082599823611808,0.010678402822211077,0.9852413242919823,1.218965859739565,1.0,0.0019181879754289494,12.991681735689593,0.18160073406434343,0.013208979967271677,0.9230276710633321,0.4992264592009289,2,1
"frozenset({'DAY=Friday', 'CRIME=MOTOR VEHICLE THEFT'})",frozenset({'DOMESTIC=N'}),0.011655455064243347,0.8082599823611808,0.011482525463883652,0.9851632047477744,1.2188692082339694,1.0,0.0020618875592467896,12.923277188856355,0.18168504947299555,0.014203436418766074,0.9226202467542604,0.49968484001676766,2,1
"frozenset({'DAY=Monday', 'ARREST=N', 'CRIME=MOTOR VEHICLE THEFT'})",frozenset({'DOMESTIC=N'}),0.010444947861725491,0.8082599823611808,0.010289311221401767,0.9850993377483445,1.2187901903426672,1.0,0.0018470778469200696,12.867885628205277,0.1814090444034595,0.01272774916708112,0.9222871551012166,0.49891476887042807,3,1
frozenset({'CRIME=DECEPTIVE PRACTICE'}),frozenset({'DOMESTIC=N'}),0.0579573555605513,0.8082599823611808,0.05706244487868989,0.9845591526182307,1.2181218594319425,1.0,0.01021783369561801,12.417713412879309,0.19008064264370209,0.07052104037101153,0.9194698760753467,0.5275791371707038,1,1
"frozenset({'TIME=Evening', 'DAY=Sunday'})",frozenset({'LOCATION=STREET'}),0.03966572708250471,0.2777638473377488,0.013419336987912221,0.33831062670299733,1.2179793372880032,1.0,0.0024016320260265758,1.091503327405066,0.18636011885189444,0.04414106939704209,0.08383238521370841,0.1933113313439966,2,1
"frozenset({'ARREST=N', 'CRIME=DECEPTIVE PRACTICE'})",frozenset({'DOMESTIC=N'}),0.056400989157314056,0.8082599823611808,0.05552337143548861,0.9844396749961675,1.217974038650671,1.0,0.009936708934044802,12.322365862640616,0.18966153566221497,0.06862043171617867,0.9188467530385674,0.526567307771997,2,1
"frozenset({'TIME=Night', 'CRIME=MOTOR VEHICLE THEFT'})",frozenset({'DOMESTIC=N'}),0.01914330675981808,0.8082599823611808,0.018845003199197605,0.9844173441734416,1.217946410383513,1.0,0.003372234415172372,12.304707218908483,0.18243828487725886,0.02330691989349074,0.9187302889691424,0.5038664329622162,2,1
"frozenset({'ARREST=N', 'DAY=Thursday', 'CRIME=MOTOR VEHICLE THEFT'})",frozenset({'DOMESTIC=N'}),0.010224462621266882,0.8082599823611808,0.010064502740934166,0.984355179704017,1.2178694989060412,1.0,0.0018004787630164429,12.25581464096782,0.18074195053547515,0.01244959731328278,0.9184060766832035,0.49840362043658143,3,1
"frozenset({'LOCATION=STREET', 'ARREST=N', 'DAY=Friday', 'DOMESTIC=N'})",frozenset({'TIME=Evening'}),0.031615854185760975,0.2789830010202846,0.01073892818233697,0.33966908245590044,1.2175260901692122,1.0,0.001918642301773646,1.0919025292065974,0.18449534239157847,0.035813148788927336,0.08416733797052006,0.18908110489502497,4,1
"frozenset({'DAY=Monday', 'TIME=Evening'})","frozenset({'LOCATION=STREET', 'DOMESTIC=N'})",0.038917806560949036,0.2548549985300984,0.012074809345115603,0.31026438569206843,1.2174153439467508,1.0,0.002156411811230283,1.0803342411390005,0.18581932957139824,0.04286437790635216,0.07436054332065214,0.17882176027605967,2,2
"frozenset({'ARREST=N', 'CRIME=MOTOR VEHICLE THEFT'})",frozenset({'DOMESTIC=N'}),0.07579504383765369,0.8082599823611808,0.07457589015511785,0.983915126625599,1.217325053940286,1.0,0.013313789359830956,11.920517692353886,0.19316789292652525,0.09212824251357891,0.9161110258960125,0.5380911662268385,2,1
frozenset({'LOCATION=GROCERY FOOD STORE'}),frozenset({'DOMESTIC=N'}),0.010635170422121155,0.8082599823611808,0.01046224082176146,0.9837398373983739,1.2171081816083007,1.0,0.0018662581639696633,11.792011084787317,0.18029784683673233,0.012941384086375718,0.9151968232721487,0.49834199516596805,1,1
"frozenset({'DAY=Thursday', 'CRIME=MOTOR VEHICLE THEFT'})",frozenset({'DOMESTIC=N'}),0.010583291542013247,0.8082599823611808,0.010406038701644561,0.9832516339869282,1.2165041638143979,1.0,0.0018519876665737001,11.448282028776369,0.1798760794866236,0.012871795420271876,0.9126506494610804,0.4980631261073245,2,1
"frozenset({'LOCATION=STREET', 'DAY=Thursday'})","frozenset({'ARREST=N', 'TIME=Evening'})",0.037335500717657844,0.22744133363307797,0.010328220381482699,0.27663270032422416,1.2162815610750184,1.0,0.001836584306399859,1.0680033044252824,0.18471850981148688,0.04059059399211634,0.06367330900897958,0.16102159071030725,2,2
"frozenset({'ARREST=N', 'DAY=Tuesday', 'CRIME=MOTOR VEHICLE THEFT'})",frozenset({'DOMESTIC=N'}),0.010457917581752468,0.8082599823611808,0.010280664741383783,0.9830508474576272,1.216255745565712,1.0,0.00182794846122185,11.312661040690363,0.17968361716061437,0.012716713547738477,0.9116034683260541,0.49788517490154316,3,1
"frozenset({'DAY=Wednesday', 'CRIME=MOTOR VEHICLE THEFT'})",frozenset({'DOMESTIC=N'}),0.010907534542687673,0.8082599823611808,0.010721635222301,0.9829567974633372,1.2161393844983048,1.0,0.0019055115452242914,11.250234058203208,0.1796857611068849,0.013262032085561495,0.911112960421402,0.4981109399042377,2,1
frozenset({'CRIME=MOTOR VEHICLE THEFT'}),frozenset({'DOMESTIC=N'}),0.07860514984349871,0.8082599823611808,0.07725197572068411,0.9827851721482785,1.2159270452525126,1.0,0.013718578694679864,11.13807348469334,0.19273196220261657,0.09541837987931862,0.9102178665480826,0.5391816498695574,1,1
frozenset({'CRIME=DECEPTIVE PRACTICE'}),frozenset({'TIME=Morning'}),0.0579573555605513,0.21119027443927577,0.014880592110951631,0.2567507086379233,1.2157316870751438,1.0,0.0026405622843441168,1.0612989944667872,0.18836735539244245,0.05852348080389023,0.05775845900766625,0.16360565114598316,1,1
"frozenset({'LOCATION=STREET', 'ARREST=N', 'DAY=Friday'})",frozenset({'TIME=Evening'}),0.03413630311100351,0.2789830010202846,0.011577636744081484,0.33915906788247213,1.2156979695612786,1.0,0.0020541884584356473,1.0910598359417079,0.1836980400661521,0.038394815696282385,0.08345998353345407,0.19032925113142374,3,1
"frozenset({'DAY=Saturday', 'CRIME=MOTOR VEHICLE THEFT'})",frozenset({'DOMESTIC=N'}),0.011819738184585055,0.8082599823611808,0.011612222664153423,0.9824433065106072,1.215504080309138,1.0,0.002058801287566931,10.921191838011087,0.17941671527379227,0.014363252319456699,0.9084349020846323,0.498405123251078,2,1
"frozenset({'DAY=Saturday', 'ARREST=N', 'CRIME=MOTOR VEHICLE THEFT'})",frozenset({'DOMESTIC=N'}),0.011452262783820706,0.8082599823611808,0.011249070503398066,0.9822574556436391,1.215274140845322,1.0,0.0019926647877515358,10.806793760111308,0.17919255481746252,0.013914140873991999,0.9074656163337663,0.49808754722949083,3,1
"frozenset({'DAY=Tuesday', 'TIME=Evening'})",frozenset({'LOCATION=STREET'}),0.038589240320265616,0.2777638473377488,0.013025922147093917,0.3375532153260139,1.215252519582089,1.0,0.0023072262898959587,1.090255352386818,0.18423525307408198,0.0429434736752088,0.08278368199635834,0.19222444342698772,2,1
"frozenset({'DAY=Tuesday', 'TIME=Afternoon'})","frozenset({'ARREST=N', 'CRIME=THEFT'})",0.045813374375291815,0.20035191173673197,0.011153959223200236,0.2434651316410305,1.2151874645496297,1.0,0.001975162083999912,1.0569877499470939,0.1855839280375029,0.04746136865342163,0.05391524163827473,0.14956848494530217,2,2
"frozenset({'LOCATION=STREET', 'ARREST=N', 'CRIME=THEFT'})",frozenset({'TIME=Night'}),0.0458220208553098,0.19832863541252357,0.011041554982966434,0.24096612888008304,1.2149840509862506,1.0,0.001953736114888645,1.0561733739294796,0.18544121989604417,0.047366468842729964,0.05318575085876971,0.1483195767016219,3,1
"frozenset({'CRIME=DECEPTIVE PRACTICE', 'TIME=Morning'})",frozenset({'DOMESTIC=N'}),0.014880592110951631,0.8082599823611808,0.014612551230394106,0.9819872167344567,1.2149397943292506,1.0,0.002585164113272415,10.644663559884092,0.17958629739673118,0.018073030012993332,0.9060562135783568,0.5000331201266168,2,1
"frozenset({'TIME=Evening', 'DAY=Wednesday'})","frozenset({'LOCATION=STREET', 'DOMESTIC=N'})",0.03948847424213603,0.2548549985300984,0.012226122745430335,0.3096124370483906,1.2148572279692813,1.0,0.0021622877004949283,1.0793140569974755,0.18412897932656183,0.043337011156062276,0.07348561475991325,0.17879264770146416,2,2
"frozenset({'ARREST=N', 'CRIME=DECEPTIVE PRACTICE', 'TIME=Morning'})",frozenset({'DOMESTIC=N'}),0.014569318830304183,0.8082599823611808,0.01430560118975565,0.9818991097922849,1.2148307861584955,1.0,0.002529803808959572,10.592850154800358,0.1794546220983713,0.017693484049663668,0.9055967010401983,0.49979918342034857,3,1
"frozenset({'DAY=Tuesday', 'CRIME=MOTOR VEHICLE THEFT'})",frozenset({'DOMESTIC=N'}),0.010868625382606741,0.8082599823611808,0.010669756342193094,0.9817024661893398,1.2145874936446552,1.0,0.0018850813821570875,10.479008790086809,0.17861652040069903,0.013197649235573762,0.9045711269041014,0.49745168132608136,2,1
"frozenset({'ARREST=N', 'LOCATION=SIDEWALK'})","frozenset({'DOMESTIC=N', 'TIME=Afternoon'})",0.03438705103152507,0.2616900409843153,0.010924827502723642,0.3177017852652753,1.214038501695665,1.0,0.001926078708954105,1.082092761011748,0.1825813277811877,0.038312259316534765,0.07586480934868452,0.1797244945886602,2,2
"frozenset({'TIME=Evening', 'DAY=Friday'})","frozenset({'LOCATION=STREET', 'DOMESTIC=N'})",0.0430594704895637,0.2548549985300984,0.013319902467705397,0.30933734939759033,1.2137778390917358,1.0,0.002345981179380825,1.0788841713388895,0.18405114777034312,0.04680308070910997,0.07311644144430675,0.18080099022042367,2,2
"frozenset({'DOMESTIC=N', 'CRIME=ASSAULT'})",frozenset({'TIME=Afternoon'}),0.06491777197502896,0.31149808912791604,0.024534387051031524,0.3779302077783698,1.2132665366790534,1.0,0.004312625130368224,1.1067920665512485,0.18798218528370567,0.06972344059071418,0.0964879219671419,0.22834638407571684,2,1
"frozenset({'CRIME=BURGLARY', 'ARREST=N', 'TIME=Night'})",frozenset({'DOMESTIC=N'}),0.01602192747332561,0.8082599823611808,0.01571065419267816,0.9805720453318941,1.213188907939418,1.0,0.0027607713756958845,9.86928479679806,0.17858737488424503,0.019430141849659674,0.8986755351994266,0.5000048350131713,3,1
"frozenset({'CRIME=CRIMINAL DAMAGE', 'DAY=Thursday'})","frozenset({'ARREST=N', 'DOMESTIC=N'})",0.014871945630933647,0.6856183097860861,0.012368789665727083,0.8316860465116279,1.213045268250078,1.0,0.0021723114390157887,1.8678290403037374,0.1782798244575662,0.017974718536389225,0.464619096061712,0.4248631948944522,2,2
"frozenset({'ARREST=N', 'DAY=Sunday', 'CRIME=MOTOR VEHICLE THEFT'})",frozenset({'DOMESTIC=N'}),0.011473878983865668,0.8082599823611808,0.011249070503398066,0.9804069329314243,1.2129846266387558,1.0,0.001975193278284479,9.786115515642846,0.17762529433436636,0.01391376885604436,0.8978144087506911,0.49716228587338346,3,1
"frozenset({'ARREST=N', 'TIME=Morning', 'CRIME=MOTOR VEHICLE THEFT'})",frozenset({'DOMESTIC=N'}),0.013557680668199975,0.8082599823611808,0.01328963978764245,0.9802295918367346,1.2127652156836675,1.0,0.002331509049904616,9.698333795408633,0.17784931640390306,0.016436832621284467,0.8968895048267551,0.49833593767823725,3,1
"frozenset({'ARREST=Y', 'CRIME=THEFT'})",frozenset({'DOMESTIC=N'}),0.01962750964082522,0.8082599823611808,0.01923841804001591,0.9801762114537446,1.2126991721034395,1.0,0.0033742874439286127,9.672218667558246,0.17890463906288034,0.023790811934968216,0.8966111050245259,0.5019892380728128,2,1
"frozenset({'CRIME=DECEPTIVE PRACTICE', 'TIME=Night'})",frozenset({'DOMESTIC=N'}),0.011080464143047366,0.8082599823611808,0.010859978902588757,0.9801014436207569,1.2126066674210114,1.0,0.0019040831497755973,9.635875788397906,0.1772947892912769,0.013432580424366871,0.8962211612146296,0.4967688441593678,2,1
"frozenset({'ARREST=N', 'CRIME=DECEPTIVE PRACTICE', 'TIME=Night'})",frozenset({'DOMESTIC=N'}),0.010842685942552787,0.8082599823611808,0.01062652394210317,0.9800637958532695,1.2125600886365746,1.0,0.0018628147934276317,9.617679284763165,0.17722014458283783,0.013143893009352592,0.8960248132224317,0.49660560204041493,3,1
"frozenset({'CRIME=DECEPTIVE PRACTICE', 'DOMESTIC=N'})",frozenset({'TIME=Morning'}),0.05706244487868989,0.21119027443927577,0.014612551230394106,0.25608000606106524,1.2125558657517477,1.0,0.002561517836287542,1.0603421496767491,0.1859038587757854,0.057611345003323725,0.0569081873196729,0.16263570415642822,2,1
"frozenset({'ARREST=N', 'TIME=Evening', 'DAY=Sunday'})",frozenset({'LOCATION=STREET'}),0.03226001694710084,0.2777638473377488,0.010864302142597749,0.33677298311444653,1.2124435427514266,1.0,0.0019036357201900438,1.0889727563478921,0.18106033751765827,0.036316078499378596,0.08170338130981512,0.18794321617550527,3,1
"frozenset({'ARREST=N', 'TIME=Afternoon', 'CRIME=MOTOR VEHICLE THEFT'})",frozenset({'DOMESTIC=N'}),0.016752555034845313,0.8082599823611808,0.01641534231414391,0.9798709677419356,1.2123215167469077,1.0,0.0028749224771751278,9.525545748082422,0.1781202795972636,0.020301013179351457,0.8950191383836135,0.5000902253355827,3,1
"frozenset({'CRIME=BURGLARY', 'TIME=Night'})",frozenset({'DOMESTIC=N'}),0.0166487972746295,0.8082599823611808,0.016311584553928095,0.9797455206439885,1.2121663103768228,1.0,0.002855027962401181,9.466548819578056,0.1779940812327556,0.020172694950143018,0.8943648821699551,0.4999633159042939,2,1
"frozenset({'DOMESTIC=N', 'DAY=Sunday'})","frozenset({'LOCATION=STREET', 'ARREST=N'})",0.11005672090891798,0.2337446175661888,0.03117920694485275,0.28330125309345167,1.212011878790022,1.0,0.005454040805408941,1.0691456985813939,0.19655812049873084,0.09973448390308662,0.06467378456756685,0.20834565308786923,2,2
frozenset({'CRIME=BURGLARY'}),"frozenset({'TIME=Evening', 'DOMESTIC=N'})",0.056310201117125216,0.2221669808221073,0.015157279471527141,0.2691746641074856,1.21158717245664,1.0,0.0026470120998497767,1.0643213651425625,0.18505695329769145,0.05756222499507453,0.06043415762300967,0.16869969072972402,1,2
"frozenset({'LOCATION=RESIDENCE', 'CRIME=THEFT'})","frozenset({'ARREST=N', 'DOMESTIC=N'})",0.01646722119425182,0.6856183097860861,0.013678731388451762,0.8306642163297454,1.211554890634286,1.0,0.0023885030263752147,1.8565579194182924,0.177537923521471,0.019870128238943945,0.4613688107757361,0.4253075793513989,2,2
"frozenset({'ARREST=N', 'DOMESTIC=N', 'DAY=Sunday'})",frozenset({'LOCATION=STREET'}),0.09265567987272381,0.2777638473377488,0.03117920694485275,0.33650615901455766,1.211482927817387,1.0,0.005442808825710171,1.0885348258690133,0.1923915045121803,0.09190890670200971,0.08133393968202436,0.22437846667283784,3,1
"frozenset({'TIME=Morning', 'CRIME=MOTOR VEHICLE THEFT'})",frozenset({'DOMESTIC=N'}),0.014033237069189132,0.8082599823611808,0.013739256748577655,0.9790511398644487,1.2113072046500848,1.0,0.0023967528025645776,9.152766136111932,0.1769284730567923,0.01699238069776768,0.8907434118681855,0.4980248505154601,2,1
"frozenset({'DAY=Sunday', 'CRIME=MOTOR VEHICLE THEFT'})",frozenset({'DOMESTIC=N'}),0.011932142424818857,0.8082599823611808,0.011681394504297301,0.9789855072463768,1.2112260022900716,1.0,0.002037121278482115,9.124180149709316,0.17649622557814765,0.014448038927358768,0.8904011118158536,0.49671901420717296,2,1
"frozenset({'LOCATION=STREET', 'ARREST=N', 'DOMESTIC=N', 'CRIME=THEFT'})",frozenset({'TIME=Night'}),0.04414892697182977,0.19832863541252357,0.010604907742058209,0.24020759890325108,1.2111594395011052,1.0,0.0018489113008080538,1.055118955428188,0.18239752887446048,0.04573591378603125,0.05223956516430839,0.14683949427451382,4,1
frozenset({'CRIME=CRIMINAL DAMAGE'}),"frozenset({'ARREST=N', 'DOMESTIC=N'})",0.11144015771179552,0.6856183097860861,0.09253895239248103,0.8303914342243086,1.211157027710348,1.0,0.01613353981982492,1.8535720102113598,0.19620876530604317,0.13135044581218822,0.46050113268274284,0.4826814822030496,1,2
"frozenset({'CRIME=BURGLARY', 'ARREST=N', 'TIME=Evening'})",frozenset({'DOMESTIC=N'}),0.01513566327148218,0.8082599823611808,0.014815743510816746,0.9788631819480148,1.211074658290577,1.0,0.002582192581983788,9.071375699371682,0.1769655649553887,0.018323165678416943,0.889763137021294,0.49859680008626317,3,1
"frozenset({'CRIME=CRIMINAL DAMAGE', 'TIME=Afternoon'})","frozenset({'ARREST=N', 'DOMESTIC=N'})",0.025143963892299444,0.6856183097860861,0.020876926003424005,0.8302957359009628,1.211017448119226,1.0,0.0036377639782632816,1.8525267581399425,0.178742357288671,0.03026144282348223,0.46019673097512226,0.43037275744470865,2,2
"frozenset({'CRIME=BURGLARY', 'ARREST=N'})",frozenset({'DOMESTIC=N'}),0.05448579383333045,0.8082599823611808,0.05332284227091151,0.9786558755851781,1.2108181735364623,1.0,0.00928415550824891,8.983269302238039,0.18414547745441462,0.06587760246974245,0.8886819523766403,0.5223141324790678,2,1
"frozenset({'LOCATION=STREET', 'CRIME=THEFT'})",frozenset({'TIME=Night'}),0.046453213896622686,0.19832863541252357,0.011153959223200236,0.24011167985109355,1.210675802572136,1.0,0.001940956700556981,1.054985770054187,0.18249240219541057,0.04774241302738712,0.052119916320162774,0.14817573093372116,2,1
"frozenset({'TIME=Afternoon', 'CRIME=MOTOR VEHICLE THEFT'})",frozenset({'DOMESTIC=N'}),0.017491829076383004,0.8082599823611808,0.017115707195600672,0.9784972812654474,1.2106219565726242,1.0,0.002977761734858555,8.91701277432949,0.17707568305433158,0.02116614272577575,0.8878548202960049,0.4998366368029661,2,1
"frozenset({'TIME=Evening', 'DAY=Sunday'})","frozenset({'LOCATION=STREET', 'DOMESTIC=N'})",0.03966572708250471,0.2548549985300984,0.01223476922544832,0.3084468664850136,1.2102837623904246,1.0,0.0021257604081412976,1.0774949390837427,0.18092396782820674,0.04334175664292824,0.07192139496231988,0.1782268259481896,2,2
"frozenset({'TIME=Evening', 'CRIME=CRIMINAL DAMAGE'})","frozenset({'ARREST=N', 'DOMESTIC=N'})",0.03253238106766735,0.6856183097860861,0.026994310616148168,0.8297674418604652,1.2102469114620844,1.0,0.004689514495217213,1.8467776884150697,0.17956397201653307,0.0390567335960468,0.45851630855568004,0.43456982778505865,2,2
"frozenset({'ARREST=N', 'CRIME=THEFT', 'DAY=Saturday'})",frozenset({'TIME=Afternoon'}),0.029104051740536426,0.31149808912791604,0.010968059902813564,0.3768568033273916,1.2098205943492517,1.0,0.0019022033997564674,1.1048855456474063,0.1786300217594645,0.03327344026650229,0.09492887843504977,0.20603374225104937,3,1
"frozenset({'CRIME=BURGLARY', 'ARREST=N', 'TIME=Afternoon'})",frozenset({'DOMESTIC=N'}),0.012368789665727083,0.8082599823611808,0.012092102305151573,0.9776301992310381,1.209549180419738,1.0,0.002094904588101845,8.571377976010345,0.17541536414679437,0.014955539752220338,0.8833326446694091,0.4962954293170012,3,1
"frozenset({'DAY=Monday', 'CRIME=CRIMINAL DAMAGE'})","frozenset({'ARREST=N', 'DOMESTIC=N'})",0.016160271153613365,0.6856183097860861,0.013393397547858267,0.8287854467629748,1.2088146348097926,1.0,0.0023136197538330284,1.8361855594056409,0.17558073703894853,0.019456254827952196,0.45539273257127,0.4241601095179786,2,2
frozenset({'CRIME=BURGLARY'}),frozenset({'DOMESTIC=N'}),0.056310201117125216,0.8082599823611808,0.055004582634409535,0.9768138195777352,1.208539134554399,1.0,0.009491300472727365,8.269581886574915,0.18285110461191595,0.0679433298266038,0.8790749020064207,0.522433450651205,1,1
"frozenset({'CRIME=BURGLARY', 'ARREST=N', 'TIME=Morning'})",frozenset({'DOMESTIC=N'}),0.01095941342279558,0.8082599823611808,0.010704342262265031,0.9767258382642998,1.2084302818147417,1.0,0.0018462869624673878,8.238321096854357,0.17439141530528024,0.01323950891902297,0.8786160446717923,0.49498476265766644,3,1
"frozenset({'CRIME=BURGLARY', 'TIME=Evening'})",frozenset({'DOMESTIC=N'}),0.015520431632282498,0.8082599823611808,0.015157279471527141,0.9766016713091922,1.2082766592702419,1.0,0.0026127356741805774,8.194603134801907,0.17509248623963583,0.018744553333226405,0.8779684649091706,0.49767732329613934,2,1
"frozenset({'ARREST=N', 'DOMESTIC=N', 'DAY=Saturday'})",frozenset({'TIME=Night'}),0.09814619468414408,0.19832863541252357,0.023518425648918324,0.23962646462866707,1.2082292813150457,1.0,0.004053224786280153,1.054312554678768,0.19109807025741174,0.08616183854158417,0.05151466179335782,0.17910478544784852,3,1
"frozenset({'DOMESTIC=N', 'ARREST=Y'})",frozenset({'TIME=Evening'}),0.12264167257509467,0.2789830010202846,0.04133882096598475,0.33706993795826284,1.2082095924323173,1.0,0.007123879100837699,1.0876215158490146,0.1964180757464726,0.11473895148613462,0.08056250687594733,0.24262339159771784,2,1
"frozenset({'CRIME=CRIMINAL DAMAGE', 'DAY=Wednesday'})","frozenset({'ARREST=N', 'DOMESTIC=N'})",0.015105400591419233,0.6856183097860861,0.012511456586023829,0.8282770463651975,1.20807311377612,1.0,0.002154917363893229,1.830749376012359,0.17487711956289895,0.018179648091262587,0.45377558878203916,0.42326273734625447,2,2
frozenset({'ARREST=Y'}),"frozenset({'TIME=Evening', 'DOMESTIC=N'})",0.15407595068047797,0.2221669808221073,0.04133882096598475,0.268301579730071,1.207657315849759,1.0,0.007108232186007049,1.0630513851470997,0.20326946658203854,0.12343479720135286,0.0593117002884813,0.22718626438292844,1,2
"frozenset({'DOMESTIC=N', 'LOCATION=APARTMENT'})","frozenset({'ARREST=N', 'TIME=Afternoon'})",0.10277638473377489,0.262424991785844,0.03256696698773929,0.3168720817734404,1.2074767712368981,1.0,0.005595875068199672,1.0797026274799957,0.19150935792568016,0.09790618785822904,0.07381905485033409,0.22048608948559006,2,2
"frozenset({'CRIME=BURGLARY', 'TIME=Afternoon'})",frozenset({'DOMESTIC=N'}),0.012731941826482438,0.8082599823611808,0.012424991785843983,0.9758913412563668,1.2073978206931417,1.0,0.002134272709747708,7.953159886567944,0.17398776717765865,0.015366683063498515,0.874263812841372,0.49563193003542677,2,1
"frozenset({'LOCATION=RESIDENCE', 'ARREST=N', 'CRIME=DECEPTIVE PRACTICE'})",frozenset({'DOMESTIC=N'}),0.012351496705691113,0.8082599823611808,0.01204886990506165,0.9754987749387469,1.206912127566936,1.0,0.002065649395585567,7.825731862772946,0.1735832778682135,0.014901591748784932,0.872216424286525,0.4952029730532243,3,1
"frozenset({'LOCATION=STREET', 'DOMESTIC=N', 'CRIME=THEFT'})",frozenset({'TIME=Night'}),0.04470662493298978,0.19832863541252357,0.010700019022256039,0.23933855526544817,1.2067776030809871,1.0,0.001833415105396672,1.0539134987540164,0.17936573828177535,0.04605422303269384,0.05115552539914839,0.14664475447196113,3,1
"frozenset({'LOCATION=RESIDENCE', 'CRIME=DECEPTIVE PRACTICE'})",frozenset({'DOMESTIC=N'}),0.01238175938575406,0.8082599823611808,0.012074809345115603,0.9752094972067039,1.2065542257304527,1.0,0.0020671287223856423,7.734414232641947,0.17333973840792177,0.014933592831019955,0.8707077265425417,0.4950743806577816,2,1
"frozenset({'TIME=Evening', 'DAY=Wednesday'})",frozenset({'LOCATION=STREET'}),0.03948847424213603,0.2777638473377488,0.013233437667525551,0.3351215239763521,1.2064979916873735,1.0,0.002264967136532254,1.086267910162523,0.1781913623965973,0.04352834105969683,0.07941678968461474,0.19138214442214388,2,1
"frozenset({'DAY=Monday', 'TIME=Afternoon'})",frozenset({'CRIME=THEFT'}),0.04409704809172186,0.2199794213775572,0.011703010704342261,0.2653921568627451,1.2064408352417868,1.0,0.002002567580666975,1.0618190180099982,0.1790093749491053,0.046371796628751544,0.0582199197428729,0.15929631819710963,2,1
"frozenset({'ARREST=N', 'CRIME=DECEPTIVE PRACTICE'})",frozenset({'LOCATION=APARTMENT'}),0.056400989157314056,0.19613675272796444,0.013341518667750359,0.2365476007971792,1.2060340426113987,1.0,0.002279211803789649,1.0529317192681702,0.1810472532096238,0.055776460381723535,0.05027079942558853,0.15228455687892817,2,1
"frozenset({'DOMESTIC=Y', 'LOCATION=APARTMENT'})",frozenset({'TIME=Night'}),0.09336036799418956,0.19832863541252357,0.02232088816642745,0.23908312109284557,1.2054896691824288,1.0,0.0038048537805287913,1.0535597077815575,0.18801469762565362,0.08286388367278157,0.05083689836083071,0.17581404011045548,2,1
"frozenset({'LOCATION=STREET', 'DOMESTIC=N'})",frozenset({'TIME=Evening'}),0.2548549985300984,0.2789830010202846,0.08569958669825514,0.33626802374893977,1.2053351728211212,1.0,0.014599374383308064,1.0863074626179932,0.2286202659957033,0.19123463697929732,0.07945030811994319,0.3217268587232712,2,1
frozenset({'TIME=Evening'}),"frozenset({'LOCATION=STREET', 'DOMESTIC=N'})",0.2789830010202846,0.2548549985300984,0.08569958669825514,0.30718569369760274,1.205335172821121,1.0,0.014599374383308064,1.0755335083173978,0.2362707795828407,0.19123463697929732,0.07022887500322057,0.3217268587232712,1,2
"frozenset({'DAY=Monday', 'CRIME=THEFT'})",frozenset({'TIME=Afternoon'}),0.031170560464834764,0.31149808912791604,0.011703010704342261,0.3754507628294036,1.2053067929903913,1.0,0.001993440682500066,1.1023981295553467,0.17581599701405104,0.03536019855006205,0.09288670473039434,0.20651042554949334,2,1
"frozenset({'CRIME=BURGLARY', 'TIME=Morning'})",frozenset({'DOMESTIC=N'}),0.011409030383730784,0.8082599823611808,0.011110726823110312,0.9738537324744221,1.204876838798192,1.0,0.0018892641263978938,7.333360964475986,0.17200202872542755,0.013741404938350818,0.8636368774366671,0.49380010446846206,2,1
"frozenset({'TIME=Evening', 'DAY=Thursday'})","frozenset({'LOCATION=STREET', 'DOMESTIC=N'})",0.03845089663997787,0.2548549985300984,0.011798121984540094,0.30683606926017537,1.2039633165128523,1.0,0.001998718777877568,1.0749910207742586,0.17618435597884072,0.04191046609844122,0.06975967177869691,0.176564769150868,2,2
"frozenset({'DOMESTIC=N', 'CRIME=ASSAULT'})","frozenset({'ARREST=N', 'TIME=Morning'})",0.06491777197502896,0.18279523406021408,0.01426669202967472,0.21976558337773044,1.2022500723697098,1.0,0.0024000327068316955,1.0473836433383257,0.17990534681230608,0.06111337456942851,0.04524000698282815,0.14890648971639467,2,2
"frozenset({'CRIME=CRIMINAL DAMAGE', 'DAY=Saturday'})","frozenset({'ARREST=N', 'DOMESTIC=N'})",0.017241081155861447,0.6856183097860861,0.01421048990955782,0.8242226680040121,1.2021596509888581,1.0,0.0023896889885913555,1.7885223688631802,0.17111391898328182,0.020635319229079043,0.44087923225941,0.42247460005450654,2,2
"frozenset({'LOCATION=STREET', 'ARREST=N', 'TIME=Afternoon', 'CRIME=THEFT'})",frozenset({'DOMESTIC=N'}),0.011607899424144431,0.8082599823611808,0.011270686703443028,0.970949720670391,1.2012839208418342,1.0,0.00188848611963369,6.600281376413181,0.16952515638141305,0.01393856764776646,0.8484913077230907,0.4924470518016824,4,1
"frozenset({'LOCATION=SIDEWALK', 'DOMESTIC=N'})",frozenset({'TIME=Afternoon'}),0.043271309250004324,0.31149808912791604,0.016190533833676312,0.374163253072235,1.201173509987683,1.0,0.0027116036882368477,1.100130208479995,0.17505569719841674,0.0478190918841616,0.09101668848666633,0.2130698017429126,2,1
"frozenset({'LOCATION=STREET', 'TIME=Afternoon', 'CRIME=THEFT'})",frozenset({'DOMESTIC=N'}),0.011806768464558078,0.8082599823611808,0.011456586023829698,0.9703405346027095,1.2005302201997439,1.0,0.0019136475529234406,6.464715903353252,0.1690304154968298,0.014168243886269099,0.84531416152699,0.49225745847365643,3,1
"frozenset({'DAY=Sunday', 'TIME=Night'})","frozenset({'LOCATION=STREET', 'DOMESTIC=N'})",0.037158247877289156,0.2548549985300984,0.01136579798364086,0.3058755090168703,1.2001942703931165,1.0,0.0018958327754932999,1.073503400542039,0.1732388052936402,0.040498490356768745,0.06847058006982111,0.17523631260851996,2,2
"frozenset({'LOCATION=STREET', 'DAY=Tuesday'})","frozenset({'ARREST=N', 'TIME=Evening'})",0.03825635083957321,0.22744133363307797,0.010436301381707506,0.27279918634873995,1.1994266037361352,1.0,0.001735225926820053,1.062373215024226,0.1728821236333084,0.040884763904884484,0.05871120821019894,0.15934243565379363,2,2
"frozenset({'DAY=Monday', 'DOMESTIC=N', 'LOCATION=STREET'})",frozenset({'TIME=Evening'}),0.03609473083507704,0.2789830010202846,0.012074809345115603,0.3345310815666547,1.1991091942635286,1.0,0.0020049930157264063,1.0834720886396048,0.17226546769791634,0.03985047155677944,0.07704129115537374,0.18890630258773142,3,1
frozenset({'ARREST=Y'}),frozenset({'TIME=Evening'}),0.15407595068047797,0.2789830010202846,0.05154166738720667,0.33452117062768316,1.199073669020287,1.0,0.008557096281313563,1.0834559525504102,0.1962621637659818,0.135096546097362,0.07702754537824845,0.2596347930589563,1,1
"frozenset({'DAY=Friday', 'DOMESTIC=N'})",frozenset({'CRIME=THEFT'}),0.1210550434917945,0.2199794213775572,0.031927127466408425,0.26374058069354667,1.1989329685565493,1.0,0.005297509044248451,1.0594371469735653,0.18877747907543083,0.10328815787633393,0.05610257025945903,0.204438731672953,2,1
"frozenset({'ARREST=N', 'TIME=Evening', 'DAY=Wednesday'})",frozenset({'LOCATION=STREET'}),0.03236809794732565,0.2777638473377488,0.010777837342417902,0.3329771604113797,1.1987778956938695,1.0,0.0017871499255636414,1.0827757458915246,0.17136383946347822,0.036003639357046924,0.07644772817049918,0.1858896603781439,3,1
"frozenset({'DAY=Friday', 'DOMESTIC=N'})","frozenset({'ARREST=N', 'CRIME=THEFT'})",0.1210550434917945,0.20035191173673197,0.02907378906047348,0.24016999392878824,1.1987407150093898,1.0,0.0048201796715192195,1.052403934924787,0.1886252868302177,0.09945429539034886,0.04979450682929284,0.19264180165981737,2,2
"frozenset({'TIME=Afternoon', 'DAY=Thursday', 'CRIME=THEFT'})",frozenset({'DOMESTIC=N'}),0.0126411537862936,0.8082599823611808,0.012247738945475296,0.9688782489740081,1.1987210428798059,1.0,0.002030400209140658,6.160964962372586,0.16790000415942904,0.015145844916812794,0.8376877638312521,0.492015733011959,3,1
"frozenset({'TIME=Evening', 'DAY=Friday'})",frozenset({'LOCATION=STREET'}),0.0430594704895637,0.2777638473377488,0.014335863869818596,0.3329317269076305,1.1986143268774643,1.0,0.0023754996823111274,1.0827019988735733,0.17315943478944126,0.0467747168267671,0.07638482145559475,0.19227171257208947,2,1
"frozenset({'TIME=Evening', 'ARREST=Y'})",frozenset({'CRIME=BATTERY'}),0.05154166738720667,0.18293790098051083,0.011300949383505975,0.21925851367220264,1.1985406659692746,1.0,0.0018720249386547372,1.0465206644295606,0.17465396277324063,0.050636344265153135,0.0444526954992505,0.14051664901381608,2,1
"frozenset({'DAY=Wednesday', 'TIME=Afternoon', 'CRIME=THEFT'})",frozenset({'DOMESTIC=N'}),0.012632507306275615,0.8082599823611808,0.01223476922544832,0.9685147159479808,1.1982712704873073,1.0,0.002024419092900503,6.089829690659007,0.1675814013836038,0.015129725366080544,0.835791795370917,0.4918259432636559,3,1
"frozenset({'ARREST=N', 'DOMESTIC=N', 'DAY=Sunday'})",frozenset({'CRIME=THEFT'}),0.09265567987272381,0.2199794213775572,0.024417659570788734,0.26353116834639795,1.1979810052054443,1.0,0.004035316725042776,1.0591358997108586,0.18213837934899324,0.084719576402118,0.05583409997433071,0.18726545642915873,3,1
"frozenset({'DAY=Friday', 'TIME=Afternoon', 'CRIME=THEFT'})",frozenset({'DOMESTIC=N'}),0.013220467947498574,0.8082599823611808,0.012801113666626316,0.9682799215173316,1.1979807767900155,1.0,0.002115538476574563,6.044752308654727,0.16747617826930816,0.015829653469051717,0.8345672495846976,0.4920588939893017,3,1
"frozenset({'ARREST=N', 'TIME=Evening', 'DAY=Tuesday'})",frozenset({'LOCATION=STREET'}),0.031365106265239424,0.2777638473377488,0.010436301381707506,0.332736044107512,1.1979098334669862,1.0,0.0017242087933172744,1.0823844841075463,0.1705623352499249,0.03493993342017658,0.07611388126602214,0.18515430666518964,3,1
"frozenset({'ARREST=N', 'CRIME=DECEPTIVE PRACTICE', 'LOCATION=APARTMENT'})",frozenset({'DOMESTIC=N'}),0.013341518667750359,0.8082599823611808,0.012913517906860118,0.9679196370706417,1.1975350236232716,1.0,0.0021301022637928487,5.9768656003373435,0.16718181329483145,0.015968480027371484,0.8326882237499938,0.4919482864717982,3,1
frozenset({'LOCATION=STREET'}),frozenset({'TIME=Evening'}),0.2777638473377488,0.2789830010202846,0.09278537707299359,0.33404410963594766,1.1973636688052531,1.0,0.015293985367768242,1.0826798132013868,0.2282243135024985,0.1999850910378502,0.07636589524737696,0.3333142244728684,1,1
frozenset({'TIME=Evening'}),frozenset({'LOCATION=STREET'}),0.2789830010202846,0.2777638473377488,0.09278537707299359,0.33258433930978915,1.1973636688052531,1.0,0.015293985367768242,1.0821384561389336,0.22861021357509664,0.1999850910378502,0.07590383252065865,0.3333142244728684,1,1
frozenset({'CRIME=ASSAULT'}),"frozenset({'ARREST=N', 'TIME=Afternoon'})",0.09008767530738236,0.262424991785844,0.028299929098863853,0.3141376331701699,1.1970568467294715,1.0,0.0046586716463182555,1.075397986367659,0.18091609555968688,0.08728814689371008,0.07011170499056696,0.21098885085140676,1,2
"frozenset({'CRIME=DECEPTIVE PRACTICE', 'LOCATION=APARTMENT'})",frozenset({'DOMESTIC=N'}),0.013415013747903229,0.8082599823611808,0.012978366506995003,0.9674508540122463,1.196955033188726,1.0,0.0021355477317397415,5.890784898349082,0.16678413860534627,0.016048498326722196,0.8302433347582842,0.4917540111190475,2,1
"frozenset({'ARREST=N', 'TIME=Afternoon', 'LOCATION=APARTMENT'})",frozenset({'CRIME=BATTERY'}),0.05217286042851955,0.18293790098051083,0.011417676863748769,0.21884322174345378,1.1962705408255891,1.0,0.001873283288806248,1.0459642952123895,0.17309980207001985,0.05104170693054,0.04394442087820611,0.14062803885234842,3,1
"frozenset({'TIME=Evening', 'ARREST=N', 'DAY=Friday'})","frozenset({'LOCATION=STREET', 'DOMESTIC=N'})",0.03523872931329656,0.2548549985300984,0.01073892818233697,0.3047478836952521,1.1957696943474363,1.0,0.0017581618749942397,1.071762291685401,0.16969852186343348,0.03844189609545475,0.06695728357129559,0.17344264413770238,3,2
"frozenset({'ARREST=N', 'TIME=Afternoon', 'DAY=Thursday', 'CRIME=THEFT'})",frozenset({'DOMESTIC=N'}),0.011318242343541944,0.8082599823611808,0.010933473982741625,0.9660045836516424,1.1951656703696256,1.0,0.0017853916257908435,5.640172653690203,0.16516529470266111,0.013520738214129142,0.8227004630176119,0.4897658791747838,4,1
frozenset({'DAY=Sunday'}),frozenset({'CRIME=BATTERY'}),0.14267989001677417,0.18293790098051083,0.031187853424870734,0.21858618913432112,1.1948655142687357,1.0,0.005086293833071926,1.0456202432797008,0.19022734657089363,0.10592623047104428,0.04362983939236666,0.1945347346475103,1,1
"frozenset({'ARREST=N', 'DAY=Wednesday', 'TIME=Afternoon', 'CRIME=THEFT'})",frozenset({'DOMESTIC=N'}),0.011210161343317135,0.8082599823611808,0.010825392982516818,0.9656768222136523,1.1947601555041827,1.0,0.0017646681729013187,5.586313098173706,0.16486003480062486,0.013387081252739968,0.8209910575318589,0.4895351381617104,4,1
"frozenset({'ARREST=N', 'DOMESTIC=N', 'CRIME=ASSAULT'})",frozenset({'TIME=Morning'}),0.05655230255762879,0.21119027443927577,0.01426669202967472,0.2522742909563489,1.19453555153595,1.0,0.00232339573235614,1.054945304167246,0.17261640679687035,0.05628421824632021,0.052083557270885095,0.15991401344132697,3,1
"frozenset({'ARREST=N', 'DAY=Friday', 'TIME=Afternoon', 'CRIME=THEFT'})",frozenset({'DOMESTIC=N'}),0.01182838466460304,0.8082599823611808,0.011417676863748769,0.9652777777777778,1.1942664474837648,1.0,0.0018572668833754542,5.522112507997995,0.1646130237192393,0.014119068494322434,0.8189098830290686,0.48970201035532235,4,1
"frozenset({'DOMESTIC=N', 'DAY=Thursday'})","frozenset({'ARREST=N', 'CRIME=THEFT'})",0.11460909263838691,0.20035191173673197,0.02738772545696647,0.23896642776310828,1.192733454308721,1.0,0.004425574644453437,1.050739569757583,0.18250663041927245,0.09523737935596381,0.04828938703554213,0.18783226336043984,2,2
"frozenset({'TIME=Afternoon', 'CRIME=THEFT'})",frozenset({'DOMESTIC=N'}),0.08548774793781451,0.8082599823611808,0.08240527781140297,0.9639425508243148,1.1926144704187092,1.0,0.013308952171087948,5.31762567852737,0.17660350075844577,0.10156657963446473,0.8119461465597304,0.5329482380292297,2,1
"frozenset({'TIME=Evening', 'DAY=Thursday'})",frozenset({'LOCATION=STREET'}),0.03845089663997787,0.2777638473377488,0.01273626506649143,0.3312345401394198,1.1925041480889806,1.0,0.00205599608218506,1.079954327803978,0.16788377516150602,0.0419676054532245,0.07403491587145208,0.188543696940167,2,1
frozenset({'DAY=Sunday'}),frozenset({'DOMESTIC=Y'}),0.14267989001677417,0.19174001763881923,0.03262316910785619,0.22864588067751415,1.1924786671722045,1.0,0.005265724479335123,1.0478455512380112,0.1882734033376545,0.1080964932385973,0.04566088120666487,0.19939430287849688,1,1
"frozenset({'DAY=Monday', 'TIME=Evening'})",frozenset({'LOCATION=STREET'}),0.038917806560949036,0.2777638473377488,0.012887578466806163,0.33114863363696956,1.1921948691699507,1.0,0.002077618786490678,1.0798156197086173,0.16773898481131402,0.042422086238793226,0.07391597070077134,0.18877312146914083,2,1
"frozenset({'LOCATION=STREET', 'ARREST=N', 'CRIME=THEFT'})",frozenset({'DOMESTIC=N'}),0.0458220208553098,0.8082599823611808,0.04414892697182977,0.9634871214265497,1.1920510014759134,1.0,0.0071128212035634075,5.251298312542236,0.168846611618739,0.054509351780681524,0.8095709021878279,0.509054653638386,3,1
"frozenset({'DAY=Monday', 'TIME=Afternoon', 'CRIME=THEFT'})",frozenset({'DOMESTIC=N'}),0.011703010704342261,0.8082599823611808,0.01127500994345202,0.9634281492427041,1.1919780395761133,1.0,0.0018159347179876346,5.242830583316002,0.1629655571956851,0.01394234881532803,0.809263338933314,0.48868894049960215,3,1
"frozenset({'DAY=Tuesday', 'TIME=Afternoon', 'CRIME=THEFT'})",frozenset({'DOMESTIC=N'}),0.0126411537862936,0.8082599823611808,0.01217856710533142,0.963406292749658,1.1919509981618122,1.0,0.0019612283689967817,5.239699173606619,0.16310112311264569,0.01505901723474319,0.809149348680704,0.4892369643115738,3,1
"frozenset({'DOMESTIC=N', 'DAY=Thursday'})",frozenset({'CRIME=THEFT'}),0.11460909263838691,0.2199794213775572,0.030037871582478774,0.2620897774424746,1.1914286154641809,1.0,0.004826229699279573,1.0570670452551356,0.1814695548776224,0.09863013698630138,0.053986211670577315,0.19931916500211697,2,1
"frozenset({'LOCATION=STREET', 'CRIME=THEFT'})",frozenset({'DOMESTIC=N'}),0.046453213896622686,0.8082599823611808,0.04470662493298978,0.962401116798511,1.1907073686699614,1.0,0.007160351088285374,5.099620023586925,0.16796563105003148,0.055192916348653136,0.8039069586803,0.5088566504418107,2,1
"frozenset({'ARREST=N', 'TIME=Evening'})","frozenset({'LOCATION=STREET', 'DOMESTIC=N'})",0.22744133363307797,0.2548549985300984,0.06900323378352673,0.3033891539470433,1.1904383107919032,1.0,0.011038673034785021,1.0696718342700844,0.20706941518963942,0.16695955982342728,0.06513384015353328,0.28707201548073114,2,2
"frozenset({'LOCATION=STREET', 'DOMESTIC=N'})","frozenset({'ARREST=N', 'TIME=Evening'})",0.2548549985300984,0.22744133363307797,0.06900323378352673,0.27075487701441897,1.190438310791903,1.0,0.011038673034785021,1.0593950401807453,0.21468743791975642,0.16695955982342728,0.05606505404311844,0.28707201548073114,2,2
frozenset({'DAY=Saturday'}),frozenset({'TIME=Night'}),0.14584882494336557,0.19832863541252357,0.034417313711588016,0.23597936921982451,1.189840129384178,1.0,0.00549131528405029,1.0492797344606444,0.18679475019425174,0.11110956036287509,0.04696529709112815,0.20475807698048448,1,1
"frozenset({'ARREST=N', 'CRIME=ROBBERY'})",frozenset({'DOMESTIC=N'}),0.019065488439656216,0.8082599823611808,0.018330537638127517,0.9614512471655328,1.1895321655747848,1.0,0.0029206662881836876,4.973961634042295,0.1624301780851739,0.022658408460564217,0.7989530129955368,0.49206512945844905,2,1
"frozenset({'CRIME=BATTERY', 'ARREST=N', 'DOMESTIC=Y'})",frozenset({'TIME=Night'}),0.07672886367959604,0.19832863541252357,0.018101405917650925,0.23591390579220192,1.1895100538633818,1.0,0.0028838750873230994,1.0491898369366959,0.17255791288987352,0.0704455212329228,0.04688363840838815,0.16359183028029714,3,1
"frozenset({'ARREST=N', 'LOCATION=RESTAURANT'})",frozenset({'DOMESTIC=N'}),0.019376761720303663,0.8082599823611808,0.01862884119874799,0.961401160196341,1.1894701966906573,1.0,0.0029673801124785494,4.9675072777872264,0.16243707494296006,0.023026772831721262,0.7986917896483788,0.4922246203855093,2,1
frozenset({'CRIME=ROBBERY'}),frozenset({'DOMESTIC=N'}),0.020933128123540905,0.8082599823611808,0.020120359001850347,0.9611730689797605,1.1891879963818976,1.0,0.003200949233952838,4.93832534791045,0.16249152146022633,0.024868417537203775,0.7975022037737693,0.4930332468354998,1,1
"frozenset({'ARREST=N', 'TIME=Afternoon', 'CRIME=THEFT'})",frozenset({'DOMESTIC=N'}),0.07619710515848997,0.8082599823611808,0.07321406955228527,0.9608510638297874,1.188789603343766,1.0,0.011626998680911126,4.89770697229594,0.17190707738900526,0.09024924459223968,0.7958228196058815,0.5257166951235459,3,1
"frozenset({'DOMESTIC=N', 'ARREST=Y'})",frozenset({'LOCATION=STREET'}),0.12264167257509467,0.2777638473377488,0.040495789164231244,0.3301959954878737,1.188765199836715,1.0,0.006430366345836477,1.0782798367834716,0.18098761065965435,0.11251651651651653,0.07259695870506286,0.23799407394745753,2,1
"frozenset({'TIME=Afternoon', 'CRIME=THEFT', 'DAY=Saturday'})",frozenset({'DOMESTIC=N'}),0.012269355145520258,0.8082599823611808,0.011785152264513116,0.9605355884425651,1.188399289095743,1.0,0.001868323491011849,4.858555089812217,0.16050122379370035,0.014572163212504477,0.7941774907324042,0.4875582406875823,3,1
"frozenset({'LOCATION=STREET', 'ARREST=N', 'TIME=Night', 'CRIME=THEFT'})",frozenset({'DOMESTIC=N'}),0.011041554982966434,0.8082599823611808,0.010604907742058209,0.9604541895066563,1.1882985802425459,1.0,0.0016804607062857503,4.848554505441039,0.16022984916378963,0.013113579745319634,0.7937529630990429,0.4867874268082927,4,1
frozenset({'LOCATION=RESTAURANT'}),frozenset({'DOMESTIC=N'}),0.021888564165528212,0.8082599823611808,0.02101526968371176,0.9601027059055897,1.1878637157079441,1.0,0.0033236191973703526,4.805840145075959,0.16169178469184942,0.025972568778418352,0.791919837153844,0.4930516685333829,1,1
"frozenset({'CRIME=BATTERY', 'ARREST=N', 'LOCATION=APARTMENT'})",frozenset({'TIME=Night'}),0.04692444705760285,0.19832863541252357,0.011054524702993411,0.2355813524967754,1.1878332748408527,1.0,0.0017480631505718321,1.0487333965568844,0.16591655193412708,0.04720150631322455,0.04646881344379975,0.145659886057652,3,1
"frozenset({'DAY=Tuesday', 'ARREST=N', 'TIME=Afternoon', 'CRIME=THEFT'})",frozenset({'DOMESTIC=N'}),0.011153959223200236,0.8082599823611808,0.010704342262265031,0.95968992248062,1.1873530094575075,1.0,0.0016890433772638793,4.7566273606553064,0.15957032780687389,0.01323632397987822,0.7897670083909551,0.48646680476582654,4,1
"frozenset({'CRIME=CRIMINAL DAMAGE', 'DAY=Sunday'})","frozenset({'ARREST=N', 'DOMESTIC=N'})",0.016761201514863298,0.6856183097860861,0.013644145468379823,0.8140314676296106,1.1872954033033185,1.0,0.0021523588157752634,1.690510142800756,0.16043877044026553,0.019810432490113616,0.40846258494299953,0.41696598257102424,2,2
"frozenset({'LOCATION=STREET', 'TIME=Night', 'CRIME=THEFT'})",frozenset({'DOMESTIC=N'}),0.011153959223200236,0.8082599823611808,0.010700019022256039,0.9593023255813953,1.1868734646233163,1.0,0.001684720137254887,4.711326147696692,0.15922620277836946,0.013230907399685663,0.7877455373177916,0.48627033190445107,3,1
"frozenset({'LOCATION=STREET', 'TIME=Evening', 'ARREST=N', 'CRIME=THEFT'})",frozenset({'DOMESTIC=N'}),0.013501478548083076,0.8082599823611808,0.012948103826932057,0.9590137688120397,1.1865164547803788,1.0,0.002035399013808569,4.678156836609627,0.1593481214152635,0.016008766068899165,0.7862405996792694,0.4875167476366023,4,1
"frozenset({'DOMESTIC=N', 'DAY=Saturday'})","frozenset({'LOCATION=STREET', 'ARREST=N'})",0.1158585090009857,0.2337446175661888,0.03213031974683107,0.2773237807380873,1.1864392156947028,1.0,0.005049016868606822,1.060302472961414,0.17773379027205186,0.10120652558760247,0.056872896649000464,0.2073914296443872,2,2
"frozenset({'CRIME=CRIMINAL DAMAGE', 'TIME=Morning'})","frozenset({'ARREST=N', 'DOMESTIC=N'})",0.02162052328497069,0.6856183097860861,0.017582617116571844,0.8132373525294941,1.1861371566684464,1.0,0.002759190485239524,1.6833220907492332,0.1603950018310108,0.025494756242046602,0.405936626451027,0.4194411292722066,2,2
"frozenset({'ARREST=N', 'LOCATION=SIDEWALK', 'DOMESTIC=N'})",frozenset({'TIME=Afternoon'}),0.029570961661507602,0.31149808912791604,0.010924827502723642,0.36944444444444446,1.1860247537272464,1.0,0.0017135294514891587,1.0918973035856838,0.16162673554888876,0.03309107575459962,0.08416295496279924,0.20225816848325592,3,1
"frozenset({'DAY=Wednesday', 'DOMESTIC=N'})",frozenset({'CRIME=THEFT'}),0.11642917668217269,0.2199794213775572,0.030370761063171183,0.2608518064683822,1.185800948265404,1.0,0.004758738145161461,1.055296604183714,0.17733512540680657,0.09923858226560622,0.0523991112683306,0.1994568172919314,2,1
"frozenset({'ARREST=N', 'CRIME=DECEPTIVE PRACTICE', 'DOMESTIC=N'})",frozenset({'LOCATION=APARTMENT'}),0.05552337143548861,0.19613675272796444,0.012913517906860118,0.23257805808611695,1.1857953945464543,1.0,0.0020233441329947643,1.0474853576212209,0.16589525705156905,0.054088801970157904,0.04533271732700625,0.14920870811200576,3,1
"frozenset({'LOCATION=STREET', 'TIME=Night'})","frozenset({'ARREST=N', 'DOMESTIC=N'})",0.06760250402061321,0.6856183097860861,0.05494405727428364,0.8127518066125216,1.1854289697515537,1.0,0.008594542730363725,1.6789571345201406,0.16776484133008132,0.0786852157977179,0.40439217926441695,0.4464448866531512,2,2
"frozenset({'ARREST=N', 'TIME=Evening'})",frozenset({'LOCATION=STREET'}),0.22744133363307797,0.2777638473377488,0.07487851695574732,0.3292212359102055,1.185255889366649,1.0,0.011703537082195056,1.076712906441338,0.20231516272211625,0.17400389800880067,0.07124731762980638,0.299398708042108,2,1
frozenset({'LOCATION=STREET'}),"frozenset({'ARREST=N', 'TIME=Evening'})",0.2777638473377488,0.22744133363307797,0.07487851695574732,0.2695761801740105,1.1852558893666487,1.0,0.011703537082195056,1.0576854771124118,0.21641167050730256,0.17400389800880067,0.0545393487579115,0.299398708042108,1,2
"frozenset({'ARREST=N', 'TIME=Afternoon', 'CRIME=THEFT', 'DAY=Saturday'})",frozenset({'DOMESTIC=N'}),0.010968059902813564,0.8082599823611808,0.010505473221851384,0.9578242018131652,1.1850446919505533,1.0,0.0016404293182669186,4.546209577099857,0.15788162414395635,0.0129902065603216,0.7800365374625062,0.4854109214909951,4,1
"frozenset({'DOMESTIC=N', 'DAY=Saturday'})",frozenset({'LOCATION=STREET'}),0.1158585090009857,0.2777638473377488,0.03812665363930344,0.3290794432628083,1.1847454102357027,1.0,0.005945348432374459,1.0764853534591585,0.17637086756054937,0.10724926729012879,0.0710509931355609,0.233171140019239,2,1
"frozenset({'LOCATION=STREET', 'TIME=Evening', 'CRIME=THEFT'})",frozenset({'DOMESTIC=N'}),0.0137133173085237,0.8082599823611808,0.013129679907309734,0.9574401008827238,1.1845694724186902,1.0,0.0020457543014090925,4.505180266298771,0.1579778378040657,0.01623265559190131,0.7780332992487446,0.48684223896599593,3,1
"frozenset({'TIME=Afternoon', 'DAY=Sunday'})",frozenset({'CRIME=THEFT'}),0.039842979922873396,0.2199794213775572,0.010380099261590607,0.26052517361111116,1.184316114569481,1.0,0.0016154635921992889,1.054830469931685,0.1620889491387727,0.041613227494887176,0.05198036224269864,0.1538559283931192,2,1
"frozenset({'CRIME=BURGLARY', 'DOMESTIC=N'})","frozenset({'ARREST=N', 'TIME=Evening'})",0.055004582634409535,0.22744133363307797,0.014815743510816746,0.26935471193900806,1.1842821515175745,1.0,0.0023054278805157997,1.0573648786775331,0.1646638963171346,0.05535901784993135,0.05425268025667786,0.1672478287023064,2,2
frozenset({'DAY=Saturday'}),"frozenset({'ARREST=N', 'TIME=Night'})",0.14584882494336557,0.17326248984038597,0.029916820862226988,0.20512212473322267,1.1838807402697873,1.0,0.004646690312244878,1.0400811695534284,0.18184172618595523,0.10344879135335536,0.038536578419776445,0.18889486978732645,1,2
"frozenset({'TIME=Evening', 'ARREST=N', 'DAY=Friday'})",frozenset({'LOCATION=STREET'}),0.03523872931329656,0.2777638473377488,0.011577636744081484,0.32854864433811803,1.1828344382723686,1.0,0.0017895917147267258,1.0756343651288158,0.16021906036722544,0.038409684174292184,0.07031605495400674,0.18511511346542162,3,1
frozenset({'CRIME=BURGLARY'}),"frozenset({'ARREST=N', 'TIME=Evening'})",0.056310201117125216,0.22744133363307797,0.01513566327148218,0.2687907869481766,1.181802720968063,1.0,0.0023283960322563833,1.0565494151017598,0.16301446119338833,0.056346868813673893,0.05352273570310316,0.16766916792332703,1,2
"frozenset({'DAY=Friday', 'CRIME=THEFT'})",frozenset({'DOMESTIC=N'}),0.03342729174952877,0.8082599823611808,0.031927127466408425,0.9551215726849456,1.1817009298106484,1.0,0.004909185226552256,4.27243174750244,0.15907980283503537,0.03942788194592748,0.765941258023706,0.49731131721320776,2,1
"frozenset({'ARREST=N', 'LOCATION=COMMERCIAL / BUSINESS OFFICE'})",frozenset({'DOMESTIC=N'}),0.01271464886644647,0.8082599823611808,0.012139657945250489,0.9547772866371982,1.1812749702737904,1.0,0.0018629160767278576,4.239905202073434,0.15543332858389322,0.015008819284836175,0.7641456701647548,0.4848983915494757,2,1
frozenset({'LOCATION=COMMERCIAL / BUSINESS OFFICE'}),frozenset({'DOMESTIC=N'}),0.014301277949746657,0.8082599823611808,0.013652791948397807,0.9546553808948005,1.1811241453597057,1.0,0.0020936412849932307,4.228506522328095,0.1555738530937858,0.016878043044888755,0.7635098835204283,0.4857734827953733,1,1
"frozenset({'ARREST=N', 'TIME=Evening', 'DAY=Thursday'})",frozenset({'LOCATION=STREET'}),0.03149480346550919,0.2777638473377488,0.010328220381482699,0.32793411118737137,1.1806220079772214,1.0,0.0015801025997566037,1.0746508113040236,0.15796389582800643,0.03455058211005857,0.06946517931107275,0.1825587846478344,3,1
"frozenset({'DAY=Wednesday', 'DOMESTIC=N'})","frozenset({'ARREST=N', 'CRIME=THEFT'})",0.11642917668217269,0.20035191173673197,0.027530392377263214,0.23645612862500462,1.1802040049196765,1.0,0.004203584247056181,1.047285058844433,0.17280885321596165,0.0951783098675754,0.04515013218713037,0.18693315461740273,2,2
frozenset({'CRIME=DECEPTIVE PRACTICE'}),frozenset({'LOCATION=APARTMENT'}),0.0579573555605513,0.19613675272796444,0.013415013747903229,0.2314635237953155,1.180112959840567,1.0,0.002047446231556664,1.0459662906851313,0.16201335684279464,0.05573817607012627,0.0439462448211619,0.14992987510520492,1,1
"frozenset({'LOCATION=RESIDENCE', 'CRIME=DECEPTIVE PRACTICE', 'DOMESTIC=N'})",frozenset({'ARREST=N'}),0.012074809345115603,0.845924049319522,0.01204886990506165,0.9978517722878625,1.1795997206729778,1.0,0.0018344982890802514,71.72235504176145,0.1541157188735328,0.01424300498275201,0.9860573457268974,0.5060476070092702,3,1
"frozenset({'LOCATION=RESIDENCE', 'CRIME=DECEPTIVE PRACTICE'})",frozenset({'ARREST=N'}),0.01238175938575406,0.845924049319522,0.012351496705691113,0.9975558659217877,1.1792499181507385,1.0,0.0018774686683940417,63.03907467841214,0.15390899730064686,0.014600666407735236,0.9841368229927009,0.5060785273320002,2,1
"frozenset({'DAY=Monday', 'LOCATION=STREET'})",frozenset({'TIME=Evening'}),0.03918152420149757,0.2789830010202846,0.012887578466806163,0.3289197837360697,1.1789957901849162,1.0,0.0019565992605234603,1.0744125389268597,0.15801168957840334,0.04221602254542365,0.06925881468321664,0.1875573179113319,2,1
"frozenset({'ARREST=N', 'DOMESTIC=N', 'DAY=Saturday'})",frozenset({'LOCATION=STREET'}),0.09814619468414408,0.2777638473377488,0.03213031974683107,0.32737203770592904,1.178598441963035,1.0,0.004868855109803498,1.0737527922552998,0.16802567980942593,0.09346193991373132,0.06868693873232236,0.221523494922631,3,1
"frozenset({'ARREST=N', 'LOCATION=PARKING LOT / GARAGE (NON RESIDENTIAL)'})",frozenset({'DOMESTIC=N'}),0.03236809794732565,0.8082599823611808,0.03082470126411538,0.9523173500734605,1.1782314736051178,1.0,0.004662862988144979,4.021169501573768,0.1563304578700822,0.03806442657783188,0.7513161284027869,0.4952272309078664,2,1
"frozenset({'ARREST=N', 'DAY=Friday', 'CRIME=THEFT'})",frozenset({'DOMESTIC=N'}),0.0305307209435039,0.8082599823611808,0.02907378906047348,0.9522798074199943,1.1781850248704464,1.0,0.004397029089202885,4.018005948265104,0.1559996600918262,0.03590611551891678,0.7511203286217681,0.49412532281706456,3,1
"frozenset({'DOMESTIC=N', 'DAY=Saturday'})","frozenset({'ARREST=N', 'CRIME=THEFT'})",0.1158585090009857,0.20035191173673197,0.027327200096840577,0.23586700996305834,1.1772635854505555,1.0,0.004114726327525724,1.0464776402660083,0.17030368565651793,0.09459601023630297,0.044413409783121666,0.1861315068372571,2,2
"frozenset({'DAY=Tuesday', 'DOMESTIC=N'})",frozenset({'CRIME=THEFT'}),0.11460476939837792,0.2199794213775572,0.029679042661732408,0.25896865215587156,1.1772403551848425,1.0,0.004468351802368858,1.052614819726244,0.1700436005989664,0.09733860790902776,0.049984874562119114,0.19694300579414747,2,1
"frozenset({'DAY=Wednesday', 'CRIME=THEFT'})",frozenset({'DOMESTIC=N'}),0.03191848098639044,0.8082599823611808,0.030370761063171183,0.9515102261953136,1.1772328792224178,1.0,0.0045723301841155625,3.954236173819559,0.1555141748416813,0.03750367028801751,0.7471066582666814,0.49454285573366397,2,1
"frozenset({'ARREST=N', 'DAY=Sunday'})",frozenset({'DOMESTIC=Y'}),0.119641344008854,0.19174001763881923,0.026985664136130183,0.22555467225554673,1.176356793084395,1.0,0.004045630725540476,1.0436630623303154,0.1702917033074559,0.09488773695331622,0.04183635878884452,0.18314779000705456,2,1
"frozenset({'CRIME=DECEPTIVE PRACTICE', 'DOMESTIC=N', 'LOCATION=APARTMENT'})",frozenset({'ARREST=N'}),0.012978366506995003,0.845924049319522,0.012913517906860118,0.9950033311125915,1.1762324666298254,1.0,0.0019348055577100443,30.835733596185907,0.15179801255289058,0.015264405878865926,0.9675700921179416,0.5051344535809701,3,1
"frozenset({'DAY=Monday', 'ARREST=N', 'TIME=Evening'})",frozenset({'LOCATION=STREET'}),0.03151209642554516,0.2777638473377488,0.01029363446141076,0.32665660584442313,1.176022758092139,1.0,0.0015407133205732147,1.0726119227292479,0.15454640058833288,0.03442890813655885,0.06769635987682095,0.1818577741980291,3,1
"frozenset({'DAY=Thursday', 'CRIME=THEFT'})",frozenset({'DOMESTIC=N'}),0.03160720770574299,0.8082599823611808,0.030037871582478774,0.9503487894952812,1.175795919920487,1.0,0.004491030439748769,3.8617390329405272,0.15439217808732228,0.03709160794362588,0.7410493066802216,0.4937562076778866,2,1
"frozenset({'CRIME=DECEPTIVE PRACTICE', 'LOCATION=APARTMENT'})",frozenset({'ARREST=N'}),0.013415013747903229,0.845924049319522,0.013341518667750359,0.9945214308733483,1.1756627934545198,1.0,0.0019934359164470016,28.12339264479522,0.1514476394240417,0.01577016240303343,0.9644424123138262,0.5051464817052195,2,1
"frozenset({'LOCATION=STREET', 'ARREST=N', 'DAY=Wednesday'})",frozenset({'TIME=Evening'}),0.03286094730835077,0.2789830010202846,0.010777837342417902,0.32798316011051176,1.1756385117051071,1.0,0.0016101916459647595,1.0729150762029789,0.15447458025807073,0.0357989057855512,0.06795978341643188,0.1833078776486606,3,1
"frozenset({'LOCATION=STREET', 'TIME=Morning'})","frozenset({'ARREST=N', 'DOMESTIC=N'})",0.0486450965811818,0.6856183097860861,0.039190170681515556,0.805634553857092,1.1750481898717833,1.0,0.005838201784144771,1.617477264877439,0.15658832748404747,0.05638279345175897,0.3817532884607358,0.4313974432704739,2,2
"frozenset({'LOCATION=STREET', 'ARREST=N', 'DAY=Thursday'})",frozenset({'TIME=Evening'}),0.03151209642554516,0.2789830010202846,0.010328220381482699,0.3277541500891755,1.1748176372414347,1.0,0.0015368811522435272,1.0725495725639074,0.15364576269431635,0.034408261439414674,0.06764216258133326,0.18238755837817938,3,1
"frozenset({'DOMESTIC=N', 'DAY=Saturday'})",frozenset({'CRIME=THEFT'}),0.1158585090009857,0.2199794213775572,0.02993843706227195,0.25840516437180494,1.174678807470343,1.0,0.0044519492905686145,1.0518150088810931,0.16818966790813042,0.09787017538900745,0.049262473385137645,0.19725084978018742,2,1
frozenset({'LOCATION=GAS STATION'}),frozenset({'DOMESTIC=N'}),0.012377436145745067,0.8082599823611808,0.011750566344441177,0.9493538246594481,1.1745649238826448,1.0,0.0017463800236046274,3.7858735896547495,0.15048352386470046,0.014526835629763443,0.7358601716833355,0.4819459635019187,1,1
frozenset({'LOCATION=PARKING LOT / GARAGE (NON RESIDENTIAL)'}),frozenset({'DOMESTIC=N'}),0.0358915385546544,0.8082599823611808,0.03405848479084165,0.9489279691640569,1.1740380445310936,1.0,0.005048790471741043,3.754305722729899,0.15375743666786404,0.042042683089534155,0.7336391669049099,0.49553300045198784,1,1
"frozenset({'DAY=Monday', 'ARREST=N', 'CRIME=THEFT'})",frozenset({'TIME=Afternoon'}),0.028356131218980753,0.31149808912791604,0.01036712954156363,0.36560451288306145,1.1736974499799475,1.0,0.0015342488517906799,1.0852881599158852,0.15231061338815133,0.03146444832246468,0.07858572779647344,0.19944301589303798,3,1
frozenset({'LOCATION=SIDEWALK'}),frozenset({'TIME=Afternoon'}),0.049336814982620575,0.31149808912791604,0.01803655731751604,0.3655800911321416,1.173619049014509,1.0,0.002668233726772192,1.0852463821646716,0.1556121657929394,0.05261564848912878,0.07855025694224023,0.2117413585067248,1,1
"frozenset({'ARREST=N', 'DAY=Wednesday', 'CRIME=THEFT'})",frozenset({'DOMESTIC=N'}),0.029026233420374567,0.8082599823611808,0.027530392377263214,0.9484658921656239,1.173466351006093,1.0,0.004069649464899749,3.7206430012341873,0.1522429202008867,0.03399838763927966,0.7312292526672711,0.491263600190441,3,1
"frozenset({'DAY=Monday', 'TIME=Afternoon'})","frozenset({'ARREST=N', 'CRIME=THEFT'})",0.04409704809172186,0.20035191173673197,0.01036712954156363,0.23509803921568628,1.173425485076537,1.0,0.0015322016544405473,1.0454255960375973,0.15461214271476462,0.04428848462461908,0.043451773334965874,0.1434213196315792,2,2
"frozenset({'DAY=Tuesday', 'CRIME=THEFT'})",frozenset({'DOMESTIC=N'}),0.031313227385131516,0.8082599823611808,0.029679042661732408,0.9478116802429931,1.1726569432203462,1.0,0.004369814047754366,3.6740025072962017,0.15199513901330092,0.03664558144500493,0.7278172788357928,0.4922656768754025,2,1
"frozenset({'ARREST=N', 'DAY=Thursday', 'CRIME=THEFT'})",frozenset({'DOMESTIC=N'}),0.02890085946011379,0.8082599823611808,0.02738772545696647,0.9476439790575917,1.1724494590085068,1.0,0.004028317299511933,3.6622343369014505,0.15146215649288156,0.033821480243664145,0.7269426508501142,0.49076438804824146,3,1
"frozenset({'LOCATION=PARKING LOT / GARAGE (NON RESIDENTIAL)', 'TIME=Afternoon'})",frozenset({'DOMESTIC=N'}),0.011223131063344112,0.8082599823611808,0.010630847182112163,0.9472265023112482,1.1719329460603785,1.0,0.0015596394668164308,3.6332633999297483,0.14837408137549707,0.013143125915315296,0.724765344560668,0.4801896296811674,2,1
"frozenset({'TIME=Evening', 'DAY=Sunday'})","frozenset({'LOCATION=STREET', 'ARREST=N'})",0.03966572708250471,0.2337446175661888,0.010864302142597749,0.2738964577656676,1.1717765337980848,1.0,0.0015926519352128677,1.0552976784494474,0.1526499302124002,0.04138055953498329,0.05240007590151853,0.1601879129784929,2,2
"frozenset({'DOMESTIC=N', 'CRIME=THEFT', 'LOCATION=APARTMENT'})",frozenset({'ARREST=N'}),0.023868608089646706,0.845924049319522,0.02365676932920608,0.9911247962325666,1.1716474984129448,1.0,0.0034657397223914373,17.360271912386075,0.15008325120345137,0.02795859348654697,0.9423972156054464,0.5095451955957,3,1
"frozenset({'LOCATION=STREET', 'DOMESTIC=N', 'TIME=Night', 'CRIME=THEFT'})",frozenset({'ARREST=N'}),0.010700019022256039,0.845924049319522,0.010604907742058209,0.9911111111111112,1.1716313206940747,1.0,0.0015535043229554669,17.333544451553877,0.14807357800768767,0.012535068040942099,0.9423083949855187,0.5018237942648044,4,1
"frozenset({'DOMESTIC=N', 'DAY=Saturday'})","frozenset({'ARREST=N', 'TIME=Night'})",0.1158585090009857,0.17326248984038597,0.023518425648918324,0.20299264897943953,1.1715902799644733,1.0,0.003444491910212774,1.0373022395602556,0.1656514154921415,0.08854743147340322,0.03596082042208742,0.1693656759880854,2,2
"frozenset({'DOMESTIC=N', 'LOCATION=APARTMENT'})",frozenset({'TIME=Morning'}),0.10277638473377489,0.21119027443927577,0.025416328012865964,0.24729735414125267,1.1709694245998952,1.0,0.0037109551150634537,1.0479699120238681,0.16273171407222684,0.08808282392424788,0.045774130987432035,0.18382267911770925,2,1
frozenset({'CRIME=THEFT'}),frozenset({'DOMESTIC=N'}),0.2199794213775572,0.8082599823611808,0.2081812993930171,0.9463671560246055,1.170869740773223,1.0,0.030380736150569965,3.5750484857149316,0.18708997527210927,0.2538616450344253,0.7202835139171485,0.6019672020541947,1,1
frozenset({'DOMESTIC=N'}),frozenset({'CRIME=THEFT'}),0.8082599823611808,0.2199794213775572,0.2081812993930171,0.25756724808378395,1.170869740773223,1.0,0.030380736150569965,1.0506279209924572,0.761103668202979,0.2538616450344253,0.04818825007490037,0.6019672020541947,1,1
"frozenset({'ARREST=N', 'CRIME=ASSAULT'})",frozenset({'TIME=Morning'}),0.07785722932194304,0.21119027443927577,0.019247064520033896,0.24720972846909878,1.1705545112124933,1.0,0.002804374892451115,1.0478479270947174,0.1580059357345949,0.07133815116893939,0.04566304504450504,0.1691729297412024,2,1
"frozenset({'LOCATION=STREET', 'TIME=Night', 'CRIME=THEFT'})",frozenset({'ARREST=N'}),0.011153959223200236,0.845924049319522,0.011041554982966434,0.989922480620155,1.1702261939667848,1.0,0.0016061526309320596,15.289075105985797,0.1471051560299831,0.01305092107616444,0.9345938198963721,0.5014875679347907,3,1
"frozenset({'CRIME=BURGLARY', 'DOMESTIC=N', 'LOCATION=STREET'})",frozenset({'ARREST=N'}),0.022597575527002957,0.845924049319522,0.022368443806526365,0.9898603405395064,1.1701527357400108,1.0,0.003252611211920293,15.19537724918606,0.14877260647456333,0.026435454368951884,0.9341905117851835,0.5081514776817603,3,1
"frozenset({'TIME=Morning', 'CRIME=THEFT'})",frozenset({'DOMESTIC=N'}),0.050227402424472996,0.8082599823611808,0.04749511473878984,0.9456016526080221,1.1699226402940588,1.0,0.0068983153411373635,3.524739754632601,0.15292358362370445,0.05856420152567581,0.7162911109435272,0.5021819139337869,2,1
"frozenset({'TIME=Afternoon', 'CRIME=THEFT', 'LOCATION=APARTMENT'})",frozenset({'ARREST=N'}),0.011707333944351254,0.845924049319522,0.01158628322409947,0.9896602658788775,1.1699162196357695,1.0,0.001682767887157965,14.901345515812018,0.14695842963659403,0.013694640183549057,0.9328919661020619,0.5016784328745332,3,1
"frozenset({'CRIME=BURGLARY', 'LOCATION=STREET'})",frozenset({'ARREST=N'}),0.02262351496705691,0.845924049319522,0.02238573676656233,0.9894897764188801,1.169714677357672,1.0,0.003247961375788734,14.659626362017052,0.14844910290207364,0.026455621180846493,0.931785437411216,0.5079764169646338,2,1
frozenset({'CRIME=ASSAULT'}),"frozenset({'ARREST=N', 'TIME=Morning'})",0.09008767530738236,0.18279523406021408,0.019247064520033896,0.21364814281600925,1.1687839888956404,1.0,0.0027794668262803683,1.0392355005891163,0.15870749805626924,0.0758846389854776,0.037754195816900676,0.15947058765605343,1,2
"frozenset({'LOCATION=STREET', 'DOMESTIC=N', 'DAY=Sunday'})",frozenset({'TIME=Evening'}),0.037538692998080485,0.2789830010202846,0.01223476922544832,0.32592421973972124,1.1682583474540214,1.0,0.001762111998464681,1.0696378954623045,0.14964232505262656,0.040208001818595136,0.0651041775517934,0.1848895555936213,3,1
"frozenset({'CRIME=THEFT', 'LOCATION=APARTMENT'})",frozenset({'ARREST=N'}),0.029730921541840316,0.845924049319522,0.029380739101111938,0.9882216082594155,1.16821552603258,1.0,0.004230637560437369,13.081238429995725,0.14840581322405047,0.03471775223499361,0.9235546385495913,0.511476866203925,2,1
"frozenset({'TIME=Evening', 'DAY=Wednesday'})","frozenset({'LOCATION=STREET', 'ARREST=N'})",0.03948847424213603,0.2337446175661888,0.010777837342417902,0.27293628202320996,1.167668735499004,1.0,0.0015476190324175184,1.0539040299880185,0.1494960976929105,0.04106542795018778,0.05114700053726085,0.15952286940415497,2,2
"frozenset({'DAY=Monday', 'CRIME=THEFT'})",frozenset({'DOMESTIC=N'}),0.031170560464834764,0.8082599823611808,0.029415325021183877,0.9436893203883496,1.1675566537780793,1.0,0.004221408369688411,3.4050382442755893,0.14812773710443486,0.036314533819377354,0.7063175423415115,0.4900413578305297,2,1
"frozenset({'LOCATION=STREET', 'DOMESTIC=N', 'CRIME=THEFT'})",frozenset({'ARREST=N'}),0.04470662493298978,0.845924049319522,0.04414892697182977,0.987525384392225,1.1673924924898518,1.0,0.006330517777105943,12.351158185944275,0.15010056055448223,0.05215579321545675,0.9190359329104854,0.5198577813517785,3,1
"frozenset({'LOCATION=STREET', 'TIME=Afternoon', 'ARREST=Y'})",frozenset({'DOMESTIC=N'}),0.01255036574610476,0.8082599823611808,0.011841354384630017,0.9435067171891147,1.1673307324121576,1.0,0.0016973959880570155,3.394032141496904,0.14516664483566963,0.014637587443418962,0.7053651944619004,0.4790785724137778,3,1
"frozenset({'ARREST=N', 'DAY=Tuesday', 'CRIME=THEFT'})",frozenset({'DOMESTIC=N'}),0.02813132273851315,0.8082599823611808,0.026536047175194977,0.9432918395573997,1.1670648802898154,1.0,0.003798624754767655,3.381171530557713,0.1472931595505238,0.03276640722590564,0.7042445226566032,0.48806145918080834,3,1
"frozenset({'ARREST=N', 'CRIME=ASSAULT'})",frozenset({'TIME=Afternoon'}),0.07785722932194304,0.31149808912791604,0.028299929098863853,0.36348492420456435,1.1668929502013736,1.0,0.004047550940284639,1.081674161466925,0.155098932934794,0.07838112913847811,0.07550717616861762,0.22716798811127567,2,1
"frozenset({'ARREST=N', 'CRIME=THEFT'})",frozenset({'DOMESTIC=N'}),0.20035191173673197,0.8082599823611808,0.1889428813530012,0.9430550460695251,1.1667719133076038,1.0,0.027006448706641345,3.367111647379992,0.17874670375993026,0.23051119221924513,0.7030095509965886,0.588410014730714,2,1
frozenset({'DOMESTIC=N'}),"frozenset({'ARREST=N', 'CRIME=THEFT'})",0.8082599823611808,0.20035191173673197,0.1889428813530012,0.23376498339190294,1.1667719133076038,1.0,0.027006448706641345,1.0436068189666938,0.7454597204337107,0.23051119221924513,0.0417847202357975,0.588410014730714,1,2
"frozenset({'LOCATION=STREET', 'CRIME=THEFT'})",frozenset({'ARREST=N'}),0.046453213896622686,0.845924049319522,0.0458220208553098,0.9864122847836202,1.1660766537812817,1.0,0.006526130051972848,11.339356781244689,0.1493617793547626,0.05412762045808543,0.9118115763273273,0.5202901465007901,2,1
"frozenset({'LOCATION=STREET', 'TIME=Evening', 'DOMESTIC=N', 'CRIME=THEFT'})",frozenset({'ARREST=N'}),0.013129679907309734,0.845924049319522,0.012948103826932057,0.9861705630556471,1.1657909050451303,1.0,0.001841391833471439,11.1411586242051,0.1441052992624844,0.015303176622673227,0.9102427284512926,0.5007385122388713,4,1
"frozenset({'CRIME=THEFT', 'DAY=Saturday'})",frozenset({'DOMESTIC=N'}),0.03178878378612067,0.8082599823611808,0.02993843706227195,0.9417924656602747,1.1652098164120457,1.0,0.004244835240018667,3.294075583407099,0.14644063535520407,0.03695599967980361,0.6964246949774938,0.48941653428983134,2,1
"frozenset({'DOMESTIC=N', 'CRIME=ASSAULT'})",frozenset({'TIME=Morning'}),0.06491777197502896,0.21119027443927577,0.015974371833226694,0.24607085775173151,1.1651618825964691,1.0,0.0022643697538340026,1.0462650683702708,0.1515911169752053,0.06140831962240947,0.044219261226350795,0.1608552855800623,2,1
"frozenset({'ARREST=N', 'TIME=Morning', 'CRIME=THEFT'})",frozenset({'DOMESTIC=N'}),0.04539402009441956,0.8082599823611808,0.04273522748888927,0.9414285714285714,1.1647595971266118,1.0,0.006045057608070628,3.273610057248131,0.14818023296312352,0.05269976329089629,0.6945268426867487,0.4971508459928524,3,1
"frozenset({'ARREST=N', 'DOMESTIC=N', 'LOCATION=APARTMENT'})",frozenset({'TIME=Morning'}),0.09643419164058312,0.21119027443927577,0.02370864820931399,0.24585313368600378,1.1641309446600239,1.0,0.0033426848114095284,1.0459630090570393,0.156037450906542,0.08350590814959193,0.04394324527640423,0.17905758014904077,3,1
"frozenset({'LOCATION=STREET', 'TIME=Evening', 'CRIME=THEFT'})",frozenset({'ARREST=N'}),0.0137133173085237,0.845924049319522,0.013501478548083076,0.9845523329129887,1.1638779317185532,1.0,0.0019010536408532175,9.974059501193432,0.14276109533329576,0.01595663147998651,0.8997399203523554,0.5002564801495167,3,1
"frozenset({'DAY=Monday', 'ARREST=N', 'CRIME=THEFT'})",frozenset({'DOMESTIC=N'}),0.028356131218980753,0.8082599823611808,0.02667006761547374,0.940539716420186,1.163659882891362,1.0,0.0037509414965890275,3.224673783828242,0.14474682930111452,0.0329282027467747,0.6898911123925137,0.4867683043768586,3,1
"frozenset({'TIME=Evening', 'DAY=Friday'})","frozenset({'LOCATION=STREET', 'ARREST=N', 'DOMESTIC=N'})",0.0430594704895637,0.21435920936586716,0.01073892818233697,0.2493975903614458,1.1634563828595548,1.0,0.001508734132481206,1.0466803470727613,0.14681378281289015,0.04353388597767223,0.04459847479061935,0.14974770307254065,2,3
"frozenset({'DOMESTIC=Y', 'ARREST=Y'})",frozenset({'TIME=Evening'}),0.031434278105383295,0.2789830010202846,0.01020284642122192,0.32457708705817634,1.1634296206978454,1.0,0.0014332171804758622,1.0675045000165977,0.1450312402998205,0.03398519627890902,0.06323579902056434,0.1805743286556165,2,1
"frozenset({'LOCATION=STREET', 'TIME=Afternoon', 'CRIME=THEFT', 'DOMESTIC=N'})",frozenset({'ARREST=N'}),0.011456586023829698,0.845924049319522,0.011270686703443028,0.9837735849056605,1.1629573431527658,1.0,0.0015792850627875683,9.495378355889976,0.14174717200428813,0.013320593525179855,0.8946856078273383,0.4985485528747673,4,1
"frozenset({'LOCATION=RESIDENCE', 'DOMESTIC=N', 'CRIME=THEFT'})",frozenset({'ARREST=N'}),0.013907863108928355,0.845924049319522,0.013678731388451762,0.9835250233136462,1.162663508745038,1.0,0.0019137355099654897,9.352119496964086,0.14187915666613438,0.016165786166092724,0.8930723671436595,0.4998475941175093,3,1
"frozenset({'LOCATION=STREET', 'TIME=Afternoon', 'CRIME=THEFT'})",frozenset({'ARREST=N'}),0.011806768464558078,0.845924049319522,0.011607899424144431,0.9831563529842549,1.1622276890876022,1.0,0.0016202700352274252,9.147422202356205,0.14125111636158055,0.013718928033109368,0.8906795840534814,0.4984392531062053,3,1
"frozenset({'ARREST=N', 'CRIME=THEFT', 'DAY=Saturday'})",frozenset({'DOMESTIC=N'}),0.029104051740536426,0.8082599823611808,0.027327200096840577,0.9389483065953654,1.1616909498010815,1.0,0.0038035597503957123,3.1406175151935067,0.14335815976897434,0.03373574996797745,0.681591280962341,0.4863791100524445,3,1
"frozenset({'LOCATION=STREET', 'TIME=Evening', 'ARREST=N', 'CRIME=CRIMINAL DAMAGE'})",frozenset({'DOMESTIC=N'}),0.013315579227696404,0.8082599823611808,0.012498486865996852,0.9386363636363636,1.161305005963938,1.0,0.001736037034290051,3.124652139299274,0.14077426757431852,0.01544783217381082,0.6799643750986447,0.47704990622539845,4,1
"frozenset({'LOCATION=STREET', 'ARREST=N', 'DAY=Tuesday'})",frozenset({'TIME=Evening'}),0.03221246130700192,0.2789830010202846,0.010436301381707506,0.32398335793853167,1.1613014296701722,1.0,0.0014495722560303095,1.0665669365491082,0.1435202658650748,0.03469986200551977,0.0624123383802676,0.18069586765377404,3,1
"frozenset({'TIME=Evening', 'CRIME=THEFT'})",frozenset({'DOMESTIC=N'}),0.05341795355110934,0.8082599823611808,0.0501106749442302,0.9380867594690838,1.1606250215786242,1.0,0.006935080749240187,3.0969145855493454,0.14620526314891902,0.061745559923716976,0.6770979720699609,0.500042486481013,2,1
"frozenset({'CRIME=THEFT', 'LOCATION=APARTMENT'})","frozenset({'ARREST=N', 'DOMESTIC=N'})",0.029730921541840316,0.6856183097860861,0.02365676932920608,0.7956957975861567,1.1605521413720923,1.0,0.003272705153306788,1.538792087972303,0.142580211325061,0.034201282548095555,0.3501396271683981,0.4151000411232526,2,2
"frozenset({'ARREST=N', 'LOCATION=SIDEWALK'})",frozenset({'TIME=Afternoon'}),0.03438705103152507,0.31149808912791604,0.012424991785843983,0.36132763389489564,1.1599674171565053,1.0,0.001713491098779791,1.0780205116292434,0.14281790606620023,0.03726079966810144,0.07237386560607145,0.20060774633178136,2,1
"frozenset({'TIME=Evening', 'DAY=Saturday'})",frozenset({'LOCATION=STREET'}),0.04081138568488768,0.2777638473377488,0.013146972867345704,0.3221398305084746,1.159761551389971,1.0,0.0018110453643265766,1.0654648040524537,0.1436149155986805,0.043044389083908965,0.06144248388446148,0.1847356532423772,2,1
"frozenset({'CRIME=DECEPTIVE PRACTICE', 'DOMESTIC=N'})",frozenset({'LOCATION=APARTMENT'}),0.05706244487868989,0.19613675272796444,0.012978366506995003,0.22744147283885144,1.1596065993521656,1.0,0.0017863238657703038,1.0405208395355101,0.1459678573453404,0.05402681544137497,0.038942842849354904,0.1468057302476747,2,1
"frozenset({'DAY=Monday', 'TIME=Evening', 'LOCATION=STREET'})",frozenset({'DOMESTIC=N'}),0.012887578466806163,0.8082599823611808,0.012074809345115603,0.9369339147936934,1.1591986925501565,1.0,0.0016582954008565205,3.040303152028297,0.13912814576237836,0.014924256592481764,0.6710854312890266,0.4759365894512763,3,1
"frozenset({'DAY=Sunday', 'CRIME=THEFT'})",frozenset({'TIME=Afternoon'}),0.028753869299808048,0.31149808912791604,0.010380099261590607,0.36099834611336645,1.1589103070392295,1.0,0.0014233239196665502,1.0774649904024074,0.14117992269346052,0.03146706508348405,0.07189559855070178,0.19716075080608644,2,1
"frozenset({'LOCATION=RESIDENCE', 'CRIME=THEFT'})",frozenset({'ARREST=N'}),0.01646722119425182,0.845924049319522,0.01613433171355941,0.979784720399055,1.1582419499566339,1.0,0.002204313279877657,7.621757092752507,0.13890999542077784,0.019065523688862097,0.8687966583255592,0.4994288733927262,2,1
"frozenset({'CRIME=DECEPTIVE PRACTICE', 'TIME=Morning'})",frozenset({'ARREST=N'}),0.014880592110951631,0.845924049319522,0.014569318830304183,0.9790819291109819,1.157411152808074,1.0,0.001981468095535845,7.3656864200306,0.13805716832744197,0.017216628095289184,0.8642353281181572,0.4981524461902926,2,1
"frozenset({'CRIME=DECEPTIVE PRACTICE', 'DOMESTIC=N', 'TIME=Morning'})",frozenset({'ARREST=N'}),0.014612551230394106,0.845924049319522,0.01430560118975565,0.9789940828402367,1.1573073062856634,1.0,0.001944492682051704,7.334883285915717,0.1379409374651657,0.01690507816491264,0.8636651789783515,0.4979526475713227,3,1
"frozenset({'ARREST=N', 'TIME=Evening', 'CRIME=THEFT'})",frozenset({'DOMESTIC=N'}),0.04885261210161344,0.8082599823611808,0.045688000415031044,0.9352212389380531,1.1570797260133783,1.0,0.006202389019483362,2.9599210373205693,0.1427279511080197,0.05630591030907513,0.6621531495633285,0.4958738029818129,3,1
"frozenset({'TIME=Evening', 'DAY=Tuesday'})","frozenset({'LOCATION=STREET', 'ARREST=N'})",0.038589240320265616,0.2337446175661888,0.010436301381707506,0.27044588841586376,1.1570143998686189,1.0,0.0014162741608772667,1.0503064409711609,0.14115352925372593,0.03984879248584492,0.04789691751737247,0.1575470975732009,2,2
"frozenset({'TIME=Evening', 'DAY=Saturday'})","frozenset({'LOCATION=STREET', 'DOMESTIC=N'})",0.04081138568488768,0.2548549985300984,0.01203157694502568,0.2948093220338983,1.1567727677865471,1.0,0.0016305913062923515,1.0566574754207407,0.14129231949014553,0.04241925404301369,0.05361952831326047,0.17100941080490506,2,2
"frozenset({'CRIME=DECEPTIVE PRACTICE', 'TIME=Night'})",frozenset({'ARREST=N'}),0.011080464143047366,0.845924049319522,0.010842685942552787,0.9785407725321889,1.1567714303894614,1.0,0.0014694548463263912,7.179939301710277,0.137043490165445,0.012813962518648709,0.8607230565637515,0.49567916844416043,2,1
"frozenset({'CRIME=DECEPTIVE PRACTICE', 'DOMESTIC=N', 'TIME=Night'})",frozenset({'ARREST=N'}),0.010859978902588757,0.845924049319522,0.01062652394210317,0.9785031847133758,1.1567269963544635,1.0,0.0014398066133007106,7.167384964988171,0.1369793701691343,0.01255856491061347,0.8604791001341658,0.4955326077449201,3,1
"frozenset({'DOMESTIC=N', 'DAY=Saturday'})",frozenset({'TIME=Night'}),0.1158585090009857,0.19832863541252357,0.0265792795752849,0.2294115452069107,1.1567242659121548,1.0,0.0036012195841898277,1.0403365890068172,0.15324440466902053,0.09241499564080209,0.038772633235293064,0.18171394699037632,2,1
"frozenset({'DAY=Monday', 'DOMESTIC=N'})",frozenset({'CRIME=THEFT'}),0.11564667024054508,0.2199794213775572,0.029415325021183877,0.2543551401869159,1.1562678844870615,1.0,0.003975437417427608,1.0461019993056426,0.1528218505204658,0.09606234734360221,0.044070271671637226,0.19403683546696188,2,1
"frozenset({'DAY=Tuesday', 'DOMESTIC=N'})","frozenset({'ARREST=N', 'CRIME=THEFT'})",0.11460476939837792,0.20035191173673197,0.026536047175194977,0.23154400392319588,1.1556865213617287,1.0,0.0035747625320826405,1.040590602904667,0.15215064176658138,0.09200467667955751,0.03900727413006024,0.18199559560033518,2,2
"frozenset({'CRIME=BURGLARY', 'TIME=Evening', 'DOMESTIC=N'})",frozenset({'ARREST=N'}),0.015157279471527141,0.845924049319522,0.014815743510816746,0.9774671990872789,1.1555023171094057,1.0,0.001993836283594841,6.8378516846297925,0.13664670531141013,0.017507203138729385,0.8537552368607508,0.49749073531885163,3,1
"frozenset({'ARREST=N', 'TIME=Morning'})",frozenset({'LOCATION=APARTMENT'}),0.18279523406021408,0.19613675272796444,0.04141663928614661,0.2265739558204437,1.1551835781369069,1.0,0.005563775663428021,1.0393537343635315,0.16438563521113317,0.12271038811323172,0.03786365802363771,0.21886800418424762,2,1
frozenset({'LOCATION=APARTMENT'}),"frozenset({'ARREST=N', 'TIME=Morning'})",0.19613675272796444,0.18279523406021408,0.04141663928614661,0.2111620525480515,1.1551835781369069,1.0,0.005563775663428021,1.0359602610136416,0.1671139027719676,0.12271038811323172,0.03471200814059812,0.21886800418424762,1,2
"frozenset({'DAY=Monday', 'LOCATION=STREET'})","frozenset({'ARREST=N', 'TIME=Evening'})",0.03918152420149757,0.22744133363307797,0.01029363446141076,0.26271653977711573,1.1550958463906382,1.0,0.0013821363432454312,1.0478448358700112,0.13974645486279902,0.040157865443321915,0.04566022967540437,0.15398747781875993,2,2
"frozenset({'LOCATION=STREET', 'CRIME=CRIMINAL DAMAGE', 'DOMESTIC=N', 'TIME=Night'})",frozenset({'ARREST=N'}),0.013371781347813305,0.845924049319522,0.013064831307174849,0.9770449401875202,1.1550031483009313,1.0,0.0017533198828173623,6.712069231756593,0.13602032828280453,0.015438847450699908,0.8510146475741441,0.4962446948713181,4,1
"frozenset({'LOCATION=STREET', 'CRIME=CRIMINAL DAMAGE', 'DOMESTIC=N'})",frozenset({'ARREST=N'}),0.04170629636674909,0.845924049319522,0.040746537084752794,0.9769876645589303,1.1549354405337433,1.0,0.0054661779800723315,6.695363496462041,0.139989166672261,0.04811349168670332,0.8506429112432179,0.5125778721631462,3,1
"frozenset({'LOCATION=STREET', 'ARREST=N', 'DOMESTIC=N'})",frozenset({'TIME=Evening'}),0.21435920936586716,0.2789830010202846,0.06900323378352673,0.3219046850735131,1.1538505353238626,1.0,0.009200658258301603,1.0632974201538048,0.16971703339105335,0.1626134708057828,0.05952936493032118,0.28462158677595945,3,1
frozenset({'TIME=Evening'}),"frozenset({'LOCATION=STREET', 'ARREST=N', 'DOMESTIC=N'})",0.2789830010202846,0.21435920936586716,0.06900323378352673,0.24733848847840575,1.1538505353238626,1.0,0.009200658258301603,1.0438168799755245,0.18492854466136918,0.1626134708057828,0.04197755450798226,0.28462158677595945,1,3
"frozenset({'DAY=Sunday', 'CRIME=THEFT'})",frozenset({'DOMESTIC=N'}),0.028753869299808048,0.8082599823611808,0.026812734535770488,0.9324913546835063,1.1537022431314818,1.0,0.0035721326426919366,2.840229080881487,0.13716937725885658,0.03309392442077628,0.6479157238649066,0.4828323790967021,2,1
"frozenset({'LOCATION=STREET', 'TIME=Evening', 'ARREST=Y'})",frozenset({'DOMESTIC=N'}),0.01790686011724627,0.8082599823611808,0.016696352914728416,0.9323998068565912,1.1535889778097872,1.0,0.0022229544722188153,2.836382689499968,0.1355677145925584,0.020626265107857956,0.6474382657523932,0.4765284816575141,3,1
frozenset({'DOMESTIC=Y'}),frozenset({'TIME=Night'}),0.19174001763881923,0.19832863541252357,0.043867916371245264,0.22878852787986742,1.1535829276694576,1.0,0.005840380318965048,1.0394961609992739,0.1647187526519921,0.12671237153311105,0.0379954851986236,0.224988269389525,1,1
frozenset({'TIME=Night'}),frozenset({'DOMESTIC=Y'}),0.19832863541252357,0.19174001763881923,0.043867916371245264,0.22118801089918252,1.1535829276694576,1.0,0.005840380318965048,1.0378114277546788,0.16607251050006466,0.12671237153311105,0.03643381325688855,0.224988269389525,1,1
"frozenset({'LOCATION=STREET', 'TIME=Evening', 'DOMESTIC=N', 'CRIME=CRIMINAL DAMAGE'})",frozenset({'ARREST=N'}),0.012814083386653293,0.845924049319522,0.012498486865996852,0.9753711201079622,1.1530244599294346,1.0,0.0016587455592410837,6.255905723519685,0.13443841513346938,0.014769441407567105,0.8401510437984379,0.49507303584217444,4,1
"frozenset({'LOCATION=STREET', 'CRIME=CRIMINAL DAMAGE', 'ARREST=N', 'TIME=Night'})",frozenset({'DOMESTIC=N'}),0.014020267349162155,0.8082599823611808,0.013064831307174849,0.9318532223250078,1.1529127293952774,1.0,0.0017328102668420064,2.8136329285189654,0.13451763340948453,0.016145059782666765,0.6445876113177357,0.4740086835106909,4,1
"frozenset({'CRIME=BURGLARY', 'TIME=Evening'})",frozenset({'ARREST=N'}),0.015520431632282498,0.845924049319522,0.01513566327148218,0.9752089136490251,1.1528327093117903,1.0,0.0020065568979149694,6.214973740931638,0.13466145867376528,0.017884326566474935,0.8390982743154604,0.49655068744867886,2,1
"frozenset({'LOCATION=STREET', 'TIME=Evening', 'CRIME=CRIMINAL DAMAGE'})",frozenset({'DOMESTIC=N'}),0.013756549708613624,0.8082599823611808,0.012814083386653293,0.9314896291640477,1.1524628826022965,1.0,0.0016952147618185393,2.798700624434503,0.13413837711178925,0.01583544811005743,0.6426913292299504,0.47367177104794916,3,1
frozenset({'LOCATION=SIDEWALK'}),"frozenset({'TIME=Evening', 'DOMESTIC=N'})",0.049336814982620575,0.2221669808221073,0.012628184066266623,0.25595864002804064,1.1521002764717356,1.0,0.0016671728381989007,1.0454163720242742,0.1388714744825935,0.0487808951235805,0.04344333343118862,0.15639979910487634,1,2
"frozenset({'LOCATION=STREET', 'CRIME=CRIMINAL DAMAGE', 'TIME=Night'})",frozenset({'ARREST=N'}),0.014387742749926505,0.845924049319522,0.014020267349162155,0.9744591346153846,1.1519463661061045,1.0,0.0018493297415767308,6.032526633701529,0.13382953322341348,0.01656671128048469,0.834231979281556,0.49551652129631596,3,1
"frozenset({'CRIME=DECEPTIVE PRACTICE', 'TIME=Afternoon'})",frozenset({'ARREST=N'}),0.023812405969529805,0.845924049319522,0.023198505888252893,0.9742193173565722,1.1516628687176507,1.0,0.003055019006467881,5.976410819352608,0.13490269244368058,0.027403976283252727,0.8326754919923118,0.5008215905632551,2,1
"frozenset({'CRIME=DECEPTIVE PRACTICE', 'DOMESTIC=N', 'TIME=Afternoon'})",frozenset({'ARREST=N'}),0.023496809448873363,0.845924049319522,0.022887232607605446,0.9740570377184914,1.1514710315920702,1.0,0.003010716412525285,5.939026893251078,0.13471095035868155,0.027036412849190547,0.8316222475543311,0.5005564665668539,3,1
"frozenset({'DAY=Monday', 'DOMESTIC=N'})","frozenset({'ARREST=N', 'CRIME=THEFT'})",0.11564667024054508,0.20035191173673197,0.02667006761547374,0.23061682242990653,1.1510587567187454,1.0,0.0035000361467931035,1.0393365901094418,0.14839613761303536,0.0921791883330345,0.037847787217131994,0.18186646744782553,2,2
"frozenset({'CRIME=BURGLARY', 'DOMESTIC=N', 'TIME=Afternoon'})",frozenset({'ARREST=N'}),0.012424991785843983,0.845924049319522,0.012092102305151573,0.9732080723729992,1.1504674363565701,1.0,0.0015815029409086308,5.750834834489511,0.13243357411332154,0.014288925444198092,0.8261122030487305,0.4937513104098053,3,1
frozenset({'CRIME=DECEPTIVE PRACTICE'}),frozenset({'ARREST=N'}),0.0579573555605513,0.845924049319522,0.056400989157314056,0.9731463523795315,1.1503944747313304,1.0,0.007373468253681181,5.737617207840234,0.13877605294107279,0.06655137760229354,0.825711621431709,0.5199100869932144,1,1
"frozenset({'TIME=Evening', 'DAY=Friday'})","frozenset({'LOCATION=STREET', 'ARREST=N'})",0.0430594704895637,0.2337446175661888,0.011577636744081484,0.2688755020080321,1.1502960145462833,1.0,0.0015127172818958246,1.048050481878709,0.1365377998989773,0.043651893266393904,0.04584748798795929,0.15920331965032528,2,2
"frozenset({'LOCATION=STREET', 'CRIME=CRIMINAL DAMAGE'})",frozenset({'ARREST=N'}),0.04506545385373614,0.845924049319522,0.043850623411209294,0.9730429777436684,1.1502722715194151,1.0,0.00572867220283476,5.715614625954808,0.1368058269436256,0.05176320489920897,0.825040688457377,0.5124402598575295,2,1
"frozenset({'CRIME=DECEPTIVE PRACTICE', 'DOMESTIC=N'})",frozenset({'ARREST=N'}),0.05706244487868989,0.845924049319522,0.05552337143548861,0.9730282597166452,1.1502548727623576,1.0,0.007252876999635241,5.712495710763001,0.13853246126594349,0.06551715342430811,0.8249451639646951,0.5193323074950459,2,1
frozenset({'LOCATION=RESIDENCE'}),"frozenset({'ARREST=N', 'TIME=Morning'})",0.11572448856070694,0.18279523406021408,0.024331194770608886,0.2102510460251046,1.1501998238961,1.0,0.0031773097976558924,1.0347652400509075,0.1476755267370977,0.08873892340197409,0.03359722447692327,0.17167866619404798,1,2
"frozenset({'LOCATION=STREET', 'DAY=Friday', 'TIME=Afternoon'})",frozenset({'DOMESTIC=N'}),0.010816746502498833,0.8082599823611808,0.010055856260916181,0.929656274980016,1.1501946097395526,1.0,0.0013131129236011105,2.7257586598427603,0.13200982747259576,0.012429662325725553,0.6331296623092499,0.4710488192510547,3,1
"frozenset({'LOCATION=STREET', 'CRIME=CRIMINAL DAMAGE', 'TIME=Night'})",frozenset({'DOMESTIC=N'}),0.014387742749926505,0.8082599823611808,0.013371781347813305,0.9293870192307693,1.1498614796141935,1.0,0.0017427446465405009,2.715365015753152,0.13223255668708148,0.01652314201461601,0.6317253871216156,0.4729654651987541,3,1
"frozenset({'LOCATION=STREET', 'ARREST=N', 'CRIME=CRIMINAL DAMAGE'})",frozenset({'DOMESTIC=N'}),0.043850623411209294,0.8082599823611808,0.040746537084752794,0.9292122646159913,1.1496452687184524,1.0,0.005303832979881989,2.708661558371228,0.13613612602806657,0.05021979485813241,0.6308139727130325,0.4898124631755213,3,1
"frozenset({'LOCATION=STREET', 'TIME=Evening', 'DOMESTIC=N', 'CRIME=MOTOR VEHICLE THEFT'})",frozenset({'ARREST=N'}),0.02185830148546527,0.845924049319522,0.021257371124215333,0.972507911392405,1.1496397485976542,1.0,0.00276690822038363,5.604374148492768,0.13307100150208037,0.02511133355123386,0.8215679443405935,0.4988185418084635,4,1
"frozenset({'LOCATION=STREET', 'TIME=Evening', 'DAY=Friday'})",frozenset({'DOMESTIC=N'}),0.014335863869818596,0.8082599823611808,0.013319902467705397,0.9291314837153196,1.1495453245143168,1.0,0.0017327973891535283,2.705574036129039,0.13198293604179478,0.016459036710970553,0.6303926683777851,0.47280560449987163,3,1
"frozenset({'ARREST=N', 'TIME=Evening', 'DAY=Saturday'})",frozenset({'LOCATION=STREET'}),0.03320248326906117,0.2777638473377488,0.010600584502049216,0.31927083333333334,1.149432643569031,1.0,0.0013781350080675527,1.0609743023041487,0.13447031630920753,0.035292254990860285,0.057470102877825634,0.1787174257251734,3,1
"frozenset({'TIME=Evening', 'DAY=Thursday'})","frozenset({'LOCATION=STREET', 'ARREST=N'})",0.03845089663997787,0.2337446175661888,0.010328220381482699,0.26860805037103663,1.1491518100731266,1.0,0.001340530251294018,1.04766723618237,0.13498318008904484,0.0394406656540976,0.04549845078296636,0.15639698392190096,2,2
"frozenset({'ARREST=N', 'DOMESTIC=Y', 'LOCATION=APARTMENT'})",frozenset({'TIME=Night'}),0.07718712712054922,0.19832863541252357,0.01759126359658983,0.22790411112355777,1.1491235778913984,1.0,0.0022828460033583135,1.0383054438407548,0.14062610087213914,0.06820315119007711,0.036892269098638845,0.15830082940374074,3,1
"frozenset({'DOMESTIC=N', 'LOCATION=APARTMENT'})","frozenset({'ARREST=N', 'CRIME=THEFT'})",0.10277638473377489,0.20035191173673197,0.02365676932920608,0.23017709165860428,1.1488639647275412,1.0,0.0030653241664044054,1.0387429103482144,0.14441765142270785,0.08464822721366251,0.037297881855315546,0.17412658825210603,2,2
"frozenset({'LOCATION=STREET', 'DAY=Sunday'})",frozenset({'TIME=Evening'}),0.0418705794870908,0.2789830010202846,0.013419336987912221,0.32049561177077956,1.1487997856452787,1.0,0.0017381570681452591,1.0610924836831095,0.13518664305748918,0.043649454381820225,0.05757507910248707,0.18429826225519655,2,1
"frozenset({'LOCATION=STREET', 'TIME=Evening', 'CRIME=MOTOR VEHICLE THEFT'})",frozenset({'ARREST=N'}),0.0220658170058969,0.845924049319522,0.021443270444602,0.9717868338557993,1.1487873345574273,1.0,0.0027772651714301246,5.461136474119156,0.1324392455340055,0.025330289613049183,0.8168879307925933,0.4985678824794178,3,1
"frozenset({'ARREST=N', 'DAY=Sunday', 'CRIME=THEFT'})",frozenset({'DOMESTIC=N'}),0.026302592214709392,0.8082599823611808,0.024417659570788734,0.928336620644313,1.148561899516973,1.0,0.0031583268512743873,2.6755648332903137,0.13284004811728378,0.03013986648380676,0.6262471431984565,0.47927338796033,3,1
frozenset({'CRIME=THEFT'}),"frozenset({'ARREST=N', 'TIME=Evening', 'DOMESTIC=N'})",0.2199794213775572,0.18082815985612258,0.045688000415031044,0.20769215651592873,1.148560913749168,1.0,0.0059095264411127835,1.0339060087322565,0.16582288569853107,0.12865525553310123,0.03279409196376651,0.2301759608696745,1,3
"frozenset({'ARREST=N', 'TIME=Evening', 'DOMESTIC=N'})",frozenset({'CRIME=THEFT'}),0.18082815985612258,0.2199794213775572,0.045688000415031044,0.25265976522342026,1.1485609137491677,1.0,0.0059095264411127835,1.043728869830798,0.15789759475703352,0.12865525553310123,0.04189677136926089,0.2301759608696745,3,1
"frozenset({'CRIME=BURGLARY', 'TIME=Afternoon'})",frozenset({'ARREST=N'}),0.012731941826482438,0.845924049319522,0.012368789665727083,0.971477079796265,1.148421162133575,1.0,0.0015985338801684668,5.401829461357254,0.13090600067658123,0.014615357108192468,0.8148775322964857,0.4930493556124255,2,1
frozenset({'TIME=Evening'}),"frozenset({'LOCATION=STREET', 'ARREST=N'})",0.2789830010202846,0.2337446175661888,0.07487851695574732,0.26839813423006004,1.1482537524272982,1.0,0.009667742074793234,1.0473666324338877,0.1790697870942464,0.17101443551412945,0.0452245001579021,0.29437070600751525,1,2
"frozenset({'LOCATION=STREET', 'ARREST=N'})",frozenset({'TIME=Evening'}),0.2337446175661888,0.2789830010202846,0.07487851695574732,0.3203432777849705,1.148253752427298,1.0,0.009667742074793234,1.0608546570831978,0.16849781868877475,0.17101443551412945,0.057363802550027675,0.29437070600751525,2,1
"frozenset({'LOCATION=STREET', 'TIME=Evening', 'ARREST=N', 'DAY=Friday'})",frozenset({'DOMESTIC=N'}),0.011577636744081484,0.8082599823611808,0.01073892818233697,0.9275578790141896,1.1475984203801632,1.0,0.0013811877117815112,2.646802923900811,0.13012154312993524,0.01327270492810618,0.6221856977072483,0.47042217832671646,4,1
"frozenset({'CRIME=BATTERY', 'ARREST=Y'})",frozenset({'TIME=Evening'}),0.035303577913431444,0.2789830010202846,0.011300949383505975,0.3201077638990938,1.147409565200781,1.0,0.0014518512704634334,1.0604871782543868,0.1331731067635922,0.03729863162250475,0.05703716131104164,0.18030771344138802,2,1
"frozenset({'DAY=Wednesday', 'DOMESTIC=N', 'CRIME=MOTOR VEHICLE THEFT'})",frozenset({'ARREST=N'}),0.010721635222301,0.845924049319522,0.010406038701644561,0.9705645161290324,1.1473423848273063,1.0,0.0013363496190688853,5.2343610642135205,0.12981239007904954,0.012296798847462478,0.808954715249424,0.49143295132711784,3,1
"frozenset({'LOCATION=STREET', 'DAY=Friday'})",frozenset({'DOMESTIC=N'}),0.04049146592422225,0.8082599823611808,0.03753436975807149,0.9269698910954517,1.1468709466321492,1.0,0.0048067382243812615,2.625492697668395,0.13346657052303837,0.04626920555742082,0.619119108238974,0.48670418847524394,2,1
"frozenset({'LOCATION=STREET', 'DAY=Thursday'})",frozenset({'DOMESTIC=N'}),0.037335500717657844,0.8082599823611808,0.03459888979196569,0.9267021769337656,1.146539723798496,1.0,0.0044220986404657076,2.6159033054168104,0.13276735584290966,0.042662188816034965,0.6177228730399639,0.4847544058072338,2,1
"frozenset({'TIME=Night', 'CRIME=THEFT'})",frozenset({'ARREST=N'}),0.03084631746416034,0.845924049319522,0.029908174382209003,0.9695865451997198,1.146186287030939,1.0,0.0038145326063309982,5.066045659471027,0.13160087506602133,0.035316459573425364,0.8026073850853497,0.5024710856412716,2,1
"frozenset({'LOCATION=STREET', 'TIME=Evening', 'DAY=Thursday'})",frozenset({'DOMESTIC=N'}),0.01273626506649143,0.8082599823611808,0.011798121984540094,0.9263408010862186,1.1460926203225932,1.0,0.001503908606550407,2.6030695482210215,0.1291146071400673,0.014580016455276908,0.615838155118285,0.47046887024469847,3,1
"frozenset({'CRIME=BURGLARY', 'DOMESTIC=N'})",frozenset({'ARREST=N'}),0.055004582634409535,0.845924049319522,0.05332284227091151,0.9694254499724907,1.1459958500438847,1.0,0.006793142997681537,5.039353009017266,0.13481175538057122,0.06290995521733364,0.8015618278357103,0.5162302367024599,2,1
"frozenset({'LOCATION=STREET', 'ARREST=N', 'DAY=Thursday'})",frozenset({'DOMESTIC=N'}),0.03151209642554516,0.8082599823611808,0.02918619330070728,0.9261901495404034,1.1459062303625518,1.0,0.0037162267996323217,2.597756484329653,0.13147117842556028,0.036006293501160025,0.615052447743943,0.4811500285831105,3,1
"frozenset({'CRIME=CRIMINAL DAMAGE', 'DOMESTIC=N', 'DAY=Saturday'})",frozenset({'ARREST=N'}),0.014660106870493022,0.845924049319522,0.01421048990955782,0.9693305809495725,1.1458837016506636,1.0,0.0018091529422134163,5.0237648918990585,0.12920525155708434,0.016789853554882442,0.8009460988884006,0.49306467923846364,3,1
"frozenset({'LOCATION=STREET', 'ARREST=N', 'DAY=Friday'})",frozenset({'DOMESTIC=N'}),0.03413630311100351,0.8082599823611808,0.031615854185760975,0.9261651469098277,1.1458752964661307,1.0,0.004024846435385355,2.5968768083638323,0.1318039883409935,0.03899434787245387,0.6149220491402316,0.48264054667870326,3,1
"frozenset({'DOMESTIC=N', 'TIME=Night', 'CRIME=THEFT'})",frozenset({'ARREST=N'}),0.02817023189859408,0.845924049319522,0.027305583896795615,0.9693063228974832,1.1458550252557689,1.0,0.0034757072588669433,5.019794473169985,0.13097895624673295,0.03224604199745748,0.8007886567179506,0.5007926623405538,3,1
"frozenset({'DAY=Saturday', 'CRIME=MOTOR VEHICLE THEFT'})",frozenset({'ARREST=N'}),0.011819738184585055,0.845924049319522,0.011452262783820706,0.9689100219458668,1.145386542355992,1.0,0.0014536619968199393,4.955807637181488,0.12845054672070377,0.013532290527907475,0.7982165424466053,0.4912240954983309,2,1
"frozenset({'DAY=Saturday', 'DOMESTIC=N', 'CRIME=MOTOR VEHICLE THEFT'})",frozenset({'ARREST=N'}),0.011612222664153423,0.845924049319522,0.011249070503398066,0.9687267311988086,1.1451698671743302,1.0,0.0014260120857374735,4.926761946759085,0.12825644599383718,0.013292261165856972,0.7970269294911198,0.49101234934235793,3,1
"frozenset({'TIME=Evening', 'DOMESTIC=N', 'CRIME=MOTOR VEHICLE THEFT'})",frozenset({'ARREST=N'}),0.027552008577308176,0.845924049319522,0.02668736057550971,0.9686176055233015,1.1450408654328679,1.0,0.0033804539129069743,4.909630168433434,0.13025758208940405,0.03151596219922499,0.7963186705121864,0.5000828906345381,3,1
"frozenset({'LOCATION=STREET', 'CRIME=CRIMINAL DAMAGE'})",frozenset({'DOMESTIC=N'}),0.04506545385373614,0.8082599823611808,0.04170629636674909,0.9254604758250191,1.145003459309539,1.0,0.0052816934298297105,2.5723268260837187,0.13261662144068245,0.05138653626940244,0.6112469108280201,0.4885302881914507,2,1
"frozenset({'DAY=Wednesday', 'CRIME=MOTOR VEHICLE THEFT'})",frozenset({'ARREST=N'}),0.010907534542687673,0.845924049319522,0.010561675341968285,0.9682917162108601,1.14465561889365,1.0,0.0013347295535253677,4.859170294585573,0.12776843334716853,0.012480268098432177,0.7942035492943579,0.49038854345671207,2,1
"frozenset({'DOMESTIC=N', 'CRIME=OTHER OFFENSE', 'LOCATION=APARTMENT'})",frozenset({'ARREST=N'}),0.010859978902588757,0.845924049319522,0.010514119701869369,0.9681528662420381,1.1444914788991274,1.0,0.001327402373066909,4.8379848513669925,0.12763562185021635,0.012424073686200184,0.7933023705691336,0.4902910097785376,3,1
"frozenset({'LOCATION=STREET', 'TIME=Evening', 'CRIME=CRIMINAL DAMAGE'})",frozenset({'ARREST=N'}),0.013756549708613624,0.845924049319522,0.013315579227696404,0.9679446888749214,1.144245384267719,1.0,0.0016785829935206768,4.806565441816468,0.1278199442299544,0.015732667248979676,0.7919512358450099,0.49184277869122595,3,1
"frozenset({'TIME=Evening', 'CRIME=MOTOR VEHICLE THEFT'})",frozenset({'ARREST=N'}),0.027936776938108497,0.845924049319522,0.027033219776229096,0.9676570721138965,1.1439053812127684,1.0,0.003400828303808119,4.76382197749878,0.12941732499323708,0.03192293162070268,0.7900845151805935,0.4998070507935698,2,1
frozenset({'CRIME=BURGLARY'}),frozenset({'ARREST=N'}),0.056310201117125216,0.845924049319522,0.05448579383333045,0.9676007677543187,1.1438388216207778,1.0,0.006851640486335214,4.755543264486327,0.13325454286693725,0.06427118021734807,0.7897190826823409,0.51600528092268,1,1
"frozenset({'DOMESTIC=N', 'TIME=Morning', 'CRIME=MOTOR VEHICLE THEFT'})",frozenset({'ARREST=N'}),0.013739256748577655,0.845924049319522,0.01328963978764245,0.9672750157331654,1.1434537373789768,1.0,0.0016672720842450701,4.70820549290921,0.12720422081247196,0.015701858785430064,0.7876048525269236,0.49149261010556794,3,1
"frozenset({'DOMESTIC=N', 'DAY=Thursday', 'CRIME=MOTOR VEHICLE THEFT'})",frozenset({'ARREST=N'}),0.010406038701644561,0.845924049319522,0.010064502740934166,0.9671790610718737,1.1433403056100504,1.0,0.0012617843450633374,4.694440674530509,0.1266880862869767,0.01189284181703006,0.7869820774548376,0.489538352270601,3,1
"frozenset({'DOMESTIC=Y', 'CRIME=THEFT'})",frozenset({'ARREST=N'}),0.011798121984540094,0.845924049319522,0.011409030383730784,0.9670208867717113,1.1431533215654548,1.0,0.0014287152602029535,4.671925215633608,0.12672178211550336,0.013480861671749446,0.7859554779143912,0.49025397455328634,2,1
"frozenset({'LOCATION=STREET', 'TIME=Evening', 'DAY=Wednesday'})",frozenset({'DOMESTIC=N'}),0.013233437667525551,0.8082599823611808,0.012226122745430335,0.9238810846128716,1.143049395955402,1.0,0.0015300646496983466,2.5189536222850863,0.12682550645570065,0.015107644639136704,0.6030097612147209,0.46950377877257504,3,1
"frozenset({'LOCATION=STREET', 'DOMESTIC=N', 'CRIME=MOTOR VEHICLE THEFT'})",frozenset({'ARREST=N'}),0.058579902121846196,0.845924049319522,0.056634444117799644,0.966789667896679,1.1428799886637384,1.0,0.007080296106146251,4.639398070489949,0.13279670919794784,0.06679617987038482,0.7844547967632375,0.5168697328848088,3,1
"frozenset({'LOCATION=STREET', 'TIME=Evening'})",frozenset({'DOMESTIC=N'}),0.09278537707299359,0.8082599823611808,0.08569958669825514,0.9236324666853043,1.1427417994728433,1.0,0.010704879461861841,2.510753055865979,0.1376870237218841,0.10510827377038749,0.6017131204266953,0.5148310977232317,2,1
"frozenset({'LOCATION=STREET', 'ARREST=N', 'DAY=Wednesday'})",frozenset({'DOMESTIC=N'}),0.03286094730835077,0.8082599823611808,0.03034914486312622,0.9235626891198526,1.142655468877522,1.0,0.003788956171306937,2.5084610569236907,0.12908750376665998,0.03743241369749064,0.601349202834995,0.48055571513711787,3,1
"frozenset({'LOCATION=STREET', 'DAY=Wednesday'})","frozenset({'ARREST=N', 'DOMESTIC=N'})",0.03874055372058035,0.6856183097860861,0.03034914486312622,0.7833947104117844,1.1426105447157686,1.0,0.0037879119010448548,1.4514035682673279,0.1298412806593714,0.04373014389833676,0.3110117531309429,0.41383003780052363,2,2
"frozenset({'CRIME=CRIMINAL DAMAGE', 'DAY=Friday', 'DOMESTIC=N'})",frozenset({'ARREST=N'}),0.014011620869144172,0.845924049319522,0.013540387708164006,0.9663684048133291,1.1423819970489015,1.0,0.001687620645007647,4.581285836288322,0.1264072354418536,0.015997711693857327,0.7817206706294094,0.491187514121857,3,1
"frozenset({'LOCATION=STREET', 'DAY=Wednesday'})",frozenset({'DOMESTIC=N'}),0.03874055372058035,0.8082599823611808,0.03577048783440261,0.9233344492802142,1.1423730846884994,1.0,0.004458048567543962,2.500993155839095,0.129652027253992,0.04409413570377949,0.6001588418323779,0.48379530756826705,2,1
frozenset({'CRIME=CRIMINAL TRESPASS'}),frozenset({'DOMESTIC=N'}),0.023924810209763604,0.8082599823611808,0.02208743320594186,0.9232020238525479,1.1422092445497367,1.0,0.002749966527803731,2.4966806061487663,0.1275554104710356,0.027265158873317607,0.5994681908702204,0.4752645816241189,1,1
"frozenset({'LOCATION=STREET', 'CRIME=MOTOR VEHICLE THEFT'})",frozenset({'ARREST=N'}),0.05928026700330295,0.845924049319522,0.05727428363913051,0.9661610268378064,1.1421368474096525,1.0,0.007127680130954023,4.55320999079896,0.1322903853731326,0.06754600194765796,0.7803747242009964,0.5169336020532806,2,1
"frozenset({'TIME=Morning', 'CRIME=MOTOR VEHICLE THEFT'})",frozenset({'ARREST=N'}),0.014033237069189132,0.845924049319522,0.013557680668199975,0.9661121380160197,1.1420790540157586,1.0,0.001686627941570682,4.546641235534829,0.1261745066325501,0.016018061181229854,0.7800574208089307,0.49106960206638905,2,1
"frozenset({'DAY=Thursday', 'CRIME=MOTOR VEHICLE THEFT'})",frozenset({'ARREST=N'}),0.010583291542013247,0.845924049319522,0.010224462621266882,0.96609477124183,1.1420585240707788,1.0,0.0012718017849179877,4.544312376696493,0.12571864701575353,0.012081613470105031,0.7799447051377761,0.4890907547800562,2,1
"frozenset({'ARREST=N', 'CRIME=CRIMINAL DAMAGE'})","frozenset({'TIME=Evening', 'DOMESTIC=N'})",0.10640358310131945,0.2221669808221073,0.026994310616148168,0.2536973833902162,1.1419220914441637,1.0,0.003354947809873828,1.0422488168557436,0.13908237847103214,0.0895107301059392,0.04053620994572073,0.1876009927712139,2,2
"frozenset({'DAY=Tuesday', 'DOMESTIC=N', 'CRIME=CRIMINAL DAMAGE'})",frozenset({'ARREST=N'}),0.013328548947723382,0.845924049319522,0.012870285506770194,0.9656179046383393,1.1414948013537403,1.0,0.0015953454093585763,4.481284490074659,0.12563018045420923,0.015206231643468267,0.7768496951677933,0.4904161869858772,3,1
"frozenset({'DAY=Monday', 'ARREST=N', 'LOCATION=STREET'})",frozenset({'DOMESTIC=N'}),0.03286094730835077,0.8082599823611808,0.030314558943054282,0.9225101960268386,1.1413532974030176,1.0,0.003754370251234998,2.4743902785614007,0.12805511360613028,0.03738816077122412,0.5958600352320349,0.4800080732965058,3,1
"frozenset({'DOMESTIC=N', 'CRIME=MOTOR VEHICLE THEFT'})",frozenset({'ARREST=N'}),0.07725197572068411,0.845924049319522,0.07457589015511785,0.9653590016229224,1.141188741943767,1.0,0.009226586035543355,4.447791862212383,0.134078599791367,0.08788107270948811,0.7751693354862634,0.5267590433041401,2,1
"frozenset({'LOCATION=STREET', 'DAY=Tuesday', 'TIME=Evening'})",frozenset({'DOMESTIC=N'}),0.013025922147093917,0.8082599823611808,0.01201428398498971,0.9223365416528377,1.1411384477534117,1.0,0.0014859523801414656,2.4688575775459936,0.12531447883512076,0.014845799210432123,0.5949543590141054,0.46860046111616466,3,1
"frozenset({'LOCATION=STREET', 'DAY=Sunday'})","frozenset({'ARREST=N', 'TIME=Evening'})",0.0418705794870908,0.22744133363307797,0.010864302142597749,0.2594734124935467,1.1408366647732766,1.0,0.001341201704064019,1.0432558120138928,0.12884515300042987,0.042036767534835484,0.04146232545821355,0.15362045237386188,2,2
"frozenset({'DOMESTIC=N', 'TIME=Night', 'CRIME=MOTOR VEHICLE THEFT'})",frozenset({'ARREST=N'}),0.018845003199197605,0.845924049319522,0.01818354747782178,0.9649002064693738,1.140646382196556,1.0,0.002242106062117194,4.38965404585755,0.1256724026347924,0.02147868983056041,0.7721916147483913,0.49319784559551055,3,1
"frozenset({'CRIME=CRIMINAL DAMAGE', 'DOMESTIC=N', 'TIME=Morning'})",frozenset({'ARREST=N'}),0.018226779877911704,0.845924049319522,0.017582617116571844,0.9646584440227703,1.1403605853253145,1.0,0.0021641456761931927,4.359625557509356,0.12536947024729433,0.020769285765353543,0.7706225025960033,0.4927217726964707,3,1
"frozenset({'LOCATION=STREET', 'ARREST=N', 'TIME=Night'})",frozenset({'DOMESTIC=N'}),0.059613156483995365,0.8082599823611808,0.05494405727428364,0.9216766988178984,1.1403220732583985,1.0,0.006761128466035236,2.4480584289089626,0.1308554807105535,0.06758776198301399,0.5915130177486513,0.49482744850660265,3,1
"frozenset({'LOCATION=STREET', 'DAY=Thursday'})","frozenset({'ARREST=N', 'DOMESTIC=N'})",0.037335500717657844,0.6856183097860861,0.02918619330070728,0.7817276516905974,1.1401790770939266,1.0,0.003588290403649507,1.4403184491710133,0.1277130194396776,0.04206912023131473,0.30570909469669155,0.4121484042208481,2,2
"frozenset({'LOCATION=STREET', 'ARREST=N', 'TIME=Evening'})",frozenset({'DOMESTIC=N'}),0.07487851695574732,0.8082599823611808,0.06900323378352673,0.9215357967667436,1.1401477456234423,1.0,0.008481924989643022,2.4436623292894373,0.1328697803743513,0.08475647316213172,0.5907781578436094,0.5034541845347328,3,1
frozenset({'CRIME=MOTOR VEHICLE THEFT'}),frozenset({'ARREST=N'}),0.07860514984349871,0.845924049319522,0.07579504383765369,0.964250357496425,1.139878170235362,1.0,0.009301057184673459,4.309859900419145,0.13318205919622472,0.08930363337221561,0.7679738963434177,0.5269253259355544,1,1
"frozenset({'DAY=Monday', 'LOCATION=STREET'})",frozenset({'DOMESTIC=N'}),0.03918152420149757,0.8082599823611808,0.03609473083507704,0.9212181396888448,1.1397547321317056,1.0,0.004425872775090434,2.4338092154910638,0.12761854019197663,0.04448742746615087,0.5891214505906814,0.4829377336548173,2,1
"frozenset({'TIME=Night', 'CRIME=MOTOR VEHICLE THEFT'})",frozenset({'ARREST=N'}),0.01914330675981808,0.845924049319522,0.018451588358379303,0.96386630532972,1.1394241671046863,1.0,0.002257804786748214,4.264051935082226,0.12475187226620368,0.02179452481501718,0.7654812804289364,0.4928393258450776,2,1
"frozenset({'DAY=Monday', 'CRIME=MOTOR VEHICLE THEFT'})",frozenset({'ARREST=N'}),0.010838362702543795,0.845924049319522,0.010444947861725491,0.9637016354208217,1.1392295043462144,1.0,0.0012765161963959656,4.244707784131404,0.12355285584502974,0.012341642827952594,0.7644125224029691,0.48802450899518257,2,1
"frozenset({'DAY=Monday', 'DOMESTIC=N', 'CRIME=MOTOR VEHICLE THEFT'})",frozenset({'ARREST=N'}),0.010678402822211077,0.845924049319522,0.010289311221401767,0.9635627530364373,1.1390653260319838,1.0,0.0012561934657719601,4.228528868675351,0.12340499436649652,0.012157806282214354,0.7635111332908401,0.48786307571431003,3,1
"frozenset({'DAY=Tuesday', 'DOMESTIC=N', 'CRIME=MOTOR VEHICLE THEFT'})",frozenset({'ARREST=N'}),0.010669756342193094,0.845924049319522,0.010280664741383783,0.9635332252836304,1.139030420117167,1.0,0.0012548612511431492,4.225104958660209,0.12337672179680041,0.012147589638279721,0.7633194891525008,0.4878432011663132,3,1
"frozenset({'CRIME=BURGLARY', 'DOMESTIC=N', 'TIME=Morning'})",frozenset({'ARREST=N'}),0.011110726823110312,0.845924049319522,0.010704342262265031,0.9634241245136186,1.1389014478174677,1.0,0.0013055112371765272,4.2125020558385895,0.12333120124412071,0.012647946751939844,0.7626113918178424,0.48803907368938165,3,1
"frozenset({'LOCATION=STREET', 'DAY=Friday'})","frozenset({'ARREST=N', 'DOMESTIC=N'})",0.04049146592422225,0.6856183097860861,0.031615854185760975,0.7808029041212897,1.1388302981069764,1.0,0.003854163758034816,1.434242041180476,0.12705050673712892,0.04552358660873246,0.3027676143303302,0.4134579061652801,2,2
"frozenset({'CRIME=BURGLARY', 'DOMESTIC=N', 'TIME=Night'})",frozenset({'ARREST=N'}),0.016311584553928095,0.845924049319522,0.01571065419267816,0.9631592896899019,1.1385883761842286,1.0,0.001912292536001536,4.182219869909665,0.12373783229826965,0.018558996568066675,0.7608925328878992,0.49086573513007536,3,1
"frozenset({'DOMESTIC=N', 'DAY=Sunday', 'CRIME=MOTOR VEHICLE THEFT'})",frozenset({'ARREST=N'}),0.011681394504297301,0.845924049319522,0.011249070503398066,0.9629903774981494,1.1383886984567915,1.0,0.0013674979626240816,4.163132187386504,0.12300225630458313,0.013291174802956546,0.7597962411499185,0.48814417249202835,3,1
"frozenset({'LOCATION=STREET', 'ARREST=Y'})",frozenset({'DOMESTIC=N'}),0.044019229771559996,0.8082599823611808,0.040495789164231244,0.9199567864859557,1.1381941535673628,1.0,0.004916807285517397,2.3954562694459622,0.12700597805352587,0.0498849668747204,0.5825429949379594,0.4850296082282418,2,1
"frozenset({'LOCATION=STREET', 'CRIME=MOTOR VEHICLE THEFT', 'TIME=Afternoon', 'DOMESTIC=N'})",frozenset({'ARREST=N'}),0.012416345305825999,0.845924049319522,0.011953758624863819,0.9627437325905293,1.138097129836868,1.0,0.0014504735260100505,4.135571311722736,0.12286591830976308,0.014123283752860412,0.7581954403336272,0.48843736977307667,4,1
"frozenset({'LOCATION=STREET', 'DAY=Tuesday'})",frozenset({'DOMESTIC=N'}),0.03825635083957321,0.8082599823611808,0.03519117367319764,0.9198779523109956,1.1380966179022542,1.0,0.004270096218401055,2.393099317469549,0.12616665315342374,0.04337493206014942,0.5821318435469721,0.48170868790739796,2,1
"frozenset({'LOCATION=STREET', 'DOMESTIC=N', 'TIME=Night', 'CRIME=MOTOR VEHICLE THEFT'})",frozenset({'ARREST=N'}),0.01458228855033116,0.845924049319522,0.014037560309198125,0.9626445300919063,1.1379798586720362,1.0,0.0017020517303562872,4.124588743216287,0.12304408937573032,0.016583671697438646,0.7575515858048393,0.4896194403777635,4,1
"frozenset({'LOCATION=STREET', 'TIME=Night', 'CRIME=MOTOR VEHICLE THEFT'})",frozenset({'ARREST=N'}),0.014737925190654885,0.845924049319522,0.014184550469503865,0.9624523320621883,1.1377526538421552,1.0,0.0017173851136568965,4.103475905232412,0.12288541802711951,0.016757151539604796,0.7563041618631455,0.4896102227799915,3,1
"frozenset({'CRIME=BURGLARY', 'TIME=Night'})",frozenset({'ARREST=N'}),0.0166487972746295,0.845924049319522,0.01602192747332561,0.9623474422227992,1.1376286594487182,1.0,0.0019383094664712011,4.092044731520827,0.12302679267196835,0.01892612377051692,0.7556233947549382,0.4906437955738847,2,1
"frozenset({'DAY=Tuesday', 'CRIME=MOTOR VEHICLE THEFT'})",frozenset({'ARREST=N'}),0.010868625382606741,0.845924049319522,0.010457917581752468,0.962211614956245,1.1374680927091114,1.0,0.0012638859875608345,4.077336210639168,0.12218241542692589,0.012356715228540488,0.7547418342910607,0.4872871647702842,2,1
frozenset({'CRIME=ASSAULT'}),frozenset({'TIME=Afternoon'}),0.09008767530738236,0.31149808912791604,0.03191415774638145,0.3542566465111815,1.1372674789208954,1.0,0.0038520190341556973,1.0662160239857674,0.1326494609727501,0.08633110352247743,0.06210375992872083,0.22835521494492622,1,1
"frozenset({'CRIME=CRIMINAL DAMAGE', 'DOMESTIC=N'})",frozenset({'ARREST=N'}),0.09622667612015148,0.845924049319522,0.09253895239248103,0.9616767005121755,1.136835749362803,1.0,0.011138492876364328,4.020424982703499,0.13318101928385281,0.10891910320473026,0.7512700760983833,0.5355353129839598,2,1
"frozenset({'CRIME=CRIMINAL DAMAGE', 'DAY=Saturday'})",frozenset({'ARREST=N'}),0.017241081155861447,0.845924049319522,0.01657962543448562,0.9616349047141426,1.1367863409105117,1.0,0.0019949802484728017,4.016045041266332,0.12243818740721504,0.019584112101806744,0.7509988085978533,0.4906171651373277,2,1
"frozenset({'CRIME=CRIMINAL DAMAGE', 'DOMESTIC=N', 'TIME=Night'})",frozenset({'ARREST=N'}),0.02816590865858509,0.845924049319522,0.027085098656337004,0.9616270145817345,1.1367770136755022,1.0,0.0032588791511029176,4.015219274733259,0.12380714368241212,0.03197750090598666,0.7509475992275834,0.49682268605704893,3,1
"frozenset({'DAY=Sunday', 'CRIME=MOTOR VEHICLE THEFT'})",frozenset({'ARREST=N'}),0.011932142424818857,0.845924049319522,0.011473878983865668,0.9615942028985506,1.136738225697775,1.0,0.0013801927468056405,4.011788904510543,0.1217426368719749,0.01355637849572213,0.7507346413776463,0.48757896265365613,2,1
"frozenset({'LOCATION=STREET', 'TIME=Afternoon', 'CRIME=MOTOR VEHICLE THEFT'})",frozenset({'ARREST=N'}),0.012597921386203676,0.845924049319522,0.012113718505196535,0.9615648592999314,1.136703537478847,1.0,0.0014568338331701139,4.008726073954583,0.12179753650473531,0.014311909735878354,0.7505441924562567,0.48794248055225475,3,1
frozenset({'CRIME=ASSAULT'}),frozenset({'TIME=Morning'}),0.09008767530738236,0.21119027443927577,0.02162484652497968,0.24004223054035898,1.1366159316648794,1.0,0.002599205653217234,1.0379652097268486,0.13209551167892242,0.07732739696379434,0.03657657248149906,0.17121865877069126,1,1
"frozenset({'CRIME=CRIMINAL DAMAGE', 'DOMESTIC=N', 'TIME=Afternoon'})",frozenset({'ARREST=N'}),0.02171563456516852,0.845924049319522,0.020876926003424005,0.9613776627513437,1.1364822450959928,1.0,0.0025071484785136704,3.989296393134222,0.12275760020246151,0.024654988435794407,0.7493292296553723,0.4930285479378253,3,1
"frozenset({'DAY=Friday', 'DOMESTIC=N', 'CRIME=MOTOR VEHICLE THEFT'})",frozenset({'ARREST=N'}),0.011482525463883652,0.845924049319522,0.011037231742957442,0.9612198795180723,1.1362957233469086,1.0,0.001323887306134459,3.973065291333492,0.1213407027254385,0.013040679974664406,0.7483051682585445,0.48713371204795264,3,1
"frozenset({'LOCATION=STREET', 'ARREST=N', 'DAY=Tuesday'})",frozenset({'DOMESTIC=N'}),0.03221246130700192,0.8082599823611808,0.029583931381534576,0.9184002147362769,1.136268323038018,1.0,0.003547887973726984,2.3497613016888805,0.1239178831865946,0.03648335243782155,0.5744248578435374,0.4775011070632555,3,1
frozenset({'CRIME=CRIMINAL DAMAGE'}),"frozenset({'TIME=Evening', 'DOMESTIC=N'})",0.11144015771179552,0.2221669808221073,0.028118353018486173,0.25231795786941846,1.1357131331385988,1.0,0.0033600296373170815,1.0403259344859928,0.1344827394649432,0.09204381421414623,0.038762788804181034,0.18944100427087068,1,2
"frozenset({'CRIME=BURGLARY', 'TIME=Morning'})",frozenset({'ARREST=N'}),0.011409030383730784,0.845924049319522,0.01095941342279558,0.960591133004926,1.1355524574311895,1.0,0.0013082402417805752,3.9096772485171223,0.12074900334611967,0.012948670143482503,0.7442244112658445,0.4867733427470393,2,1
"frozenset({'LOCATION=STREET', 'TIME=Afternoon'})",frozenset({'DOMESTIC=N'}),0.06873086966296021,0.8082599823611808,0.06306310201117125,0.9175367970813938,1.1352000805495543,1.0,0.007510690509718414,2.3251585052798966,0.12788786284548223,0.0774799753542822,0.5699217934049522,0.49778004292951356,2,1
frozenset({'LOCATION=STREET'}),frozenset({'DOMESTIC=N'}),0.2777638473377488,0.8082599823611808,0.2548549985300984,0.9175240081557691,1.1351842577624514,1.0,0.030349596180315852,2.324797960610778,0.16488476782143388,0.3066224201065247,0.5698550941014775,0.6164185775145572,1,1
frozenset({'DOMESTIC=N'}),frozenset({'LOCATION=STREET'}),0.8082599823611808,0.2777638473377488,0.2548549985300984,0.3153131468733452,1.1351842577624514,1.0,0.030349596180315852,1.0548415664243087,0.6210792186755862,0.3066224201065247,0.05199033501325724,0.6164185775145572,1,1
"frozenset({'TIME=Evening', 'DOMESTIC=N', 'CRIME=CRIMINAL DAMAGE'})",frozenset({'ARREST=N'}),0.028118353018486173,0.845924049319522,0.026994310616148168,0.9600246002460026,1.1348827368346666,1.0,0.003208319570554539,3.854269166253197,0.12229029667594793,0.03186868712645908,0.740547440548342,0.4959678168374527,3,1
"frozenset({'CRIME=CRIMINAL DAMAGE', 'DOMESTIC=N', 'DAY=Sunday'})",frozenset({'ARREST=N'}),0.014214813149566812,0.845924049319522,0.013644145468379823,0.9598540145985401,1.1346810808495935,1.0,0.001619493168577877,3.8378918624046325,0.12040665500958324,0.01611840593255397,0.7394402875714561,0.48799164707358283,3,1
"frozenset({'LOCATION=STREET', 'ARREST=N'})",frozenset({'DOMESTIC=N'}),0.2337446175661888,0.8082599823611808,0.21435920936586716,0.9170658627258772,1.134617428474982,1.0,0.02543278889479844,2.3119552929701257,0.15483826692751268,0.258998856044421,0.5674656845481996,0.5911382898143472,2,1
frozenset({'DOMESTIC=N'}),"frozenset({'LOCATION=STREET', 'ARREST=N'})",0.8082599823611808,0.2337446175661888,0.21435920936586716,0.2652107169028172,1.134617428474982,1.0,0.02543278889479844,1.0428232965020896,0.6187840019052395,0.258998856044421,0.04106476777583542,0.5911382898143472,1,2
"frozenset({'DAY=Monday', 'CRIME=CRIMINAL DAMAGE', 'DOMESTIC=N'})",frozenset({'ARREST=N'}),0.013959741989036264,0.845924049319522,0.013393397547858267,0.9594301641375038,1.1341800305941039,1.0,0.0015845160770369526,3.797795761429486,0.11998065913141878,0.01582226762002043,0.7366893685658332,0.48763151236685737,3,1
"frozenset({'DAY=Friday', 'CRIME=MOTOR VEHICLE THEFT'})",frozenset({'ARREST=N'}),0.011655455064243347,0.845924049319522,0.01117989866325419,0.9591988130563799,1.1339065414063807,1.0,0.0013202689186477285,3.7762614821324476,0.11948576343476301,0.013208771114368753,0.7351878293567473,0.48620750489839676,2,1
"frozenset({'LOCATION=SIDEWALK', 'ARREST=Y'})",frozenset({'DOMESTIC=N'}),0.01494976395109551,0.8082599823611808,0.013700347588496723,0.9164256795835743,1.1338253774564067,1.0,0.0016170516410804504,2.294245608979367,0.1198212716412209,0.01692426006430044,0.5641268763526732,0.4666880506691547,2,1
"frozenset({'DOMESTIC=N', 'TIME=Afternoon', 'CRIME=MOTOR VEHICLE THEFT'})",frozenset({'ARREST=N'}),0.017115707195600672,0.845924049319522,0.01641534231414391,0.9590805759030058,1.133766768629535,1.0,0.0019367539762741113,3.7653499305185907,0.1200389306314826,0.019389167190077158,0.7344204341023165,0.4892428979714856,3,1
"frozenset({'CRIME=CRIMINAL DAMAGE', 'DAY=Friday'})",frozenset({'ARREST=N'}),0.015909523233091808,0.845924049319522,0.015252390751724973,0.9586956521739131,1.1333117351907736,1.0,0.001794142435644937,3.7302598585799944,0.11953193950889443,0.018016453802196904,0.7319221614816207,0.48836305077763315,2,1
"frozenset({'DOMESTIC=N', 'LOCATION=OTHER (SPECIFY)'})",frozenset({'ARREST=N'}),0.016562332474449652,0.845924049319522,0.01587493731301987,0.9584964761158966,1.1330762813599282,1.0,0.0018644619600572,3.7123582833767976,0.11942484036524434,0.018751148967461242,0.7306294480040353,0.4886314311033464,2,1
"frozenset({'LOCATION=RESIDENCE', 'ARREST=N'})",frozenset({'CRIME=BATTERY'}),0.10464834765766856,0.18293790098051083,0.021689695125114566,0.2072626621498802,1.1329673131647051,1.0,0.0025455460635419244,1.0306845155487914,0.1310792275370751,0.08157193028095733,0.029771006632862022,0.16291290971135747,2,1
"frozenset({'LOCATION=STREET', 'TIME=Night'})",frozenset({'DOMESTIC=N'}),0.06760250402061321,0.8082599823611808,0.06189150396873433,0.9155208799641874,1.132705936139092,1.0,0.007251105261461839,2.269673471474801,0.1256527722911658,0.07603649921923963,0.5594079886080643,0.49604731878310143,2,1
"frozenset({'CRIME=CRIMINAL DAMAGE', 'TIME=Morning'})",frozenset({'ARREST=N'}),0.02162052328497069,0.845924049319522,0.020712642883082298,0.958008398320336,1.1324993054529857,1.0,0.0024233222774528787,3.6692087112051044,0.11958269132300291,0.024458977225736298,0.7274616739717804,0.4912468129620477,2,1
"frozenset({'CRIME=CRIMINAL DAMAGE', 'DOMESTIC=N', 'DAY=Thursday'})",frozenset({'ARREST=N'}),0.012913517906860118,0.845924049319522,0.012368789665727083,0.9578172079009039,1.132273291758747,1.0,0.0014449343069958143,3.652578291131643,0.1183493001027465,0.014612221966853085,0.7262207897287317,0.48621941966474497,3,1
"frozenset({'LOCATION=STREET', 'TIME=Evening', 'DAY=Saturday'})",frozenset({'DOMESTIC=N'}),0.013146972867345704,0.8082599823611808,0.01203157694502568,0.9151594870108517,1.1322588114994683,1.0,0.0014054048871619193,2.260005401704067,0.11836585212152215,0.014865261864701012,0.5575231814729337,0.46502263144222417,3,1
"frozenset({'TIME=Afternoon', 'CRIME=MOTOR VEHICLE THEFT'})",frozenset({'ARREST=N'}),0.017491829076383004,0.845924049319522,0.016752555034845313,0.9577360355907067,1.132177334786886,1.0,0.001955796152546447,3.6455631371532866,0.11882460062437519,0.019786560457516335,0.7256939566322061,0.4887699440074769,2,1
frozenset({'LOCATION=PARKING LOT / GARAGE (NON RESIDENTIAL)'}),"frozenset({'DOMESTIC=N', 'TIME=Afternoon'})",0.0358915385546544,0.2616900409843153,0.010630847182112163,0.2961936882678873,1.1318492945080778,1.0,0.00123838898675452,1.049024350461786,0.12082681049250397,0.03704763913580619,0.04673328168236042,0.16840875042989117,1,2
frozenset({'LOCATION=OTHER (SPECIFY)'}),frozenset({'ARREST=N'}),0.018170577757794803,0.845924049319522,0.017396717796185172,0.9574113728289316,1.1317935382013222,1.0,0.002025789080836152,3.617772182737696,0.11860168659341362,0.02054654630121318,0.7235867961029916,0.48898835766029425,1,1
"frozenset({'CRIME=CRIMINAL DAMAGE', 'DOMESTIC=N', 'LOCATION=APARTMENT'})",frozenset({'ARREST=N'}),0.013185882027426635,0.845924049319522,0.01262386082625763,0.9573770491803278,1.1317529628699654,1.0,0.0014696061077673819,3.6148588428881347,0.11797049349468396,0.014913252876674549,0.7233640251354773,0.4861501051164609,3,1
"frozenset({'DAY=Tuesday', 'CRIME=CRIMINAL DAMAGE'})",frozenset({'ARREST=N'}),0.015390734432012727,0.845924049319522,0.014733601950645893,0.957303370786517,1.1316658647506128,1.0,0.0017142095579162926,3.608620950148045,0.11816559914132924,0.01740364925110177,0.7228858298461702,0.48736026978833386,2,1
"frozenset({'LOCATION=RESIDENCE', 'DOMESTIC=N'})",frozenset({'TIME=Morning'}),0.0670404828194442,0.21119027443927577,0.01602192747332561,0.2389888437479848,1.1316280751209593,1.0,0.0018636295081456353,1.0365284648987503,0.12467575805939599,0.0611036916126692,0.0352411594430437,0.15742686813806608,2,1
"frozenset({'DAY=Monday', 'TIME=Evening'})","frozenset({'LOCATION=STREET', 'ARREST=N'})",0.038917806560949036,0.2337446175661888,0.01029363446141076,0.2644967784936681,1.1315630761798026,1.0,0.0011968066503068135,1.04181104858317,0.12097474657346076,0.039233456366991826,0.0401330439334769,0.15426736570197305,2,2
"frozenset({'LOCATION=STREET', 'DOMESTIC=N', 'DAY=Saturday'})",frozenset({'TIME=Evening'}),0.03812665363930344,0.2789830010202846,0.01203157694502568,0.31556865857807004,1.1311393791879287,1.0,0.0013948886938718492,1.0534540944337492,0.12053109742293362,0.039437697507333454,0.05074174063795506,0.17934760895307245,3,1
"frozenset({'TIME=Evening', 'CRIME=THEFT'})","frozenset({'LOCATION=STREET', 'ARREST=N', 'DOMESTIC=N'})",0.05341795355110934,0.21435920936586716,0.012948103826932057,0.24239235998705083,1.1307765162229948,1.0,0.0014974735377736408,1.0370022015890765,0.12217848069214943,0.05081093919652552,0.03568189299152429,0.151398063703668,2,3
"frozenset({'CRIME=CRIMINAL DAMAGE', 'TIME=Afternoon'})",frozenset({'ARREST=N'}),0.025143963892299444,0.845924049319522,0.024032891209988413,0.9558115543328748,1.129902330004388,1.0,0.0027630074582706173,3.4867927204578177,0.11793305573778785,0.028372957136878207,0.7132034852164371,0.4921108888601651,2,1
"frozenset({'TIME=Night', 'CRIME=THEFT'})",frozenset({'DOMESTIC=N'}),0.03084631746416034,0.8082599823611808,0.02817023189859408,0.9132445690259285,1.1298896258083382,1.0,0.0032383878891044625,2.2101212049321086,0.11861668818180154,0.03473791956327035,0.5475361270828049,0.4740487515615369,2,1
"frozenset({'ARREST=N', 'TIME=Night', 'CRIME=THEFT'})",frozenset({'DOMESTIC=N'}),0.029908174382209003,0.8082599823611808,0.027305583896795615,0.9129806302399537,1.1295630739664373,1.0,0.0031320033981762467,2.203417677782974,0.11823822779150372,0.0336747370160856,0.5461595819607946,0.473381899815923,3,1
"frozenset({'ARREST=N', 'LOCATION=APARTMENT'})",frozenset({'TIME=Morning'}),0.17362131876113235,0.21119027443927577,0.04141663928614661,0.23854581673306774,1.1295303127306537,1.0,0.004749505328474089,1.0359253949809903,0.13876962633376627,0.12060934155860505,0.03467951954363434,0.21732817960501905,2,1
"frozenset({'ARREST=N', 'LOCATION=OTHER (SPECIFY)'})",frozenset({'DOMESTIC=N'}),0.017396717796185172,0.8082599823611808,0.01587493731301987,0.9125248508946322,1.128999172059541,1.0,0.0018138664939328017,2.191937019825592,0.11628269512341989,0.019603969910682348,0.5437825124740272,0.4660828654415394,2,1
"frozenset({'ARREST=N', 'TIME=Morning'})",frozenset({'CRIME=THEFT'}),0.18279523406021408,0.2199794213775572,0.04539402009441956,0.24833262381155102,1.1288902491716732,1.0,0.0051828302752785355,1.0377204110916283,0.13971320347465438,0.1270186898929414,0.036349300532643736,0.2273441905685902,2,1
frozenset({'CRIME=THEFT'}),"frozenset({'ARREST=N', 'TIME=Morning'})",0.2199794213775572,0.18279523406021408,0.04539402009441956,0.20635575732562939,1.128890249171673,1.0,0.0051828302752785355,1.0296865043536667,0.14637344048773737,0.1270186898929414,0.028830623911402044,0.2273441905685902,1,2
frozenset({'CRIME=CRIMINAL DAMAGE'}),frozenset({'ARREST=N'}),0.11144015771179552,0.845924049319522,0.10640358310131945,0.9548046708305854,1.1287120535214115,1.0,0.012133673632951217,3.409112258103588,0.12833625874111132,0.1250393732790067,0.7066685036190984,0.540294260043108,1,1
"frozenset({'LOCATION=RESIDENCE - PORCH / HALLWAY', 'ARREST=N'})",frozenset({'DOMESTIC=N'}),0.01112369654313729,0.8082599823611808,0.010146644301105021,0.9121647881849981,1.128553693231575,1.0,0.001155805529357748,2.1829516167463816,0.11519148093454741,0.012538531811115326,0.5419046430857375,0.46235923850057153,2,1
"frozenset({'ARREST=N', 'DAY=Sunday'})",frozenset({'CRIME=BATTERY'}),0.119641344008854,0.18293790098051083,0.024698670171373234,0.20643925706439256,1.128466304455879,1.0,0.002811733827906268,1.0296150689069417,0.12931264548912064,0.08888231999502147,0.028763243469602136,0.17072524119909926,2,1
"frozenset({'DAY=Monday', 'LOCATION=STREET'})","frozenset({'ARREST=N', 'DOMESTIC=N'})",0.03918152420149757,0.6856183097860861,0.030314558943054282,0.7736952444003089,1.1284635100274714,1.0,0.003450988545180892,1.389196127941834,0.1184816021417702,0.0436503984063745,0.2801592374997821,0.4089550823644786,2,2
"frozenset({'DAY=Monday', 'CRIME=CRIMINAL DAMAGE'})",frozenset({'ARREST=N'}),0.016160271153613365,0.845924049319522,0.015425320352084666,0.954521134296415,1.128376873862672,1.0,0.001754958339718584,3.387858256727205,0.11564004797420029,0.018219047278631936,0.7048282648737386,0.4863780052707512,2,1
"frozenset({'LOCATION=RESIDENCE', 'DOMESTIC=N', 'TIME=Night'})",frozenset({'ARREST=N'}),0.01374790322859564,0.845924049319522,0.01312103342729175,0.9544025157232704,1.1282366501945542,1.0,0.0014913514585051958,3.3790449873373753,0.11524551204295141,0.015499402494203684,0.7040583940884488,0.48495670200455004,3,1
"frozenset({'LOCATION=RESIDENCE', 'ARREST=N', 'DOMESTIC=N'})",frozenset({'TIME=Morning'}),0.06330520345167483,0.21119027443927577,0.015083784391374271,0.23827084613808644,1.1282283086695701,1.0,0.0017143411009808776,1.035551444449138,0.12133575972940382,0.058146123591760544,0.034330930288112876,0.1548467843791763,3,1
"frozenset({'LOCATION=STREET', 'ARREST=N', 'TIME=Afternoon'})",frozenset({'DOMESTIC=N'}),0.056180503916855445,0.8082599823611808,0.051221747626541234,0.9117352828010774,1.1280222981442343,1.0,0.005813294521661405,2.172329144914087,0.12024831244392796,0.06298643303704334,0.5396646026955787,0.4875540719701349,3,1
"frozenset({'LOCATION=STREET', 'TIME=Evening', 'DAY=Sunday'})",frozenset({'DOMESTIC=N'}),0.013419336987912221,0.8082599823611808,0.01223476922544832,0.9117268041237112,1.1280118081069304,1.0,0.0013884561482996466,2.1721204917915835,0.115028057779559,0.015115018346320853,0.5396203830409098,0.46343198735152114,3,1
"frozenset({'CRIME=CRIMINAL DAMAGE', 'TIME=Night'})",frozenset({'ARREST=N'}),0.032143289466858044,0.845924049319522,0.030669064623791653,0.95413584398117,1.1279214070680408,1.0,0.003478283039537556,3.3593979275934034,0.11717995393072005,0.036192031018825566,0.7023276129968987,0.49519547413221193,2,1
"frozenset({'LOCATION=STREET', 'DAY=Tuesday'})","frozenset({'ARREST=N', 'DOMESTIC=N'})",0.03825635083957321,0.6856183097860861,0.029583931381534576,0.7733077183862582,1.1278982888125193,1.0,0.0033546767803228766,1.3868213243783265,0.11790588136670055,0.04261029297300663,0.2789265766098079,0.40822849551721213,2,2
"frozenset({'LOCATION=STREET', 'TIME=Night', 'DAY=Saturday'})",frozenset({'DOMESTIC=N'}),0.01221747626541235,0.8082599823611808,0.011136666263164266,0.9115357395612174,1.1277754181251627,1.0,0.0012617691123839349,2.1674291593892145,0.11469998166674016,0.013760169224441393,0.5386239058065446,0.4626571544824385,3,1
frozenset({'LOCATION=OTHER (SPECIFY)'}),frozenset({'DOMESTIC=N'}),0.018170577757794803,0.8082599823611808,0.016562332474449652,0.9114917915774446,1.1277210445513972,1.0,0.00187578161644196,2.16635294122569,0.11535189524293352,0.020450650993706257,0.5383946996955099,0.46599156725328367,1,1
"frozenset({'LOCATION=STREET', 'DAY=Saturday'})",frozenset({'DOMESTIC=N'}),0.04188787244712677,0.8082599823611808,0.03812665363930344,0.9102074517494066,1.1261320263443024,1.0,0.0042703625940413645,2.1353667021868064,0.11690140364190728,0.04695278101657376,0.531696359704443,0.4786893632137706,2,1
"frozenset({'TIME=Evening', 'CRIME=CRIMINAL DAMAGE'})",frozenset({'ARREST=N'}),0.03253238106766735,0.845924049319522,0.03098898438445709,0.9525581395348838,1.126056340756762,1.0,0.0034690608576901684,3.247679352578706,0.11570926567953115,0.03656657790293125,0.6920878290506157,0.49459571675802294,2,1
"frozenset({'LOCATION=RESIDENCE', 'CRIME=CRIMINAL DAMAGE'})",frozenset({'ARREST=N'}),0.01328963978764245,0.845924049319522,0.01265844674632957,0.9525048796356539,1.1259933801407676,1.0,0.0014164208431692357,3.2440374821355444,0.11340238850348737,0.014952889206649134,0.6917421560302991,0.48373446303049733,2,1
"frozenset({'CRIME=CRIMINAL DAMAGE', 'DAY=Wednesday', 'DOMESTIC=N'})",frozenset({'ARREST=N'}),0.013138326387327719,0.845924049319522,0.012511456586023829,0.9522869364922671,1.1257357410021687,1.0,0.0013974303271740377,3.2292194077101524,0.11317904057611332,0.014779331406334582,0.6903276384341123,0.48353861004171694,3,1
"frozenset({'LOCATION=STREET', 'ARREST=N', 'TIME=Morning'})",frozenset({'DOMESTIC=N'}),0.043072440209590675,0.8082599823611808,0.039190170681515556,0.9098665060724682,1.125710199599964,1.0,0.004376440917458785,2.127289304828015,0.11669838673824054,0.048255303292432994,0.5299181931999386,0.47917679566903204,3,1
frozenset({'LOCATION=STREET'}),"frozenset({'ARREST=N', 'DOMESTIC=N'})",0.2777638473377488,0.6856183097860861,0.21435920936586716,0.7717318557487277,1.1255998340964803,1.0,0.023919229834479416,1.3772473213250898,0.15449905287151477,0.2861851028830337,0.2739139989483727,0.5421913981150489,1,2
"frozenset({'ARREST=N', 'DOMESTIC=N'})",frozenset({'LOCATION=STREET'}),0.6856183097860861,0.2777638473377488,0.21435920936586716,0.3126509404813701,1.1255998340964803,1.0,0.023919229834479416,1.050756006224921,0.3549341612737027,0.2861851028830337,0.04830427418375999,0.5421913981150489,2,1
"frozenset({'CRIME=BATTERY', 'DOMESTIC=Y'})",frozenset({'TIME=Evening'}),0.09777439604337074,0.2789830010202846,0.0306993273038546,0.3139812522108242,1.1254494039512999,1.0,0.00342193287272919,1.0510164646422973,0.12354565580572464,0.08871149089273668,0.04854011935927211,0.21201069397976705,2,1
"frozenset({'CRIME=CRIMINAL DAMAGE', 'DAY=Sunday'})",frozenset({'ARREST=N'}),0.016761201514863298,0.845924049319522,0.015957078873190724,0.9520247614134641,1.1254258135577202,1.0,0.0017783754162770567,3.211572369829111,0.11334726545201203,0.01884557453217942,0.6886260420613812,0.48544412513226703,2,1
"frozenset({'LOCATION=STREET', 'DAY=Saturday'})",frozenset({'TIME=Evening'}),0.04188787244712677,0.2789830010202846,0.013146972867345704,0.31386107957477555,1.1250186514122233,1.0,0.0014609685056913829,1.050832386148385,0.11598417824949069,0.04272327512328075,0.04837344834289014,0.18049285867288467,2,1
"frozenset({'LOCATION=STREET', 'ARREST=N', 'DAY=Saturday'})",frozenset({'DOMESTIC=N'}),0.035359780033548345,0.8082599823611808,0.03213031974683107,0.9086685413864776,1.1242280469360513,1.0,0.003550424560620047,2.0993863510949162,0.11455126148118576,0.0395942547841282,0.5236703337246815,0.47421049891684103,3,1
"frozenset({'LOCATION=STREET', 'TIME=Morning'})",frozenset({'DOMESTIC=N'}),0.0486450965811818,0.8082599823611808,0.044200805851937676,0.9086384642730181,1.1241908347591332,1.0,0.0048829209472737375,2.0986952125213936,0.1161199780388807,0.0543873181370854,0.5235134696864392,0.48166241800277776,2,1
"frozenset({'CRIME=CRIMINAL DAMAGE', 'DAY=Thursday'})",frozenset({'ARREST=N'}),0.014871945630933647,0.845924049319522,0.014141318069413942,0.9508720930232558,1.1240631990403347,1.0,0.0015607816000347777,3.1362205345612084,0.11203650665678751,0.016702580704459808,0.6811448719948162,0.4837945499025585,2,1
"frozenset({'DAY=Monday', 'DOMESTIC=N'})",frozenset({'LOCATION=STREET'}),0.11564667024054508,0.2777638473377488,0.03609473083507704,0.31211214953271027,1.1236600894039153,1.0,0.003972266777263304,1.049932997321625,0.12444251655214844,0.10101633393829401,0.047558270336301264,0.22102984867723313,2,1
"frozenset({'ARREST=N', 'TIME=Morning'})","frozenset({'DOMESTIC=N', 'CRIME=THEFT'})",0.18279523406021408,0.2081812993930171,0.04273522748888927,0.2337874272740173,1.1229991740644265,1.0,0.004680678139383207,1.0334190912450056,0.13402686757754598,0.1227172847016176,0.0323383722326479,0.2195331620732756,2,2
"frozenset({'DOMESTIC=N', 'CRIME=THEFT'})","frozenset({'ARREST=N', 'TIME=Morning'})",0.2081812993930171,0.18279523406021408,0.04273522748888927,0.20527889687253392,1.1229991740644265,1.0,0.004680678139383207,1.0282912618324085,0.13832382951348704,0.1227172847016176,0.027512887527599787,0.2195331620732756,2,2
"frozenset({'DAY=Monday', 'ARREST=N', 'LOCATION=STREET'})",frozenset({'TIME=Evening'}),0.03286094730835077,0.2789830010202846,0.01029363446141076,0.3132482568083147,1.1228220202045167,1.0,0.0011259887649576177,1.0498946761005397,0.11310359129887776,0.0341357113159668,0.047523506153832135,0.17507262602545565,3,1
"frozenset({'ARREST=N', 'CRIME=CRIMINAL TRESPASS'})",frozenset({'DOMESTIC=N'}),0.016073806353433518,0.8082599823611808,0.014586611790340152,0.9074771382463689,1.1227540123851532,1.0,0.0015947973506369416,2.072352865061421,0.11111905989079192,0.01801378529746237,0.5174566953054293,0.46276203441199415,2,1
"frozenset({'DOMESTIC=N', 'TIME=Afternoon', 'LOCATION=APARTMENT'})",frozenset({'ARREST=N'}),0.03431787919138119,0.845924049319522,0.03256696698773929,0.9489795918367345,1.1218259991545487,1.0,0.003536647658107947,3.0198886333373585,0.1124553936980013,0.03841916827320297,0.668861961013816,0.49373914047473544,3,1
"frozenset({'DAY=Monday', 'DOMESTIC=N'})","frozenset({'LOCATION=STREET', 'ARREST=N'})",0.11564667024054508,0.2337446175661888,0.030314558943054282,0.2621308411214953,1.121441185901397,1.0,0.003282772234874925,1.0384705380537262,0.12245137955174415,0.09500711333920465,0.03704538226556405,0.19591089007079998,2,2
"frozenset({'LOCATION=RESIDENCE', 'DOMESTIC=N', 'TIME=Afternoon'})",frozenset({'ARREST=N'}),0.022865616407560484,0.845924049319522,0.021689695125114566,0.9485725089809037,1.1213447705428805,1.0,0.002347120303444101,2.995984202753851,0.11074588731920593,0.02560464629658928,0.6662198688895558,0.48710637418238056,3,1
"frozenset({'CRIME=CRIMINAL DAMAGE', 'DAY=Wednesday'})",frozenset({'ARREST=N'}),0.015105400591419233,0.845924049319522,0.014314247669773635,0.9476244991413852,1.1202240909259797,1.0,0.001536226034886774,2.941756129385739,0.10896746249331922,0.016905622612993484,0.6600669953532797,0.4822729663934903,2,1
"frozenset({'LOCATION=STREET', 'ARREST=N', 'DAY=Sunday'})",frozenset({'TIME=Evening'}),0.03480208207238833,0.2789830010202846,0.010864302142597749,0.3121739130434783,1.1189710910765507,1.0,0.0011551128442886058,1.0482548025621652,0.11015550391491562,0.03586515955928527,0.04603346671460024,0.17555821839587715,3,1
"frozenset({'LOCATION=STREET', 'DAY=Saturday'})","frozenset({'ARREST=N', 'DOMESTIC=N'})",0.04188787244712677,0.6856183097860861,0.03213031974683107,0.7670554236763341,1.1187790826584787,1.0,0.003411227439096845,1.349598669243515,0.1108100858915003,0.046205687427725906,0.2590389848557527,0.40695934959362295,2,2
frozenset({'LOCATION=ALLEY'}),frozenset({'DOMESTIC=N'}),0.020410016082452832,0.8082599823611808,0.01844726511837031,0.9038339334886677,1.1182465459297952,1.0,0.0019506658795755694,1.993842782539352,0.10794600205965019,0.022768140610743233,0.4984559420846597,0.4633286817376211,1,1
"frozenset({'DAY=Monday', 'DOMESTIC=N', 'LOCATION=APARTMENT'})",frozenset({'ARREST=N'}),0.015114047071437217,0.845924049319522,0.014296954709737665,0.9459382151029748,1.1182306684198258,1.0,0.0015116188094616307,2.8499974792537084,0.10735265819081234,0.01688468175923373,0.6491224966760824,0.4814196030310984,3,1
"frozenset({'DAY=Friday', 'DOMESTIC=N'})","frozenset({'LOCATION=STREET', 'ARREST=N'})",0.1210550434917945,0.2337446175661888,0.031615854185760975,0.261169243955573,1.1173273065062919,1.0,0.0033198893403131174,1.0371189560870624,0.11946948993819967,0.0978262323590395,0.03579045187555746,0.19821367481963087,2,2
"frozenset({'CRIME=BATTERY', 'ARREST=N', 'DOMESTIC=Y'})",frozenset({'TIME=Evening'}),0.07672886367959604,0.2789830010202846,0.02391184048973663,0.31164074825332433,1.1170599897255575,1.0,0.00250579183552661,1.0474428826955873,0.1135017940563447,0.07206702454787098,0.045294004550867024,0.19867574596345378,3,1
"frozenset({'ARREST=N', 'DAY=Friday'})","frozenset({'DOMESTIC=N', 'CRIME=THEFT'})",0.12503242430006745,0.2081812993930171,0.02907378906047348,0.23252999550499634,1.1169590937465153,1.0,0.0030443765034263923,1.0317259254034308,0.11967536669184135,0.09559346126510304,0.030750342336338235,0.18609304942006472,2,2
"frozenset({'DAY=Tuesday', 'DOMESTIC=N', 'LOCATION=APARTMENT'})",frozenset({'ARREST=N'}),0.014534732910232244,0.845924049319522,0.013726287028550678,0.9443783462224867,1.1163866862304757,1.0,0.0014310069093492975,2.7700713699880644,0.10579066142962038,0.016210889633199905,0.6389984710017386,0.48030236426569295,3,1
"frozenset({'LOCATION=RESIDENCE', 'DOMESTIC=N'})",frozenset({'ARREST=N'}),0.0670404828194442,0.845924049319522,0.06330520345167483,0.9442832269297737,1.1162742419835134,1.0,0.006594046756714739,2.765342323150666,0.11164770855682632,0.07450657141548747,0.6383811177269874,0.5095593955356288,2,1
"frozenset({'DAY=Friday', 'DOMESTIC=N'})",frozenset({'LOCATION=STREET'}),0.1210550434917945,0.2777638473377488,0.03753436975807149,0.3100603549873219,1.116273258594024,1.0,0.0039096551381521474,1.0468106273976756,0.1185079933658624,0.10389144170017234,0.04471737883865852,0.22259543142757432,2,1
frozenset({'LOCATION=RESIDENCE - PORCH / HALLWAY'}),frozenset({'DOMESTIC=N'}),0.011940788904836842,0.8082599823611808,0.010769190862399917,0.9018826937002171,1.11583242197088,1.0,0.0011179290327979086,1.9541916188871513,0.10506261103763767,0.013304633922276581,0.48827945512862886,0.4576033065520721,1,1
"frozenset({'DAY=Wednesday', 'DOMESTIC=N'})","frozenset({'LOCATION=STREET', 'ARREST=N'})",0.11642917668217269,0.2337446175661888,0.03034914486312622,0.2606661468196502,1.1151749697331026,1.0,0.003134451486005538,1.0364132240633304,0.11688902262866059,0.09489307631998703,0.03513388600018987,0.1952525252011211,2,2
"frozenset({'ARREST=N', 'DOMESTIC=N', 'LOCATION=APARTMENT'})",frozenset({'CRIME=THEFT'}),0.09643419164058312,0.2199794213775572,0.02365676932920608,0.2453151618398637,1.115173229857815,1.0,0.0024432316510981447,1.0335712858947492,0.11430084002385951,0.08080688748763236,0.03248086160374226,0.17642799540021015,3,1
frozenset({'LOCATION=APARTMENT'}),frozenset({'TIME=Morning'}),0.19613675272796444,0.21119027443927577,0.04618517301606516,0.2354743431493564,1.1149866809660456,1.0,0.00476299837981798,1.03176357587542,0.12829085093975834,0.1278865146345843,0.030785711589468967,0.22708210504448373,1,1
frozenset({'TIME=Morning'}),frozenset({'LOCATION=APARTMENT'}),0.21119027443927577,0.19613675272796444,0.04618517301606516,0.21868986693961107,1.1149866809660456,1.0,0.00476299837981798,1.0288657643838641,0.13073913351970678,0.1278865146345843,0.028055909121585235,0.22708210504448373,1,1
"frozenset({'LOCATION=RESIDENCE - PORCH / HALLWAY', 'DOMESTIC=N'})",frozenset({'ARREST=N'}),0.010769190862399917,0.845924049319522,0.010146644301105021,0.9421918908069049,1.1138019915201876,1.0,0.0010367267588888875,2.665299952396326,0.10328666108033611,0.011985925347142427,0.6248077072522674,0.4770933185182535,2,1
"frozenset({'LOCATION=RESIDENCE', 'DOMESTIC=N', 'TIME=Morning'})",frozenset({'ARREST=N'}),0.01602192747332561,0.845924049319522,0.015083784391374271,0.9414463032919589,1.1129206032731624,1.0,0.0015304506252349723,2.631361627750463,0.10311541326801901,0.01781138008841877,0.6199686164554681,0.4796387182405856,3,1
"frozenset({'LOCATION=STREET', 'DAY=Saturday'})","frozenset({'ARREST=N', 'TIME=Evening'})",0.04188787244712677,0.22744133363307797,0.010600584502049216,0.25307049231086803,1.1126847010101364,1.0,0.001073550929622441,1.0343126873606616,0.1057003687979209,0.04097182769107376,0.03317438505779138,0.14983924357032502,2,2
"frozenset({'DAY=Monday', 'ARREST=N', 'DOMESTIC=N'})",frozenset({'LOCATION=STREET'}),0.0981375482041261,0.2777638473377488,0.030314558943054282,0.3088986784140969,1.1120910131925468,1.0,0.0030554959855824404,1.0450510368073114,0.11176096877117384,0.08771907877453496,0.04310893460758135,0.20901828191432795,3,1
"frozenset({'CRIME=CRIMINAL DAMAGE', 'LOCATION=APARTMENT'})",frozenset({'ARREST=N'}),0.019765853321112976,0.845924049319522,0.018585608798658067,0.9402887139107611,1.1115521714593029,1.0,0.001865198119006456,2.58034888831921,0.10238076021210966,0.021940165967480173,0.612455507653703,0.48112974554529514,2,1
"frozenset({'TIME=Evening', 'DAY=Saturday'})","frozenset({'LOCATION=STREET', 'ARREST=N'})",0.04081138568488768,0.2337446175661888,0.010600584502049216,0.25974576271186445,1.1112374069461213,1.0,0.001061142762788913,1.0351246150794473,0.10436142225389171,0.040160511014658916,0.03393274062635587,0.15254845055710853,2,2
"frozenset({'LOCATION=SIDEWALK', 'TIME=Afternoon'})",frozenset({'DOMESTIC=N'}),0.01803655731751604,0.8082599823611808,0.016190533833676312,0.8976510067114095,1.1105968701915558,1.0,0.0016123063343643721,1.8733942707005964,0.10141240259859967,0.01998569781838364,0.4662095344051478,0.4588411754086367,2,1
"frozenset({'DOMESTIC=N', 'LOCATION=APARTMENT', 'DAY=Saturday'})",frozenset({'ARREST=N'}),0.014271015269683713,0.845924049319522,0.013406367267885244,0.9394122993032414,1.1105161273744648,1.0,0.0013341722430536673,2.5430235659812888,0.10095858649440041,0.015832010170062645,0.6067673090500342,0.47763024595711623,3,1
"frozenset({'ARREST=N', 'DAY=Friday'})",frozenset({'CRIME=THEFT'}),0.12503242430006745,0.2199794213775572,0.0305307209435039,0.24418242799349954,1.110023957988334,1.0,0.003026160592541842,1.0320222862134438,0.1132825332880617,0.09708284072475323,0.031028677036554767,0.19148570724596858,2,1
"frozenset({'LOCATION=STREET', 'DAY=Sunday'})",frozenset({'DOMESTIC=N'}),0.0418705794870908,0.8082599823611808,0.037538692998080485,0.8965410428497678,1.1092235944067035,1.0,0.0036963791603920534,1.853295479872221,0.10277161698548244,0.04619624492575508,0.4604206340216473,0.47149243876416513,2,1
"frozenset({'DOMESTIC=N', 'LOCATION=APARTMENT'})",frozenset({'ARREST=N'}),0.10277638473377489,0.845924049319522,0.09643419164058312,0.9382913389138938,1.1091909961286404,1.0,0.009493176092167155,2.496828613174504,0.10971848358541587,0.11315031247463679,0.599491933597883,0.526144989737625,2,1
"frozenset({'ARREST=N', 'DAY=Thursday'})","frozenset({'DOMESTIC=N', 'CRIME=THEFT'})",0.1186253826067408,0.2081812993930171,0.02738772545696647,0.23087576077845404,1.1090129682714343,1.0,0.0026921391649013596,1.029506886180582,0.11152725195652066,0.09146957752173034,0.028661183889746585,0.1812164242277451,2,2
"frozenset({'CRIME=OTHER OFFENSE', 'LOCATION=APARTMENT'})",frozenset({'ARREST=N'}),0.022394383246580316,0.845924049319522,0.021002299963684783,0.9378378378378379,1.1086548947180934,1.0,0.0020583526057243,2.4786131196424748,0.10025111889907151,0.0247868524575108,0.5965485730406188,0.48133274021917605,2,1
"frozenset({'DOMESTIC=N', 'TIME=Night', 'LOCATION=APARTMENT'})",frozenset({'ARREST=N'}),0.019541044840645373,0.845924049319522,0.018326214398118525,0.9378318584070796,1.1086478261984514,1.0,0.0017959746185854351,2.4783747226895376,0.09995350184784922,0.02163306966062771,0.5965097647078978,0.4797479976456538,3,1
"frozenset({'DOMESTIC=N', 'DAY=Thursday', 'LOCATION=APARTMENT'})",frozenset({'ARREST=N'}),0.015070814671347294,0.845924049319522,0.014132671589395957,0.9377510040160643,1.1085522450513254,1.0,0.001383907016065793,2.475155594802517,0.09942088790645892,0.016688277875907414,0.5959849950040066,0.4772288947273694,3,1
"frozenset({'LOCATION=STREET', 'ARREST=N', 'DAY=Sunday'})",frozenset({'DOMESTIC=N'}),0.03480208207238833,0.8082599823611808,0.03117920694485275,0.8959006211180124,1.1084312481991325,1.0,0.003050076702891792,1.8418939641915204,0.1013512991818677,0.038403578370031145,0.4570805814877952,0.4672381681947192,3,1
"frozenset({'ARREST=N', 'DOMESTIC=Y'})",frozenset({'TIME=Night'}),0.16030573953343594,0.19832863541252357,0.03522575959326958,0.2197411003236246,1.1079645653113233,1.0,0.0034325410228078015,1.0274427692141443,0.11604707135106214,0.10892028820832275,0.026709778915602694,0.19867708967134906,2,1
"frozenset({'ARREST=N', 'DAY=Thursday'})",frozenset({'CRIME=THEFT'}),0.1186253826067408,0.2199794213775572,0.02890085946011379,0.24363132767229126,1.1075187221905616,1.0,0.0028057164335916103,1.031270340985892,0.11014695069431586,0.09331769895445091,0.03032215680322765,0.18750557991813765,2,1
"frozenset({'DOMESTIC=N', 'DAY=Sunday'})",frozenset({'CRIME=THEFT'}),0.11005672090891798,0.2199794213775572,0.026812734535770488,0.24362650744392506,1.1074968100119769,1.0,0.002602520751515413,1.0312637688907569,0.10906634642802479,0.08842567509766461,0.03031597718630688,0.1827569873854651,2,1
"frozenset({'DOMESTIC=N', 'DAY=Sunday'})","frozenset({'ARREST=N', 'CRIME=THEFT'})",0.11005672090891798,0.20035191173673197,0.024417659570788734,0.2218643202262639,1.1073731131540179,1.0,0.0023675851372110535,1.0276460892987034,0.1089530125154608,0.08537912685935423,0.026902344675461036,0.17186908694134764,2,2
"frozenset({'ARREST=N', 'DAY=Friday', 'DOMESTIC=N'})",frozenset({'LOCATION=STREET'}),0.1028801424939907,0.2777638473377488,0.031615854185760975,0.3073076438206496,1.1063630013987273,1.0,0.003039469991974301,1.0426506748910211,0.10716240959524787,0.09058253750015482,0.04090600612278793,0.21056521352731497,3,1
"frozenset({'DAY=Wednesday', 'DOMESTIC=N'})",frozenset({'LOCATION=STREET'}),0.11642917668217269,0.2777638473377488,0.03577048783440261,0.30722958672162193,1.106081981749209,1.0,0.0034306717767958184,1.0425331954412331,0.10854577910506877,0.09979977323716016,0.040797929147217034,0.21800490059983413,2,1
"frozenset({'DAY=Tuesday', 'DOMESTIC=N'})",frozenset({'LOCATION=STREET'}),0.11460476939837792,0.2777638473377488,0.03519117367319764,0.30706552491606626,1.1054913296282505,1.0,0.0033581120018486912,1.0422863613111013,0.1077765425254915,0.0985257449950374,0.04057077102871117,0.21688005191000903,2,1
"frozenset({'TIME=Evening', 'DOMESTIC=N', 'CRIME=THEFT'})","frozenset({'LOCATION=STREET', 'ARREST=N'})",0.0501106749442302,0.2337446175661888,0.012948103826932057,0.25839013027348806,1.1054377763386165,1.0,0.0012350032761093682,1.0332324497196728,0.10041276575210203,0.047795349727909615,0.032163575320044324,0.15689218167733257,3,2
"frozenset({'LOCATION=STREET', 'CRIME=THEFT'})","frozenset({'ARREST=N', 'TIME=Afternoon', 'DOMESTIC=N'})",0.046453213896622686,0.219525481176613,0.011270686703443028,0.242624476500698,1.105222387853469,1.0,0.0010730225705868068,1.0304987349173376,0.09984273585631599,0.044249439880507835,0.02959609156607462,0.14698280424349563,2,3
"frozenset({'DOMESTIC=N', 'LOCATION=APARTMENT', 'DAY=Sunday'})",frozenset({'ARREST=N'}),0.012667093226347554,0.845924049319522,0.011841354384630017,0.9348122866894197,1.10507827202856,1.0,0.0011259555894902046,2.363573484260733,0.09630664873478854,0.01398447870928214,0.5769118215874828,0.4744052080918083,3,1
frozenset({'LOCATION=VEHICLE NON-COMMERCIAL'}),"frozenset({'ARREST=N', 'DOMESTIC=N'})",0.01582305843291196,0.6856183097860861,0.011988344544935756,0.7576502732240437,1.1050613182434286,1.0,0.0011397659665161822,1.297223208774436,0.09660136942428811,0.017388196343023403,0.2291226419354927,0.38756786151728007,1,2
frozenset({'CRIME=BATTERY'}),frozenset({'TIME=Night'}),0.18293790098051083,0.19832863541252357,0.04008940460338596,0.21914214817440625,1.104944566973854,1.0,0.003807580336689889,1.0266546756406714,0.11624235600515719,0.11750319956409898,0.02596264963585531,0.2106391939782113,1,1
frozenset({'TIME=Night'}),frozenset({'CRIME=BATTERY'}),0.19832863541252357,0.18293790098051083,0.04008940460338596,0.20213623978201634,1.104944566973854,1.0,0.003807580336689889,1.0240621767258364,0.11847401265407277,0.11750319956409898,0.023496792746284974,0.2106391939782113,1,1
"frozenset({'DAY=Wednesday', 'DOMESTIC=N', 'LOCATION=APARTMENT'})",frozenset({'ARREST=N'}),0.01552475487229149,0.845924049319522,0.014508793470178291,0.9345586187691451,1.1047784012299007,1.0,0.0013760299639164943,2.35441165486637,0.0963367059178796,0.017130839594903625,0.5752654392730835,0.47585501631822075,3,1
"frozenset({'CRIME=BATTERY', 'ARREST=N', 'LOCATION=APARTMENT'})",frozenset({'TIME=Evening'}),0.04692444705760285,0.2789830010202846,0.014461237830079375,0.30818131564400225,1.1046598341724578,1.0,0.0013701147687318685,1.0422051547377589,0.09940864390692182,0.046432537479178235,0.04049601419250184,0.18000843377464404,3,1
"frozenset({'DAY=Tuesday', 'DOMESTIC=N'})","frozenset({'LOCATION=STREET', 'ARREST=N'})",0.11460476939837792,0.2337446175661888,0.029583931381534576,0.2581387453317741,1.1043623079734775,1.0,0.002795683387249469,1.0328823315843536,0.10673206721822238,0.09280783367013412,0.031835505922455896,0.19235196648466746,2,2
"frozenset({'DOMESTIC=N', 'ARREST=Y'})",frozenset({'TIME=Afternoon'}),0.12264167257509467,0.31149808912791604,0.042164559807702284,0.3438028764805415,1.103707818699843,1.0,0.003961913153108745,1.0492303092999882,0.10709775770186254,0.1075694574652299,0.04692040333149823,0.2395817247000498,2,1
"frozenset({'DOMESTIC=N', 'TIME=Morning', 'LOCATION=APARTMENT'})",frozenset({'ARREST=N'}),0.025416328012865964,0.845924049319522,0.02370864820931399,0.9328117026705222,1.102713303187082,1.0,0.002208365097837211,2.293196238102606,0.09557514181106255,0.027970458625754854,0.5639274199981239,0.480419312844238,3,1
"frozenset({'ARREST=N', 'DAY=Wednesday', 'DOMESTIC=N'})",frozenset({'LOCATION=STREET'}),0.09912324692617636,0.2777638473377488,0.03034914486312622,0.3061758548499651,1.1022883567625292,1.0,0.002816290436301796,1.0409498685089322,0.10300673025310712,0.08757812792394926,0.039338943927808366,0.20771912791059324,3,1
"frozenset({'LOCATION=RESIDENCE', 'CRIME=OTHER OFFENSE'})",frozenset({'ARREST=N'}),0.01689089871513307,0.845924049319522,0.01574956335275909,0.9324289736370617,1.1022608641841143,1.0,0.001461145915007813,2.2802073458660126,0.09436769643458079,0.018593090495220305,0.5614433916227015,0.4755235751258253,2,1
frozenset({'CRIME=ASSAULT'}),"frozenset({'ARREST=N', 'DOMESTIC=N', 'TIME=Afternoon'})",0.09008767530738236,0.219525481176613,0.021797776125339376,0.24196180055667532,1.102203713481497,1.0,0.0020212358554037857,1.0295978743505785,0.1019072913388704,0.0757352720281191,0.028747023559316767,0.17062838540969377,1,3
"frozenset({'CRIME=BATTERY', 'ARREST=N', 'DOMESTIC=N'})",frozenset({'TIME=Afternoon'}),0.07090545938748335,0.31149808912791604,0.024331194770608886,0.34314980793854033,1.101611277614055,1.0,0.002244279662670764,1.0481871196707555,0.09927813967985731,0.067950498038032,0.045971867776710966,0.2106300308220987,3,1
"frozenset({'LOCATION=STREET', 'CRIME=CRIMINAL DAMAGE', 'DOMESTIC=N'})",frozenset({'TIME=Evening'}),0.04170629636674909,0.2789830010202846,0.012814083386653293,0.3072457758888774,1.1013064407696218,1.0,0.0011787356648162387,1.0407976940232402,0.0959909397945647,0.0416210295728368,0.03919848617797696,0.17658859434911242,3,1
frozenset({'LOCATION=RESIDENCE - PORCH / HALLWAY'}),frozenset({'ARREST=N'}),0.011940788904836842,0.845924049319522,0.01112369654313729,0.9315713251267197,1.1012470042388487,1.0,0.0010226960406880866,2.2516284432776703,0.09304959146778913,0.013137068692624248,0.5558769907239619,0.4723605415682099,1,1
"frozenset({'LOCATION=RESIDENCE', 'ARREST=N'})",frozenset({'TIME=Morning'}),0.10464834765766856,0.21119027443927577,0.024331194770608886,0.23250433776749568,1.1009235078878996,1.0,0.002230481509169123,1.02777092350753,0.10238623014179439,0.08346680904075458,0.02702053820782806,0.1738570818827243,2,1
"frozenset({'DAY=Friday', 'DOMESTIC=N', 'LOCATION=APARTMENT'})",frozenset({'ARREST=N'}),0.015593926712435367,0.845924049319522,0.014521763190205268,0.9312448017743278,1.1008610081761352,1.0,0.0013304855608300813,2.240935298808406,0.09307146091428396,0.01714501549125395,0.5537577543931146,0.47420577382820206,3,1
"frozenset({'LOCATION=RESIDENCE', 'TIME=Evening', 'DOMESTIC=N'})",frozenset({'ARREST=N'}),0.014405035709962474,0.845924049319522,0.013410690507894237,0.9309723889555822,1.1005389782977264,1.0,0.0012251243695304646,2.232091598553706,0.0926895049999834,0.015834690325116516,0.55198971195987,0.4734128461190833,3,1
"frozenset({'CRIME=BATTERY', 'LOCATION=APARTMENT'})",frozenset({'TIME=Evening'}),0.0599330762446608,0.2789830010202846,0.018399709478271395,0.3070042559330592,1.1004407250990076,1.0,0.0016794000071583964,1.040434959597772,0.09709221582607452,0.05740645822655049,0.038863514941293226,0.1864785269065739,2,1
"frozenset({'LOCATION=RESIDENCE', 'ARREST=N', 'DOMESTIC=N'})",frozenset({'TIME=Afternoon'}),0.06330520345167483,0.31149808912791604,0.021689695125114566,0.3426210475995356,1.0999138022282986,1.0,0.0019702452180639027,1.0473440142218913,0.09697699595772627,0.06142412889639804,0.04520388103527261,0.20612565731445165,3,1
"frozenset({'LOCATION=STREET', 'DAY=Sunday', 'TIME=Night'})",frozenset({'DOMESTIC=N'}),0.012788143946599339,0.8082599823611808,0.01136579798364086,0.8887762001352265,1.099616731659574,1.0,0.001029652982930238,1.723911769530782,0.09176574334724542,0.014037354634089042,0.41992390928905704,0.45141912859288913,3,1
"frozenset({'LOCATION=STREET', 'CRIME=CRIMINAL DAMAGE', 'ARREST=N', 'DOMESTIC=N'})",frozenset({'TIME=Evening'}),0.040746537084752794,0.2789830010202846,0.012498486865996852,0.30673740053050397,1.0994841958424606,1.0,0.0011308956689081977,1.0400344682252551,0.09432606708800277,0.04068106662914234,0.038493405217205116,0.1757687870452492,4,1
frozenset({'LOCATION=RESIDENCE'}),"frozenset({'ARREST=N', 'TIME=Afternoon'})",0.11572448856070694,0.262424991785844,0.03338838258944784,0.28851613867304243,1.0994232550400174,1.0,0.003019384629483323,1.036671452868287,0.1022669868920475,0.09684498282045495,0.03537422851456327,0.20787316628714808,1,2
"frozenset({'ARREST=N', 'LOCATION=ALLEY'})",frozenset({'DOMESTIC=N'}),0.01436180330987255,0.8082599823611808,0.0127535580265274,0.8880192655027092,1.098680232700036,1.0,0.0011454871366150636,1.7122589747208523,0.09112579467041303,0.015747695231384355,0.41597619591216983,0.451899147452596,2,1
"frozenset({'ARREST=N', 'DAY=Wednesday'})","frozenset({'DOMESTIC=N', 'CRIME=THEFT'})",0.12038061805039169,0.2081812993930171,0.027530392377263214,0.2286945591668163,1.0985355545075788,1.0,0.002469398889798184,1.0265955076780482,0.10197273252576358,0.09145351926584423,0.025906510869311863,0.18046847408438418,2,2
"frozenset({'ARREST=N', 'DAY=Friday', 'CRIME=CRIMINAL DAMAGE'})",frozenset({'DOMESTIC=N'}),0.015252390751724973,0.8082599823611808,0.013540387708164006,0.8877551020408162,1.0983534028833213,1.0,0.0012124906282089416,1.7082292480549328,0.09093317508424632,0.016717106211269633,0.414598479016417,0.4522538086625397,3,1
"frozenset({'TIME=Evening', 'DOMESTIC=N', 'LOCATION=APARTMENT'})",frozenset({'ARREST=N'}),0.023501132688882355,0.845924049319522,0.021832362045411315,0.928991905813098,1.0981977714907116,1.0,0.0019521887176365653,2.1698364453344032,0.09156918103795934,0.025758078090331798,0.5391357712005407,0.477400398679768,3,1
"frozenset({'DAY=Tuesday', 'ARREST=N'})",frozenset({'TIME=Morning'}),0.11838760440624621,0.21119027443927577,0.027439604337074378,0.23177768039731234,1.0974827368954252,1.0,0.0024372936723108286,1.026798760505532,0.10075168737503178,0.09081803482765036,0.026099330790327214,0.18085301624778616,2,1
"frozenset({'DOMESTIC=N', 'CRIME=OTHER OFFENSE'})",frozenset({'TIME=Afternoon'}),0.042493126048385704,0.31149808912791604,0.014513116710187283,0.3415403398107641,1.0964444140474687,1.0,0.0012765891450434632,1.0456250435663959,0.09186467841427558,0.042751260761041215,0.04363422992507796,0.1940658452509658,2,1
"frozenset({'ARREST=N', 'DAY=Wednesday'})",frozenset({'CRIME=THEFT'}),0.12038061805039169,0.2199794213775572,0.029026233420374567,0.24112048841802838,1.0961047488355111,1.0,0.002544974716576689,1.0278582656638076,0.09967769773257211,0.09323187158052601,0.027103217043077797,0.18653512776540826,2,1
"frozenset({'ARREST=N', 'DOMESTIC=N', 'DAY=Tuesday'})",frozenset({'LOCATION=STREET'}),0.09726857696231864,0.2777638473377488,0.029583931381534576,0.3041468509711543,1.0949835764671163,1.0,0.002566237219413032,1.0379146141254463,0.09609092033563486,0.08563919654589826,0.036529608129078725,0.20532717262561045,3,1
"frozenset({'LOCATION=RESIDENCE', 'DOMESTIC=N'})",frozenset({'TIME=Afternoon'}),0.0670404828194442,0.31149808912791604,0.022865616407560484,0.34107177403753147,1.094940180828753,1.0,0.001982634115090729,1.0448814965642403,0.09293875747057496,0.06428831894979944,0.042953671504202824,0.2072385462093503,2,1
"frozenset({'DAY=Monday', 'ARREST=N'})",frozenset({'TIME=Morning'}),0.12075241669116503,0.21119027443927577,0.02790651425804555,0.2311052235866958,1.0942986091584737,1.0,0.002404778237832625,1.0259007470961348,0.09800726202059638,0.0917868213747405,0.02524683520257502,0.18162221261218106,2,1
"frozenset({'DOMESTIC=N', 'DAY=Thursday'})",frozenset({'TIME=Afternoon'}),0.11460909263838691,0.31149808912791604,0.03906479672125478,0.34085250848736326,1.094236274262963,1.0,0.003364283367712946,1.0445339165170509,0.09726843809398539,0.1009315729508746,0.04263520390563003,0.23313096750632528,2,1
"frozenset({'LOCATION=STREET', 'CRIME=CRIMINAL DAMAGE'})",frozenset({'TIME=Evening'}),0.04506545385373614,0.2789830010202846,0.013756549708613624,0.3052570990023024,1.0941781323088837,1.0,0.0011840541501571648,1.037818447578646,0.09013395702231237,0.04433422038928288,0.03644033083713325,0.1772833665658178,2,1
"frozenset({'DOMESTIC=N', 'DAY=Thursday'})","frozenset({'ARREST=N', 'TIME=Afternoon'})",0.11460909263838691,0.262424991785844,0.03289120998841372,0.2869860430026405,1.0935926530840476,1.0,0.0028149197942019984,1.0344468028651612,0.09666096285956885,0.09557428740122859,0.033299733509497095,0.20616085234430473,2,2
"frozenset({'DAY=Tuesday', 'ARREST=N', 'DOMESTIC=N'})",frozenset({'TIME=Morning'}),0.09726857696231864,0.21119027443927577,0.022450585366697216,0.23081025823369927,1.0929019285879327,1.0,0.0019084079037073286,1.025507339384649,0.09416401707900136,0.07849628151641573,0.024872897935527695,0.16855763679341054,3,1
"frozenset({'ARREST=N', 'TIME=Night', 'CRIME=CRIMINAL DAMAGE'})",frozenset({'DOMESTIC=N'}),0.030669064623791653,0.8082599823611808,0.027085098656337004,0.8831406822667043,1.092644324276421,1.0,0.0022965210244772494,1.6407764597464218,0.08747177325766425,0.03336244448467937,0.39053245549698606,0.4583255308293785,3,1
"frozenset({'ARREST=N', 'DOMESTIC=N', 'DAY=Thursday'})",frozenset({'TIME=Morning'}),0.09740692064260639,0.21119027443927577,0.02247652480675117,0.23074874617194088,1.0926106648830973,1.0,0.0019051305039543692,1.0254253361763603,0.09390821111170068,0.07855610286784925,0.024794917074281768,0.16858829324973706,3,1
"frozenset({'LOCATION=STREET', 'TIME=Evening', 'DAY=Friday'})","frozenset({'ARREST=N', 'DOMESTIC=N'})",0.014335863869818596,0.6856183097860861,0.01073892818233697,0.7490952955367913,1.092583562668433,1.0,0.0009099974265885259,1.2529924095544935,0.08597066207764226,0.015581385137466208,0.20191056835248192,0.3823792123788037,3,2
"frozenset({'ARREST=N', 'DAY=Thursday'})",frozenset({'TIME=Morning'}),0.1186253826067408,0.21119027443927577,0.027366109256921508,0.23069353839425635,1.092349252382777,1.0,0.0023135821487398275,1.0253517485272023,0.09592047682758706,0.09048156777541132,0.024724928361040073,0.18013694319917528,2,1
"frozenset({'LOCATION=RESIDENCE', 'TIME=Afternoon'})",frozenset({'ARREST=N'}),0.03618119563525689,0.845924049319522,0.03338838258944784,0.9228103716095114,1.0908903374384948,1.0,0.0027818390684495146,1.9960706366020464,0.08644526809450725,0.0393398364872781,0.4990157253641478,0.4811400441624925,2,1
"frozenset({'CRIME=BATTERY', 'ARREST=N', 'DOMESTIC=Y', 'LOCATION=APARTMENT'})",frozenset({'TIME=Evening'}),0.03851142200010376,0.2789830010202846,0.011707333944351254,0.30399640772339465,1.0896592502469042,1.0,0.0009633018612036949,1.0359386172437588,0.08557763169080683,0.03828590010038031,0.03469184046770823,0.17298036747298492,4,1
"frozenset({'CRIME=CRIMINAL DAMAGE', 'DAY=Friday'})",frozenset({'DOMESTIC=N'}),0.015909523233091808,0.8082599823611808,0.014011620869144172,0.8807065217391306,1.0896327183814183,1.0,0.0011525899013905914,1.6072967310042263,0.08358943765012121,0.017294926252428015,0.3778373459546528,0.44902102939387833,2,1
"frozenset({'DAY=Monday', 'ARREST=N', 'DOMESTIC=N'})",frozenset({'TIME=Morning'}),0.0981375482041261,0.21119027443927577,0.022580282566966987,0.23008810572687224,1.08948248842316,1.0,0.0018545868289399428,1.0245454466000137,0.09107045218740425,0.07874621194988467,0.02395740148127989,0.16850362297602567,3,1
"frozenset({'DOMESTIC=N', 'DAY=Thursday'})","frozenset({'LOCATION=STREET', 'ARREST=N'})",0.11460909263838691,0.2337446175661888,0.02918619330070728,0.2546586193889098,1.0894737258144516,1.0,0.0023969347723396296,1.0280596279326044,0.0927563613234893,0.09144474846260124,0.027293774767745346,0.18976110727893342,2,2
"frozenset({'DOMESTIC=N', 'LOCATION=APARTMENT', 'CRIME=ASSAULT'})",frozenset({'ARREST=N'}),0.011672748024279317,0.845924049319522,0.01075622114237294,0.9214814814814815,1.0893194042925476,1.0,0.0008819628669881289,1.9622880511192942,0.08296402378674057,0.012701589230195884,0.49039082237207865,0.4670984162028732,3,1
frozenset({'CRIME=BATTERY'}),frozenset({'TIME=Evening'}),0.18293790098051083,0.2789830010202846,0.05559254327563249,0.30388751033912326,1.0892689132590836,1.0,0.004555978659737912,1.0357765586578849,0.1003021108860027,0.13681679381191017,0.034540807434609855,0.25157803946703106,1,1
"frozenset({'DAY=Tuesday', 'DOMESTIC=N'})","frozenset({'ARREST=N', 'TIME=Afternoon'})",0.11460476939837792,0.262424991785844,0.03274854306811697,0.28575200875174467,1.0888902265258984,1.0,0.002673387400129096,1.032659548576585,0.09220038509302603,0.09512149180636653,0.0316266368926747,0.20527201103144638,2,2
"frozenset({'CRIME=BATTERY', 'DOMESTIC=N'})","frozenset({'ARREST=N', 'TIME=Afternoon'})",0.08516350493714009,0.262424991785844,0.024331194770608886,0.28569978171480787,1.0886912095169565,1.0,0.001982162687026213,1.0325840442620042,0.08904968344161776,0.07526881720430108,0.031555827773120534,0.1892082704557631,2,2
"frozenset({'LOCATION=STREET', 'ARREST=N', 'CRIME=CRIMINAL DAMAGE'})",frozenset({'TIME=Evening'}),0.043850623411209294,0.2789830010202846,0.013315579227696404,0.3036576949620428,1.088445152039798,1.0,0.0010820007118268853,1.0354347190501563,0.08498489404249819,0.04302036483504205,0.03422206962758777,0.1756933467139482,3,1
"frozenset({'DAY=Tuesday', 'DOMESTIC=N'})",frozenset({'TIME=Afternoon'}),0.11460476939837792,0.31149808912791604,0.03885295796081415,0.33901693764381907,1.0883435548286862,1.0,0.0031537912882739563,1.0416332128357535,0.09167938319902641,0.10033045303324624,0.039969167959238563,0.23187314988558577,2,1
"frozenset({'ARREST=N', 'LOCATION=SIDEWALK', 'TIME=Afternoon'})",frozenset({'DOMESTIC=N'}),0.012424991785843983,0.8082599823611808,0.010924827502723642,0.8792623521224774,1.0878459546566643,1.0,0.0008822038610595672,1.588071500558981,0.08176816934450531,0.013491436381497458,0.37030543042425185,0.446389414586675,3,1
"frozenset({'CRIME=BATTERY', 'DOMESTIC=Y', 'LOCATION=APARTMENT'})",frozenset({'TIME=Evening'}),0.05011932142424819,0.2789830010202846,0.015204835111626057,0.3033727249202105,1.0874236918046218,1.0,0.0012223964115890534,1.0350111526958694,0.084637202000982,0.04843885575770932,0.03382683616952012,0.17893683122705448,3,1
"frozenset({'LOCATION=STREET', 'TIME=Afternoon'})","frozenset({'ARREST=N', 'DOMESTIC=N'})",0.06873086966296021,0.6856183097860861,0.051221747626541234,0.7452509749654044,1.0869764770400077,1.0,0.00409860493809467,1.2340839780298276,0.08592241195370053,0.07284845578243841,0.18968237348282785,0.4099799067677724,2,2
"frozenset({'DOMESTIC=N', 'DAY=Thursday'})",frozenset({'LOCATION=STREET'}),0.11460909263838691,0.2777638473377488,0.03459888979196569,0.301886080724255,1.0868443954017335,1.0,0.0027646272808388786,1.0345534342182026,0.09024837031048367,0.09670597902266904,0.033399371241094336,0.21322416536018193,2,1
"frozenset({'ARREST=N', 'DOMESTIC=Y', 'LOCATION=APARTMENT'})",frozenset({'TIME=Morning'}),0.07718712712054922,0.21119027443927577,0.017707991076832623,0.22941637728240175,1.086301809548368,1.0,0.0014068205170645678,1.0236523361070775,0.08609060401333558,0.06542294914387939,0.023105829267216476,0.15663244657364714,3,1
"frozenset({'LOCATION=STREET', 'DAY=Sunday'})","frozenset({'ARREST=N', 'DOMESTIC=N'})",0.0418705794870908,0.6856183097860861,0.03117920694485275,0.744656685596283,1.0861096837227362,1.0,0.0024719710071495864,1.2312117548409853,0.08274735724214792,0.04477778743589425,0.18779203003211017,0.3950663637201474,2,2
"frozenset({'ARREST=N', 'DOMESTIC=N', 'CRIME=OTHER OFFENSE'})",frozenset({'TIME=Afternoon'}),0.03382502983035606,0.31149808912791604,0.011434969823784738,0.3380623721881391,1.0852791204420984,1.0,0.0008985376669340666,1.0401310968648745,0.08132900934805973,0.034247905633748105,0.03858272960575475,0.18738598540567783,3,1
frozenset({'LOCATION=SIDEWALK'}),frozenset({'DOMESTIC=N'}),0.049336814982620575,0.8082599823611808,0.043271309250004324,0.8770592358920435,1.0851202026975015,1.0,0.0033943360423945787,1.5596130301455489,0.08251409181222112,0.05313760883414738,0.3588153082392007,0.4652978052832169,1,1
frozenset({'LOCATION=PARKING LOT / GARAGE (NON RESIDENTIAL)'}),"frozenset({'ARREST=N', 'TIME=Afternoon'})",0.0358915385546544,0.262424991785844,0.01022013938125789,0.28475066249096603,1.0850744837722668,1.0,0.0008013026708714056,1.0312138292680908,0.08132309097083615,0.035474722009633995,0.030269017329068372,0.16184782757997504,1,2
frozenset({'LOCATION=RESIDENCE'}),frozenset({'TIME=Morning'}),0.11572448856070694,0.21119027443927577,0.026518754215159007,0.22915421398684996,1.0850604489021554,1.0,0.0020788677166784786,1.0233041937486413,0.08865151029249331,0.08827931610154857,0.022773476245877357,0.1773611397467515,1,1
frozenset({'LOCATION=SMALL RETAIL STORE'}),"frozenset({'ARREST=N', 'DOMESTIC=N'})",0.03441299047157902,0.6856183097860861,0.02559790409324364,0.7438442211055275,1.0849246738139302,1.0,0.002003727731434944,1.2273066474265588,0.08106677325077831,0.03686156834424883,0.18520770493925054,0.3905898617839336,1,2
"frozenset({'LOCATION=STREET', 'TIME=Evening'})","frozenset({'ARREST=N', 'DOMESTIC=N'})",0.09278537707299359,0.6856183097860861,0.06900323378352673,0.7436865157021713,1.0846946545727498,1.0,0.005387880381876209,1.2265515061572478,0.08606735556119399,0.097269790968371,0.1847060682082789,0.4221651591178822,2,2
"frozenset({'LOCATION=RESIDENCE', 'TIME=Morning'})",frozenset({'ARREST=N'}),0.026518754215159007,0.845924049319522,0.024331194770608886,0.9175089664166939,1.0846233384128943,1.0,0.0018983428220124346,1.8677902795929888,0.0801463262629613,0.028688670829616413,0.4646079857435009,0.47313591307204533,2,1
"frozenset({'LOCATION=RESIDENCE', 'DAY=Tuesday'})",frozenset({'ARREST=N'}),0.015926816193127778,0.845924049319522,0.014608227990385114,0.9172095548317046,1.0842693922338844,1.0,0.0011353511435267302,1.8610354173996084,0.07897784258931728,0.017242083133476888,0.4626647130674804,0.46723925707282404,2,1
"frozenset({'ARREST=N', 'DOMESTIC=N', 'LOCATION=APARTMENT'})",frozenset({'TIME=Afternoon'}),0.09643419164058312,0.31149808912791604,0.03256696698773929,0.3377118264144176,1.0841537659505094,1.0,0.0025279005651023916,1.0395805607468156,0.08590587872184138,0.08676072559746616,0.03807358683042462,0.22113065922397446,3,1
"frozenset({'CRIME=CRIMINAL DAMAGE', 'TIME=Night'})",frozenset({'DOMESTIC=N'}),0.032143289466858044,0.8082599823611808,0.02816590865858509,0.8762609280430396,1.0841325157323844,1.0,0.0021857740810720776,1.549551120809369,0.08018081008330143,0.03467694289348882,0.35465181718065864,0.4555542566583293,2,1
"frozenset({'ARREST=N', 'DOMESTIC=N', 'DAY=Thursday'})",frozenset({'TIME=Afternoon'}),0.09740692064260639,0.31149808912791604,0.03289120998841372,0.33766810172651013,1.0840133969099484,1.0,0.0025491403404072667,1.0395119315056573,0.08586613128492289,0.08747341189997125,0.03801007983470387,0.22162925432741984,3,1
"frozenset({'DAY=Monday', 'ARREST=N'})",frozenset({'LOCATION=APARTMENT'}),0.12075241669116503,0.19613675272796444,0.025641136493333563,0.2123447065984032,1.0826359855815433,1.0,0.0019571495994744025,1.0205774708888737,0.08681116200037067,0.08803883149269683,0.020162576066814306,0.17153780912709793,2,1
"frozenset({'CRIME=THEFT', 'DAY=Saturday'})",frozenset({'ARREST=N'}),0.03178878378612067,0.845924049319522,0.029104051740536426,0.9155446756425948,1.0823012732396922,1.0,0.0022131550372384637,1.8243485754485564,0.07853952588116621,0.034296194406235665,0.4518591384027979,0.47497485840452724,2,1
"frozenset({'ARREST=N', 'DAY=Thursday', 'CRIME=CRIMINAL DAMAGE'})",frozenset({'DOMESTIC=N'}),0.014141318069413942,0.8082599823611808,0.012368789665727083,0.874656068480587,1.082146942281421,1.0,0.0009389281723787227,1.5297112138940916,0.07699996016485587,0.015269497830461073,0.3462818400511286,0.4449795262946161,3,1
"frozenset({'ARREST=N', 'DAY=Wednesday', 'CRIME=CRIMINAL DAMAGE'})",frozenset({'DOMESTIC=N'}),0.014314247669773635,0.8082599823611808,0.012511456586023829,0.8740561763817578,1.0814047403761915,1.0,0.0009418230169390175,1.5224249362161404,0.07637002758971903,0.0154450457374022,0.3431531655771376,0.4447678358333849,3,1
"frozenset({'DAY=Sunday', 'CRIME=THEFT'})",frozenset({'ARREST=N'}),0.028753869299808048,0.845924049319522,0.026302592214709392,0.9147496617050068,1.081361456079715,1.0,0.0019790026630114796,1.8073353579821159,0.07746731881840759,0.031003485598972667,0.4466992550201105,0.4729214938394865,2,1
"frozenset({'TIME=Evening', 'CRIME=THEFT'})","frozenset({'LOCATION=STREET', 'ARREST=N'})",0.05341795355110934,0.2337446175661888,0.013501478548083076,0.25275169957915183,1.081315592251363,1.0,0.0010153194241105858,1.0254360993558076,0.07944436553099278,0.049336492890995266,0.024805153019078274,0.15525668283006272,2,2
frozenset({'CRIME=THEFT'}),frozenset({'TIME=Morning'}),0.2199794213775572,0.21119027443927577,0.050227402424472996,0.22832773224849165,1.081147002885038,1.0,0.003769888052753606,1.0222082074546373,0.09622361635236404,0.1318504227430063,0.021725718197799535,0.2330789121836112,1,1
frozenset({'TIME=Morning'}),frozenset({'CRIME=THEFT'}),0.21119027443927577,0.2199794213775572,0.050227402424472996,0.2378300921187308,1.0811470028850378,1.0,0.003769888052753606,1.023420854794433,0.09515146488712625,0.1318504227430063,0.022884871541080144,0.2330789121836112,1,1
"frozenset({'TIME=Evening', 'CRIME=THEFT'})",frozenset({'ARREST=N'}),0.05341795355110934,0.845924049319522,0.04885261210161344,0.9145354483651668,1.0811082260881897,1.0,0.003665080527296881,1.802805347166654,0.0792569705341326,0.05744058965561063,0.4453089449886358,0.48614301868503396,2,1
"frozenset({'DAY=Thursday', 'CRIME=THEFT'})",frozenset({'ARREST=N'}),0.03160720770574299,0.845924049319522,0.02890085946011379,0.9143755984133498,1.080919261190046,1.0,0.0021635623299884783,1.7994397371005995,0.07730491462099505,0.03405588527471408,0.4442714699569325,0.4742702190074609,2,1
"frozenset({'DAY=Tuesday', 'ARREST=N', 'DOMESTIC=N'})",frozenset({'TIME=Afternoon'}),0.09726857696231864,0.31149808912791604,0.03274854306811697,0.3366816302946798,1.0808465350052987,1.0,0.002449567212163075,1.0379659938830754,0.08285883381953402,0.08709299116997792,0.03657730032276202,0.22090701733464907,3,1
"frozenset({'ARREST=N', 'DAY=Tuesday', 'CRIME=CRIMINAL DAMAGE'})",frozenset({'DOMESTIC=N'}),0.014733601950645893,0.8082599823611808,0.012870285506770194,0.8735328638497653,1.0807572846770193,1.0,0.0009617046540244863,1.5161252438818928,0.07584026903348368,0.015886823062309218,0.34042388382136807,0.44472815574372865,3,1
"frozenset({'DOMESTIC=N', 'CRIME=THEFT'})",frozenset({'TIME=Morning'}),0.2081812993930171,0.21119027443927577,0.04749511473878984,0.2281430410765461,1.0802724778983361,1.0,0.0035292489868535212,1.0219636118341346,0.09384423602833851,0.12771745448627034,0.021491579132368682,0.22651778461196803,2,1
frozenset({'TIME=Morning'}),"frozenset({'DOMESTIC=N', 'CRIME=THEFT'})",0.21119027443927577,0.2081812993930171,0.04749511473878984,0.22489252814738997,1.0802724778983361,1.0,0.0035292489868535212,1.0215598860302957,0.09420221204624796,0.12771745448627034,0.02110486749247343,0.22651778461196803,1,2
"frozenset({'ARREST=N', 'DAY=Tuesday'})",frozenset({'CRIME=THEFT'}),0.11838760440624621,0.2199794213775572,0.02813132273851315,0.2376205083260298,1.0801942601630663,1.0,0.0020884860229519672,1.023139508789432,0.08421001255505298,0.09067725752508361,0.022616181459760576,0.18275105954005633,2,1
"frozenset({'CRIME=BATTERY', 'DOMESTIC=N'})",frozenset({'TIME=Afternoon'}),0.08516350493714009,0.31149808912791604,0.028654434779601223,0.3364637798873039,1.0801471714618953,1.0,0.0021261657282462404,1.0376252117105946,0.0811076439237163,0.07786379709361746,0.03626088811832828,0.21422644942846847,2,1
"frozenset({'DAY=Friday', 'CRIME=THEFT'})",frozenset({'ARREST=N'}),0.03342729174952877,0.845924049319522,0.0305307209435039,0.9133471288153129,1.0797034669365735,1.0,0.002253770948957474,1.7780824636738122,0.07637270772790303,0.035968401591125555,0.4375963880022557,0.4747193458037897,2,1
"frozenset({'ARREST=N', 'DAY=Wednesday', 'DOMESTIC=N'})",frozenset({'TIME=Morning'}),0.09912324692617636,0.21119027443927577,0.02260189876701195,0.22801814375436147,1.079681080768349,1.0,0.001668033045360666,1.0217982704890556,0.08192083014720689,0.07855747558226898,0.021333242694394565,0.16751981906244173,3,1
"frozenset({'DAY=Monday', 'LOCATION=RESIDENCE'})",frozenset({'ARREST=N'}),0.01644560499420686,0.845924049319522,0.015018935791239387,0.913249211356467,1.0795877148676676,1.0,0.0011072030210305672,1.7760755042076934,0.07495312045074339,0.01772458022745014,0.4369608737742827,0.46550184223588953,2,1
"frozenset({'DOMESTIC=N', 'CRIME=THEFT', 'DAY=Saturday'})",frozenset({'ARREST=N'}),0.02993843706227195,0.845924049319522,0.027327200096840577,0.9127797833935019,1.0790327856593744,1.0,0.002001556186825834,1.7665164875203816,0.07550458978285063,0.03220514283676308,0.43391414285429236,0.4725421692675465,3,1
"frozenset({'ARREST=N', 'DOMESTIC=N', 'DAY=Thursday'})",frozenset({'LOCATION=STREET'}),0.09740692064260639,0.2777638473377488,0.02918619330070728,0.29963161865873683,1.0787279249282495,1.0,0.0021300722656941475,1.0312232418018492,0.08085835170640573,0.08435692061627659,0.030277868589630635,0.20235359201859315,3,1
"frozenset({'DOMESTIC=N', 'DAY=Thursday', 'CRIME=THEFT'})",frozenset({'ARREST=N'}),0.030037871582478774,0.845924049319522,0.02738772545696647,0.9117731721358664,1.077842831007482,1.0,0.0019779674949762273,1.7463616726394133,0.07445749256008816,0.03227499210319846,0.4273809282079459,0.4720746383398823,3,1
"frozenset({'TIME=Evening', 'DOMESTIC=N', 'CRIME=THEFT'})",frozenset({'ARREST=N'}),0.0501106749442302,0.845924049319522,0.045688000415031044,0.9117418686912261,1.0778058259776977,1.0,0.0032981753520735166,1.7457422720795923,0.07599737358451923,0.05372867223883026,0.42717775928702045,0.482875723044896,3,1
"frozenset({'ARREST=N', 'TIME=Evening', 'CRIME=CRIMINAL DAMAGE'})",frozenset({'DOMESTIC=N'}),0.03098898438445709,0.8082599823611808,0.026994310616148168,0.87109375,1.0777395504046385,1.0,0.001947154644175976,1.487437712592052,0.07443882166855202,0.03323380224716709,0.3277029407454171,0.45224590204900056,3,1
"frozenset({'CRIME=CRIMINAL DAMAGE', 'DOMESTIC=Y'})",frozenset({'ARREST=N'}),0.015213481591644042,0.845924049319522,0.013864630708838432,0.9113384484228474,1.0773289270543212,1.0,0.0009951807565868973,1.7377989437326984,0.07288725064976825,0.016363831187717177,0.42455943847447974,0.463864186111367,2,1
"frozenset({'DOMESTIC=N', 'CRIME=ROBBERY'})",frozenset({'ARREST=N'}),0.020120359001850347,0.845924049319522,0.018330537638127517,0.9110442629995702,1.076981158926067,1.0,0.001310242077519775,1.7320518706931014,0.07294635651947912,0.021623496172539176,0.42265008518489805,0.46635675527769577,2,1
"frozenset({'ARREST=N', 'DAY=Tuesday'})","frozenset({'DOMESTIC=N', 'CRIME=THEFT'})",0.11838760440624621,0.2081812993930171,0.026536047175194977,0.22414548641542506,1.076684058889794,1.0,0.001889961857876165,1.020576263645939,0.0807865610255622,0.08844380403458214,0.02016141701398353,0.17580576642489076,2,2
frozenset({'CRIME=ROBBERY'}),frozenset({'ARREST=N'}),0.020933128123540905,0.845924049319522,0.019065488439656216,0.9107806691449815,1.0766695542911109,1.0,0.0013576519324661265,1.7269346138770247,0.07273243881993739,0.022488411583826702,0.42093928052379054,0.46665936543583647,1,1
frozenset({'ARREST=N'}),frozenset({'CRIME=THEFT'}),0.845924049319522,0.2199794213775572,0.20035191173673197,0.23684385365080826,1.0766636813918433,1.0,0.014266028838063355,1.022098272226369,0.46214126704903624,0.2314731105994236,0.0216204966066851,0.57380977738453,1,1
frozenset({'CRIME=THEFT'}),frozenset({'ARREST=N'}),0.2199794213775572,0.845924049319522,0.20035191173673197,0.9107757011182517,1.076663681391843,1.0,0.014266028838063355,1.726838457813824,0.09128586734854152,0.2314731105994236,0.42090703651226347,0.57380977738453,1,1
"frozenset({'DOMESTIC=N', 'CRIME=THEFT', 'DAY=Sunday'})",frozenset({'ARREST=N'}),0.026812734535770488,0.845924049319522,0.024417659570788734,0.9106739761367302,1.0765434283010327,1.0,0.001736122598960367,1.7248719244049193,0.07306004550478191,0.0287835778680379,0.42024681029868355,0.46976952464799704,3,1
"frozenset({'LOCATION=PARKING LOT / GARAGE (NON RESIDENTIAL)', 'TIME=Afternoon'})",frozenset({'ARREST=N'}),0.011223131063344112,0.845924049319522,0.01022013938125789,0.9106317411402157,1.076493500654989,1.0,0.0007262229061101248,1.7240567584763828,0.07186456915291509,0.012067319717612466,0.4199726922658048,0.4613566843934524,2,1
"frozenset({'DAY=Friday', 'DOMESTIC=N', 'CRIME=THEFT'})",frozenset({'ARREST=N'}),0.031927127466408425,0.845924049319522,0.02907378906047348,0.9106296547054841,1.0764910341986524,1.0,0.0020658641109487334,1.7240165087504993,0.07339932488409988,0.0342537271620596,0.41995915066685674,0.47249946058539516,3,1
"frozenset({'LOCATION=RESIDENCE', 'DOMESTIC=Y'})","frozenset({'ARREST=N', 'TIME=Evening'})",0.048684005741262734,0.22744133363307797,0.01191917270479188,0.24482727999289583,1.0764414545153254,1.0,0.0008464175123986586,1.0230224767118896,0.07464723560829806,0.04511315104805852,0.02250437036915007,0.14861638097232657,2,2
"frozenset({'DAY=Wednesday', 'DOMESTIC=N'})",frozenset({'TIME=Afternoon'}),0.11642917668217269,0.31149808912791604,0.03903453404119183,0.33526419368014554,1.0762961487782032,1.0,0.002767067985958521,1.0357527070548593,0.08022864618349083,0.1003735242457256,0.03451857457029625,0.2302882340742925,2,1
frozenset({'LOCATION=APARTMENT'}),frozenset({'TIME=Night'}),0.19613675272796444,0.19832863541252357,0.04186193300707282,0.21343237524246164,1.0761551139527699,1.0,0.0029623984842920698,1.019202086832132,0.08803229526689829,0.11872241294752327,0.018840313496428975,0.21225297236237523,1,1
frozenset({'TIME=Night'}),frozenset({'LOCATION=APARTMENT'}),0.19832863541252357,0.19613675272796444,0.04186193300707282,0.2110735694822888,1.0761551139527699,1.0,0.0029623984842920698,1.0189330920812507,0.0882729879898781,0.11872241294752327,0.018581290791703033,0.21225297236237523,1,1
"frozenset({'CRIME=CRIMINAL DAMAGE', 'DAY=Wednesday'})",frozenset({'DOMESTIC=N'}),0.015105400591419233,0.8082599823611808,0.013138326387327719,0.8697767601602748,1.0761101367648862,1.0,0.0009292355717486402,1.4723947728132631,0.07181183492801246,0.016215610526540455,0.32083431803460677,0.4430159174282977,2,1
"frozenset({'ARREST=N', 'CRIME=CRIMINAL DAMAGE'})",frozenset({'DOMESTIC=N'}),0.10640358310131945,0.8082599823611808,0.09253895239248103,0.8696977084349099,1.0760123319408321,1.0,0.006537194191842136,1.4715015011308457,0.0790542802175865,0.1125607370480217,0.3204220320322458,0.49209463800731035,2,1
"frozenset({'TIME=Evening', 'LOCATION=SIDEWALK'})",frozenset({'DOMESTIC=N'}),0.014521763190205268,0.8082599823611808,0.012628184066266623,0.8696040488240547,1.0758964538658324,1.0,0.0008908240062980681,1.4704445644949622,0.0715820234683178,0.015587395608207263,0.31993356013155166,0.44261398117213796,2,1
"frozenset({'DAY=Tuesday', 'DOMESTIC=N'})",frozenset({'TIME=Morning'}),0.11460476939837792,0.21119027443927577,0.026034551334151865,0.22716813157795465,1.0756562165615873,1.0,0.0018311386328585186,1.0206744284126148,0.0794390331008448,0.08685117613972339,0.020255654337072288,0.1752217321144635,2,1
"frozenset({'TIME=Afternoon', 'LOCATION=APARTMENT'})",frozenset({'ARREST=N'}),0.057343455479274386,0.845924049319522,0.05217286042851955,0.9098311218335343,1.075547057168336,1.0,0.0036646523675180273,1.7087486704229584,0.07451344596077214,0.06130089147385264,0.41477642832490125,0.48575335331106567,2,1
"frozenset({'DAY=Monday', 'CRIME=THEFT'})",frozenset({'ARREST=N'}),0.031170560464834764,0.845924049319522,0.028356131218980753,0.9097087378640777,1.0754023822775405,1.0,0.001988204491008727,1.706432572052606,0.072371361999319,0.03340973920130399,0.4139821189669766,0.4716148164224436,2,1
"frozenset({'CRIME=BATTERY', 'ARREST=N'})",frozenset({'TIME=Evening'}),0.14763432306707938,0.2789830010202846,0.044291593892126516,0.30000878503030837,1.0753658249181102,1.0,0.003104127389274479,1.0300372112683358,0.08222280213715492,0.11584779781760617,0.029161287514408902,0.2293848453207825,2,1
"frozenset({'CRIME=BATTERY', 'DOMESTIC=Y'})","frozenset({'ARREST=N', 'TIME=Evening'})",0.09777439604337074,0.22744133363307797,0.02391184048973663,0.24456137247966045,1.0752723287940333,1.0,0.0016739014584636475,1.0226623821219964,0.07758928238907067,0.07936120756449622,0.02216017966259072,0.1748477375048229,2,2
"frozenset({'DAY=Wednesday', 'DOMESTIC=N'})","frozenset({'ARREST=N', 'TIME=Afternoon'})",0.11642917668217269,0.262424991785844,0.032852300828332785,0.28216553414280937,1.0752235609216478,1.0,0.0022983750938810367,1.0275001317098817,0.0791796812970021,0.09494833381230243,0.026764115021686956,0.2036764640450954,2,2
"frozenset({'DAY=Wednesday', 'CRIME=THEFT'})",frozenset({'ARREST=N'}),0.03191848098639044,0.845924049319522,0.029026233420374567,0.9093864282811865,1.0750213674770388,1.0,0.0020256227362389946,1.7003628458504771,0.0720868336984479,0.03419613116156832,0.4118902312877661,0.47184973867948293,2,1
"frozenset({'DOMESTIC=Y', 'CRIME=OTHER OFFENSE', 'LOCATION=APARTMENT'})",frozenset({'ARREST=N'}),0.01153440434399156,0.845924049319522,0.010488180261815415,0.9092953523238381,1.0749137030154103,1.0,0.0007309502326573892,1.6986555223781619,0.07050600504102691,0.012383173992272,0.41129912049502887,0.46084692080465756,3,1
"frozenset({'ARREST=N', 'TIME=Afternoon', 'CRIME=CRIMINAL DAMAGE'})",frozenset({'DOMESTIC=N'}),0.024032891209988413,0.8082599823611808,0.020876926003424005,0.8686814175211369,1.0747549507318748,1.0,0.0014521017779505936,1.460113367197529,0.07126812344647,0.025729006271078977,0.3151216731072385,0.44725544316473625,3,1
"frozenset({'ARREST=N', 'DAY=Saturday'})",frozenset({'CRIME=THEFT'}),0.12310425925605686,0.2199794213775572,0.029104051740536426,0.23641791044776117,1.0747273948047626,1.0,0.002023648020276249,1.02152812290273,0.0792927649541218,0.09269407650152837,0.021074429983930956,0.18436071514369662,2,1
frozenset({'DAY=Tuesday'}),frozenset({'TIME=Morning'}),0.13968820793055148,0.21119027443927577,0.03170231898594082,0.22695057410788894,1.0746260674666852,1.0,0.0022015280171570374,1.0203871824242359,0.08071928560267849,0.09932545917538062,0.019979849585918814,0.18853158183388305,1,1
"frozenset({'LOCATION=RESIDENCE', 'DOMESTIC=Y'})",frozenset({'TIME=Evening'}),0.048684005741262734,0.2789830010202846,0.014595258270358137,0.299795755261522,1.0746022308352907,1.0,0.001013248246971894,1.0297238332924001,0.07297586947010917,0.046619531595227574,0.028865830168621227,0.17605584821854053,2,1
"frozenset({'LOCATION=STREET', 'ARREST=N', 'DAY=Saturday'})",frozenset({'TIME=Evening'}),0.035359780033548345,0.2789830010202846,0.010600584502049216,0.2997921506296613,1.0745893102206026,1.0,0.0007358069528727584,1.0297185323302063,0.07195628104933807,0.034899940220330786,0.028860830797086543,0.16889469613273211,3,1
"frozenset({'CRIME=CRIMINAL DAMAGE', 'DAY=Thursday'})",frozenset({'DOMESTIC=N'}),0.014871945630933647,0.8082599823611808,0.012913517906860118,0.8683139534883721,1.0743003147969232,1.0,0.0008931193935252484,1.456038986043131,0.07020568219183321,0.015938317058854918,0.31320520289257014,0.44214544468066347,2,1
"frozenset({'DAY=Monday', 'ARREST=N', 'CRIME=CRIMINAL DAMAGE'})",frozenset({'DOMESTIC=N'}),0.015425320352084666,0.8082599823611808,0.013393397547858267,0.8682735426008968,1.074250317409502,1.0,0.0009257283921667511,1.4555923041176742,0.07020113940766828,0.016529101997044184,0.31299444413718386,0.4424220989426335,3,1
"frozenset({'ARREST=N', 'DAY=Wednesday'})",frozenset({'TIME=Morning'}),0.12038061805039169,0.21119027443927577,0.027292614176768638,0.2267193391991381,1.0735311547896464,1.0,0.0018693984135367825,1.0200820549989953,0.07786852418160323,0.08969622914949847,0.01968670549646622,0.17797584155453322,2,1
"frozenset({'LOCATION=SMALL RETAIL STORE', 'TIME=Afternoon'})","frozenset({'ARREST=N', 'DOMESTIC=N'})",0.015991664793262663,0.6856183097860861,0.011763536064468155,0.7356042173560421,1.0729063195315651,1.0,0.0007993578782457475,1.189057128937901,0.06905650492144824,0.017052398052228843,0.15899751520498615,0.37638088778628204,2,2
"frozenset({'DOMESTIC=N', 'CRIME=THEFT'})",frozenset({'ARREST=N'}),0.2081812993930171,0.845924049319522,0.1889428813530012,0.9075881546704323,1.0728955577046357,1.0,0.012837313577860415,1.667274905408479,0.0858060403935515,0.21839005791554025,0.40021888606606115,0.5654724729931896,2,1
frozenset({'ARREST=N'}),"frozenset({'DOMESTIC=N', 'CRIME=THEFT'})",0.845924049319522,0.2081812993930171,0.1889428813530012,0.22335679131594682,1.0728955577046357,1.0,0.012837313577860415,1.0195398501567319,0.4409697107730444,0.21839005791554025,0.01916536185783017,0.5654724729931896,1,2
frozenset({'TIME=Morning'}),"frozenset({'ARREST=N', 'CRIME=THEFT'})",0.21119027443927577,0.20035191173673197,0.04539402009441956,0.21494370522006143,1.0728308173195946,1.0,0.003081644870305579,1.0185869390263533,0.08606205002690769,0.12397718819737169,0.01824776885920022,0.22075756997834955,1,2
"frozenset({'ARREST=N', 'CRIME=THEFT'})",frozenset({'TIME=Morning'}),0.20035191173673197,0.21119027443927577,0.04539402009441956,0.22657143473663768,1.0728308173195944,1.0,0.003081644870305579,1.0198869824417778,0.0848955722639933,0.12397718819737169,0.019499202150972773,0.22075756997834955,2,1
frozenset({'DAY=Saturday'}),frozenset({'DOMESTIC=Y'}),0.14584882494336557,0.19174001763881923,0.029990315942379858,0.20562603746739389,1.072421083504497,1.0,0.0020252596751378846,1.0174804569176759,0.07906147854209138,0.09749824314827829,0.01718014021677683,0.18101869617050784,1,1
"frozenset({'LOCATION=RESIDENCE', 'DAY=Friday'})",frozenset({'ARREST=N'}),0.017236757915852455,0.845924049319522,0.0156328358725163,0.90694757963381,1.0721383088273426,1.0,0.0010518478191980669,1.655797345992093,0.06846462570199667,0.01844521526219139,0.39606135834162925,0.4627138840576892,2,1
"frozenset({'DAY=Friday', 'DOMESTIC=N'})",frozenset({'TIME=Afternoon'}),0.1210550434917945,0.31149808912791604,0.040426617324087366,0.333952358844327,1.0720847751563258,1.0,0.002718202597096611,1.0337127081141675,0.0764984685844415,0.10309585235165708,0.032613227881923355,0.23186681396388337,2,1
"frozenset({'DOMESTIC=N', 'LOCATION=APARTMENT'})",frozenset({'TIME=Afternoon'}),0.10277638473377489,0.31149808912791604,0.03431787919138119,0.33390821520212005,1.0719430611498915,1.0,0.0023032317393347906,1.0336442012732587,0.07480256664020266,0.09032052521988462,0.03254911238491473,0.22203932383378083,2,1
"frozenset({'DAY=Monday', 'DOMESTIC=N', 'CRIME=THEFT'})",frozenset({'ARREST=N'}),0.029415325021183877,0.845924049319522,0.02667006761547374,0.9066725455614344,1.0718131802621993,1.0,0.001786936761504019,1.6509177455590103,0.06903218770895643,0.03142574781970821,0.3942763031713647,0.4691001393104179,3,1
"frozenset({'DAY=Wednesday', 'DOMESTIC=N', 'CRIME=THEFT'})",frozenset({'ARREST=N'}),0.030370761063171183,0.845924049319522,0.027530392377263214,0.906476868327402,1.0715818625284266,1.0,0.001839035197789777,1.6474635517965854,0.06889249876384414,0.03243584650020884,0.3930062981305511,0.46951081251694043,3,1
"frozenset({'DAY=Tuesday', 'CRIME=CRIMINAL DAMAGE'})",frozenset({'DOMESTIC=N'}),0.015390734432012727,0.8082599823611808,0.013328548947723382,0.8660112359550561,1.0714513335488487,1.0,0.0008888342071791573,1.4310156452708513,0.06772889197101616,0.016448456523362888,0.3011956205337449,0.44125082944326616,2,1
"frozenset({'ARREST=N', 'DOMESTIC=N', 'CRIME=THEFT'})",frozenset({'TIME=Morning'}),0.1889428813530012,0.21119027443927577,0.04273522748888927,0.22618066996155956,1.0709805201119431,1.0,0.0028323285226014294,1.0193719579498475,0.0817158241721763,0.1195732378521574,0.019003816809722886,0.21426740765222296,3,1
frozenset({'TIME=Morning'}),"frozenset({'ARREST=N', 'DOMESTIC=N', 'CRIME=THEFT'})",0.21119027443927577,0.1889428813530012,0.04273522748888927,0.20235414534288637,1.0709805201119431,1.0,0.0028323285226014294,1.0168135569332963,0.08402051692990693,0.1195732378521574,0.0165355357613503,0.21426740765222296,1,3
frozenset({'DAY=Thursday'}),"frozenset({'ARREST=N', 'DOMESTIC=N', 'TIME=Afternoon'})",0.1399000466909921,0.219525481176613,0.03289120998841372,0.23510506798516687,1.0709693777918188,1.0,0.0021795849219430515,1.020368270407434,0.07704509949463517,0.10072818747517544,0.01996168540139023,0.19246686697143256,1,3
"frozenset({'DOMESTIC=N', 'DAY=Thursday'})",frozenset({'TIME=Morning'}),0.11460909263838691,0.21119027443927577,0.02590917737389109,0.2260656356092041,1.070435824800282,1.0,0.0017048516463537798,1.0192204427847542,0.07431866701218397,0.08639554831548144,0.01885798398258109,0.17437365710859387,2,1
"frozenset({'DAY=Friday', 'DOMESTIC=N'})","frozenset({'ARREST=N', 'TIME=Afternoon'})",0.1210550434917945,0.262424991785844,0.03400228267072475,0.28088282561337097,1.070335655540726,1.0,0.0022344138767555893,1.0256673522548958,0.07476423053644593,0.09729455571087496,0.02502502609492933,0.20522617747283595,2,2
"frozenset({'LOCATION=PARKING LOT / GARAGE (NON RESIDENTIAL)', 'DOMESTIC=N'})",frozenset({'ARREST=N'}),0.03405848479084165,0.845924049319522,0.03082470126411538,0.905052043665905,1.069897521407444,1.0,0.0020138098961592563,1.6227410955358348,0.06763457453062378,0.03630032023704669,0.38375875070212817,0.4707455660632598,2,1
"frozenset({'ARREST=N', 'CRIME=ASSAULT'})","frozenset({'DOMESTIC=N', 'TIME=Afternoon'})",0.07785722932194304,0.2616900409843153,0.021797776125339376,0.2799711255483369,1.0698577771445161,1.0,0.001423314593154864,1.0253893770273361,0.07080934033229525,0.06860050613622139,0.02476071782695978,0.1816336439226709,2,2
frozenset({'DAY=Thursday'}),frozenset({'TIME=Morning'}),0.1399000466909921,0.21119027443927577,0.03160720770574299,0.22592707045735475,1.069779709587509,1.0,0.0020616784510048766,1.0190379942969794,0.0758378264033472,0.09893232655380993,0.018682320387978672,0.1877946508888616,1,1
"frozenset({'ARREST=N', 'LOCATION=VEHICLE NON-COMMERCIAL'})",frozenset({'DOMESTIC=N'}),0.013868953948847424,0.8082599823611808,0.011988344544935756,0.8644014962593516,1.0694597222717421,1.0,0.0007786240708723084,1.4140275323800733,0.06586185793268931,0.014797856898907103,0.2928001915798537,0.4396168919488428,2,1
"frozenset({'TIME=Evening', 'CRIME=CRIMINAL DAMAGE'})",frozenset({'DOMESTIC=N'}),0.03253238106766735,0.8082599823611808,0.028118353018486173,0.8643189368770764,1.0693575776845092,1.0,0.001823731270566148,1.4131671231460474,0.06704008057159613,0.03459979359286725,0.29236961175988774,0.44955384254595326,2,1
"frozenset({'DAY=Wednesday', 'DOMESTIC=N', 'TIME=Night'})",frozenset({'ARREST=N'}),0.019575630760717312,0.845924049319522,0.017707991076832623,0.9045936395759718,1.0693556239518722,1.0,0.0011484942357428383,1.6149442237990856,0.06615237303223392,0.020887195883753783,0.3807835680866155,0.46276347521117506,3,1
frozenset({'LOCATION=RESIDENCE'}),frozenset({'ARREST=N'}),0.11572448856070694,0.845924049319522,0.10464834765766856,0.9042887029288702,1.0689951463802192,1.0,0.006754219688964641,1.6097990038310033,0.07298862948150432,0.12211006351176154,0.3788044360692249,0.5139988097587995,1,1
frozenset({'DOMESTIC=Y'}),"frozenset({'TIME=Evening', 'ARREST=N'})",0.19174001763881923,0.22744133363307797,0.046613173776955404,0.24310613063966993,1.0688740114049073,1.0,0.0030035684543524635,1.0206961605064004,0.07972192620388227,0.12511313792383208,0.020276514507640068,0.22402602622006118,1,2
"frozenset({'TIME=Evening', 'ARREST=N'})",frozenset({'DOMESTIC=Y'}),0.22744133363307797,0.19174001763881923,0.046613173776955404,0.2049459218004524,1.0688740114049073,1.0,0.0030035684543524635,1.0166100703382828,0.0834060188210299,0.12511313792383208,0.01633868365356229,0.22402602622006118,2,1
"frozenset({'DAY=Monday', 'CRIME=CRIMINAL DAMAGE'})",frozenset({'DOMESTIC=N'}),0.016160271153613365,0.8082599823611808,0.013959741989036264,0.8638309256286784,1.0687537976396622,1.0,0.0008980415114648258,1.4081025263927422,0.06538748970109859,0.017224456701481868,0.28982444015508846,0.44055113839749466,2,1
"frozenset({'CRIME=CRIMINAL DAMAGE', 'TIME=Afternoon'})",frozenset({'DOMESTIC=N'}),0.025143963892299444,0.8082599823611808,0.02171563456516852,0.8636519944979367,1.0685324194511505,1.0,0.0013927747530884035,1.4062546564784015,0.06579121032518322,0.02675366178428762,0.2888912435644911,0.4452595675351839,2,1
"frozenset({'TIME=Morning', 'CRIME=THEFT'})",frozenset({'ARREST=N'}),0.050227402424472996,0.845924049319522,0.04539402009441956,0.9037700120502669,1.0683819815470164,1.0,0.0029054524487081845,1.6011219991107277,0.06739000539721551,0.05335718314726075,0.3754379737737626,0.47871603189024237,2,1
frozenset({'CRIME=CRIMINAL DAMAGE'}),frozenset({'DOMESTIC=N'}),0.11144015771179552,0.8082599823611808,0.09622667612015148,0.8634829499165924,1.0683232731553627,1.0,0.006154056213688433,1.4045133375037921,0.07197460541073745,0.11685461685461684,0.2880096092378332,0.4912685319821038,1,1
frozenset({'DAY=Tuesday'}),"frozenset({'ARREST=N', 'DOMESTIC=N', 'TIME=Afternoon'})",0.13968820793055148,0.219525481176613,0.03274854306811697,0.23444028349478505,1.0679410984011135,1.0,0.0020834220074638886,1.0194822193443749,0.07394850322884113,0.10031252482983288,0.019109915773620673,0.19180953085291066,1,3
"frozenset({'DAY=Tuesday', 'DOMESTIC=N', 'TIME=Night'})",frozenset({'ARREST=N'}),0.018879589119269544,0.845924049319522,0.01705518183547478,0.903366155255324,1.0679045665884657,1.0,0.0010844833582134977,1.5944305133214394,0.0648103291716682,0.020118210422711905,0.37281681977043385,0.46176387734555296,3,1
frozenset({'LOCATION=VEHICLE NON-COMMERCIAL'}),frozenset({'DOMESTIC=N'}),0.01582305843291196,0.8082599823611808,0.013652791948397807,0.8628415300546448,1.0675296920354935,1.0,0.0008636470185124524,1.3979451485220684,0.06427493117158486,0.01684635040195456,0.28466435106039945,0.43986655737529545,1,1
"frozenset({'DAY=Monday', 'ARREST=N'})",frozenset({'CRIME=THEFT'}),0.12075241669116503,0.2199794213775572,0.028356131218980753,0.23482868497368514,1.0675029668827145,1.0,0.0017930844653165912,1.0194064561811458,0.071918825655488,0.09077572486333126,0.019037015180230925,0.18186612402488084,2,1
frozenset({'DAY=Thursday'}),"frozenset({'DOMESTIC=N', 'TIME=Afternoon'})",0.1399000466909921,0.2616900409843153,0.03906479672125478,0.2792336217552534,1.0670395430599882,1.0,0.0024543477689814297,1.0243401763740163,0.07304686929477461,0.10775743843539443,0.023761809734121973,0.21425625182524033,1,2
"frozenset({'LOCATION=RESIDENCE', 'DAY=Wednesday'})",frozenset({'ARREST=N'}),0.016471544434260812,0.845924049319522,0.01485897591090667,0.9020997375328084,1.0664074845235516,1.0,0.0009253003445303266,1.5738052871115842,0.0633150443974142,0.01753195743769192,0.36459738177947854,0.45983255789958316,2,1
"frozenset({'ARREST=N', 'DAY=Saturday'})","frozenset({'DOMESTIC=N', 'CRIME=THEFT'})",0.12310425925605686,0.2081812993930171,0.027327200096840577,0.2219841966637401,1.0663022918531462,1.0,0.001699195444099806,1.017741152829459,0.07090881660644163,0.08990442054958185,0.017431890987346155,0.1766252752226787,2,2
frozenset({'LOCATION=PARKING LOT / GARAGE (NON RESIDENTIAL)'}),frozenset({'ARREST=N'}),0.0358915385546544,0.845924049319522,0.03236809794732565,0.9018308841243075,1.0660896623636105,1.0,0.0020065823168646524,1.5694951442323053,0.06430043435281135,0.03810488385822764,0.36285244100635,0.47004724117187474,1,1
frozenset({'CRIME=OTHER OFFENSE'}),frozenset({'TIME=Afternoon'}),0.06777543362097291,0.31149808912791604,0.022506787486814117,0.33207884161510487,1.0660702367221822,1.0,0.0013948694240651406,1.0308131464751846,0.06648129962874462,0.06308544284623681,0.029892077512349124,0.202166107089682,1,1
"frozenset({'DAY=Friday', 'DOMESTIC=N', 'TIME=Night'})",frozenset({'ARREST=N'}),0.02062185484289346,0.845924049319522,0.01859425527867605,0.9016771488469602,1.065907925862005,1.0,0.0011497323254962208,1.567041118861151,0.06313461616514376,0.02192843814049292,0.36185465208037987,0.46182907368498805,3,1
"frozenset({'LOCATION=RESIDENCE', 'DAY=Saturday'})",frozenset({'ARREST=N'}),0.016583948674494614,0.845924049319522,0.014945440711086517,0.9011991657977059,1.0653428833506369,1.0,0.0009166796946509133,1.5594600179691638,0.06236940383272466,0.017633436709377295,0.35875239603624537,0.45943337874796547,2,1
"frozenset({'DAY=Wednesday', 'DOMESTIC=N'})",frozenset({'TIME=Morning'}),0.11642917668217269,0.21119027443927577,0.026181541494457606,0.2248709665441313,1.0647789872955973,1.0,0.0015928317182106293,1.0176495673808799,0.06885465646415387,0.08685550376479025,0.01734346276617043,0.17442115369171765,2,1
frozenset({'CRIME=BATTERY'}),"frozenset({'ARREST=N', 'TIME=Evening'})",0.18293790098051083,0.22744133363307797,0.044291593892126516,0.24211272598369374,1.0645062712052353,1.0,0.002683953721083168,1.019358277746065,0.07416493978926716,0.1209863130173951,0.01899065144089352,0.21842563440928495,1,2
"frozenset({'LOCATION=RESIDENCE', 'DOMESTIC=Y'})",frozenset({'TIME=Night'}),0.048684005741262734,0.19832863541252357,0.01027634150137479,0.21108249711393304,1.0643067082818445,1.0,0.0006209090762946887,1.0161662805740175,0.06351330048874178,0.04340838948848591,0.015909089765196165,0.1314486055051954,2,1
frozenset({'ARREST=Y'}),frozenset({'DOMESTIC=Y'}),0.15407595068047797,0.19174001763881923,0.031434278105383295,0.2040180700917534,1.06403489790046,1.0,0.0018917526041906073,1.0154250391768938,0.07114255812564275,0.09998762359218362,0.015190721699552826,0.18398012927148605,1,1
"frozenset({'ARREST=N', 'DAY=Wednesday', 'DOMESTIC=N'})",frozenset({'TIME=Afternoon'}),0.09912324692617636,0.31149808912791604,0.032852300828332785,0.3314288206559665,1.0639834792690044,1.0,0.001975598822674271,1.029810934338518,0.06675250799880819,0.08696398530573007,0.02894796835466355,0.21844715889846014,3,1
"frozenset({'ARREST=N', 'LOCATION=SIDEWALK'})",frozenset({'DOMESTIC=N'}),0.03438705103152507,0.8082599823611808,0.029570961661507602,0.859944681921046,1.0639456371561016,1.0,0.0017772844013141248,1.3690306106814791,0.062242696630272445,0.036369243530368855,0.269556142720419,0.44826531742035064,2,1
"frozenset({'DOMESTIC=N', 'TIME=Morning', 'CRIME=THEFT'})",frozenset({'ARREST=N'}),0.04749511473878984,0.845924049319522,0.04273522748888927,0.8997815401419988,1.0636670524567788,1.0,0.0025579677061568565,1.5374009029752316,0.06284081738331414,0.050236316511663354,0.34955157235515777,0.475150264421152,3,1
"frozenset({'TIME=Night', 'DOMESTIC=N', 'DAY=Thursday'})",frozenset({'ARREST=N'}),0.01889255883929652,0.845924049319522,0.016990333235339893,0.8993135011441649,1.063113765198649,1.0,0.0010086633599948498,1.5302543283492942,0.060510087195352606,0.020039875783365375,0.3465138562432864,0.4596992202530232,3,1
"frozenset({'TIME=Afternoon', 'ARREST=Y'})",frozenset({'DOMESTIC=N'}),0.04907309734207204,0.8082599823611808,0.042164559807702284,0.8592194520306581,1.0630483641174573,1.0,0.002500739015590628,1.3619780602116625,0.062369701417284484,0.05172496088674392,0.2657737821088015,0.4556932639411623,2,1
frozenset({'DAY=Tuesday'}),"frozenset({'DOMESTIC=N', 'TIME=Afternoon'})",0.13968820793055148,0.2616900409843153,0.03885295796081415,0.27814057132245984,1.0628626533752215,1.0,0.002297945102442578,1.0227891050315465,0.06874793938155976,0.10717309641643312,0.022281333384797337,0.2133049753243777,1,2
"frozenset({'LOCATION=RESIDENCE', 'TIME=Night'})",frozenset({'ARREST=N'}),0.024024244729970428,0.845924049319522,0.021598907084925727,0.8990462479755263,1.0627978347450187,1.0,0.001276220701105956,1.5262033118207057,0.06054175126006523,0.025459919482240228,0.3447793015158407,0.4622895816279617,2,1
"frozenset({'TIME=Afternoon', 'CRIME=THEFT', 'LOCATION=APARTMENT'})",frozenset({'DOMESTIC=N'}),0.011707333944351254,0.8082599823611808,0.010055856260916181,0.8589364844903989,1.0626982694122455,1.0,0.0005932867335583843,1.3592459889160284,0.059698031082314314,0.012415994533973171,0.2642979945098238,0.43568892400624615,3,1
"frozenset({'LOCATION=RESIDENCE', 'DAY=Thursday'})",frozenset({'ARREST=N'}),0.01641534231414391,0.845924049319522,0.014750894910681862,0.898604161179879,1.0622752266030666,1.0,0.0008647620693351503,1.5195490512565597,0.05960278008896553,0.01740336845971008,0.34191002312622243,0.45802088632820154,2,1
frozenset({'DOMESTIC=Y'}),frozenset({'TIME=Evening'}),0.19174001763881923,0.2789830010202846,0.056816020198177324,0.2963180086131091,1.0621364295653413,1.0,0.0033238146616172276,1.0246347182463187,0.07237938902950548,0.1372675997493211,0.02404243952272221,0.24998603317640006,1,1
frozenset({'TIME=Evening'}),frozenset({'DOMESTIC=Y'}),0.2789830010202846,0.19174001763881923,0.056816020198177324,0.20365405773969103,1.0621364295653413,1.0,0.0033238146616172276,1.0149608850483443,0.08113728772426207,0.1372675997493211,0.014740356272578473,0.24998603317640006,1,1
"frozenset({'DAY=Tuesday', 'CRIME=THEFT'})",frozenset({'ARREST=N'}),0.031313227385131516,0.845924049319522,0.02813132273851315,0.8983846472456163,1.0620157305709592,1.0,0.0016427106316197482,1.516266454862364,0.060281985082685036,0.0331305211170795,0.3404853106172735,0.46581989365178567,2,1
"frozenset({'ARREST=N', 'CRIME=OTHER OFFENSE'})",frozenset({'TIME=Afternoon'}),0.05609836235668459,0.31149808912791604,0.018542376398568143,0.3305332922318126,1.0611085710258716,1.0,0.0010678437212554778,1.0284333826955407,0.0610120427803439,0.05312178748807887,0.02764727708567404,0.19502987267450286,2,1
"frozenset({'ARREST=N', 'DAY=Friday', 'DOMESTIC=N'})",frozenset({'TIME=Afternoon'}),0.1028801424939907,0.31149808912791604,0.03400228267072475,0.3305038450224818,1.0610140368686534,1.0,0.0019553148746389304,1.0283881479426928,0.06410001938545652,0.08939125295508274,0.027604507110942245,0.2198305601618266,3,1
"frozenset({'DAY=Monday', 'ARREST=N'})","frozenset({'DOMESTIC=N', 'CRIME=THEFT'})",0.12075241669116503,0.2081812993930171,0.02667006761547374,0.22086570477247502,1.0609296099911045,1.0,0.0015316726038599564,1.0162801271323243,0.0653176640070598,0.0882344527718977,0.016019330396888153,0.17448775955905804,2,2
"frozenset({'CRIME=BATTERY', 'LOCATION=APARTMENT'})","frozenset({'ARREST=N', 'TIME=Evening'})",0.0599330762446608,0.22744133363307797,0.014461237830079375,0.24128976412032027,1.0608879233428319,1.0,0.0008299790402607771,1.018252594775113,0.06105242014191098,0.052988420168865936,0.017925409538626636,0.15243602045853305,2,2
"frozenset({'ARREST=N', 'CRIME=CRIMINAL DAMAGE', 'DAY=Saturday'})",frozenset({'DOMESTIC=N'}),0.01657962543448562,0.8082599823611808,0.01421048990955782,0.8571056062581486,1.0604330598606087,1.0,0.0008098421483254872,1.3418302329285974,0.05794982430146991,0.01753019919468814,0.25474924065657656,0.43734359459449146,3,1
"frozenset({'ARREST=N', 'TIME=Night'})",frozenset({'DOMESTIC=Y'}),0.17326248984038597,0.19174001763881923,0.03522575959326958,0.20330863088554535,1.0603348919499835,1.0,0.0020044067351282363,1.0145208216069732,0.06882684212723666,0.10681699003670687,0.014312985300757525,0.19351244716471808,2,1
"frozenset({'TIME=Morning', 'LOCATION=APARTMENT'})",frozenset({'ARREST=N'}),0.04618517301606516,0.845924049319522,0.04141663928614661,0.8967518487316297,1.0600855354011918,1.0,0.002347490709874049,1.4922877435354003,0.05942442080112608,0.0486857886284634,0.3298879493368446,0.4728560412979809,2,1
"frozenset({'DAY=Monday', 'DOMESTIC=N', 'TIME=Night'})",frozenset({'ARREST=N'}),0.02178912964532139,0.845924049319522,0.01953239836062739,0.8964285714285714,1.0597033766207216,1.0,0.0011004495799090755,1.4876298686390965,0.05759464308340194,0.0230285792926281,0.3277897808580482,0.45975929284367256,3,1
"frozenset({'ARREST=N', 'DAY=Thursday'})","frozenset({'DOMESTIC=N', 'TIME=Afternoon'})",0.1186253826067408,0.2616900409843153,0.03289120998841372,0.277269579795182,1.0595343206499803,1.0,0.0018481287522756316,1.021556500702505,0.06375170938076707,0.09467161096040418,0.021101623539844107,0.20147862198362956,2,2
"frozenset({'TIME=Afternoon', 'DAY=Thursday'})",frozenset({'DOMESTIC=N'}),0.0456577377349681,0.8082599823611808,0.03906479672125478,0.8556007953792254,1.058571269209379,1.0,0.0021614744249380466,1.3278467713334878,0.057977618985387454,0.04794091743508664,0.24690105696777667,0.4519663823812798,2,1
"frozenset({'TIME=Afternoon', 'DAY=Thursday', 'CRIME=THEFT'})",frozenset({'ARREST=N'}),0.0126411537862936,0.845924049319522,0.011318242343541944,0.8953488372093024,1.0584269804476403,1.0,0.0006247863445696545,1.4722813065023455,0.055908458572393016,0.013358846791682612,0.320781975846946,0.4543642877203517,3,1
frozenset({'DAY=Friday'}),"frozenset({'TIME=Evening', 'DOMESTIC=N'})",0.14742248430663876,0.2221669808221073,0.034663738392100574,0.23513196480938417,1.0583569346772468,1.0,0.0019113301484001421,1.016950615518984,0.06467351070533063,0.10349679234810445,0.01666808128173809,0.19557878670133144,1,2
"frozenset({'LOCATION=STREET', 'CRIME=THEFT'})",frozenset({'TIME=Evening'}),0.046453213896622686,0.2789830010202846,0.0137133173085237,0.2952070730572359,1.0581543390730523,1.0,0.0007536602886067147,1.0230196294780196,0.05763563740090367,0.04399201153888827,0.02250164983614727,0.1721808714529179,2,1
"frozenset({'ARREST=N', 'DAY=Sunday', 'CRIME=CRIMINAL DAMAGE'})",frozenset({'DOMESTIC=N'}),0.015957078873190724,0.8082599823611808,0.013644145468379823,0.8550528312110539,1.0578933138730642,1.0,0.000746677179798717,1.3228269254296854,0.05561250988105874,0.01683271819597636,0.2440432071828471,0.43596685912997374,3,1
"frozenset({'DAY=Friday', 'TIME=Afternoon', 'CRIME=THEFT'})",frozenset({'ARREST=N'}),0.013220467947498574,0.845924049319522,0.01182838466460304,0.894702419882276,1.0576628251696971,1.0,0.0006448728845560962,1.4632430347232963,0.05524952441344319,0.01395982468582741,0.31658652987259694,0.45434260868084636,3,1
frozenset({'DAY=Tuesday'}),"frozenset({'ARREST=N', 'TIME=Afternoon'})",0.13968820793055148,0.262424991785844,0.038766493160634304,0.2775215870756089,1.0575272773642106,1.0,0.0021088163418800654,1.0208955659016277,0.06323046366139987,0.10669284311975726,0.020467878007848127,0.21262283864414538,1,2
"frozenset({'ARREST=N', 'DAY=Saturday'})",frozenset({'DOMESTIC=Y'}),0.12310425925605686,0.19174001763881923,0.024958064571912773,0.202739244951712,1.0573653191876304,1.0,0.0013540517307426524,1.0137962733562955,0.06186946947587357,0.08609607325548446,0.013608526406021707,0.1664527096666747,2,1
"frozenset({'DAY=Tuesday', 'ARREST=N'})","frozenset({'DOMESTIC=N', 'TIME=Afternoon'})",0.11838760440624621,0.2616900409843153,0.03274854306811697,0.27662138475021913,1.0570573633973284,1.0,0.0017676860190114912,1.0206411185665865,0.06122593915302553,0.09428678117998505,0.020223679206237855,0.20088193686140582,2,2
"frozenset({'DAY=Friday', 'TIME=Afternoon'})",frozenset({'DOMESTIC=N'}),0.04731786189842115,0.8082599823611808,0.040426617324087366,0.8543627227044313,1.0570394939120578,1.0,0.0021814831007006957,1.316558653109709,0.05664171921911137,0.049594009047949895,0.24044401847346347,0.4521897857492695,2,1
"frozenset({'DAY=Tuesday', 'DOMESTIC=N', 'CRIME=THEFT'})",frozenset({'ARREST=N'}),0.029679042661732408,0.845924049319522,0.026536047175194977,0.8941005098324836,1.0569512836899668,1.0,0.001429831226855454,1.4549262743074014,0.05553069839375452,0.03125318234587263,0.3126799497273242,0.46273490603624545,3,1
"frozenset({'ARREST=N', 'TIME=Night'})",frozenset({'LOCATION=APARTMENT'}),0.17326248984038597,0.19613675272796444,0.035917477994708354,0.20730094567956683,1.0569204536953194,1.0,0.001934335867853118,1.014083772259793,0.06514159797566481,0.10770447385820034,0.013888174374794275,0.19521280752502412,2,1
"frozenset({'TIME=Afternoon', 'CRIME=THEFT', 'DAY=Saturday'})",frozenset({'ARREST=N'}),0.012269355145520258,0.845924049319522,0.010968059902813564,0.8939393939393939,1.0567608222729883,1.0,0.0005891173155757531,1.4527161064159348,0.05437927911018982,0.012945859060060213,0.31163425834993486,0.4534525838858666,3,1
frozenset({'DAY=Wednesday'}),frozenset({'TIME=Morning'}),0.14183253497501166,0.21119027443927577,0.031650440105832914,0.22315359526930229,1.056647120052237,1.0,0.0016967881200420226,1.0153998535066577,0.06247061997393459,0.09848525613430907,0.015166294788673415,0.18651026744017826,1,1
frozenset({'DAY=Sunday'}),frozenset({'LOCATION=STREET'}),0.14267989001677417,0.2777638473377488,0.0418705794870908,0.29345817046935124,1.0565023968454716,1.0,0.0022392642983047537,1.022212871872042,0.06238114952461655,0.11060102550047392,0.021730182120835766,0.2220999081268607,1,1
"frozenset({'DOMESTIC=N', 'TIME=Night'})",frozenset({'ARREST=N'}),0.15446071904127828,0.845924049319522,0.1380367302471164,0.8936688311688313,1.0564409794091043,1.0,0.007374693334913279,1.4490196277736576,0.06318522173829103,0.1600707882968697,0.30987822329470627,0.528423732236517,2,1
"frozenset({'LOCATION=STREET', 'ARREST=N', 'CRIME=THEFT'})",frozenset({'TIME=Evening'}),0.0458220208553098,0.2789830010202846,0.013501478548083076,0.29465043872063407,1.056159112358284,1.0,0.0007179136570546786,1.0222123023255758,0.05572646504092982,0.04337078339605873,0.021729637057822306,0.17152289179682043,3,1
"frozenset({'DOMESTIC=N', 'TIME=Morning', 'CRIME=ASSAULT'})",frozenset({'ARREST=N'}),0.015974371833226694,0.845924049319522,0.01426669202967472,0.8930987821380244,1.0557671020896624,1.0,0.0007535867231758791,1.441292753833839,0.0536788919629531,0.016831238779174147,0.3061784308982336,0.45498199919804644,3,1
"frozenset({'DOMESTIC=N', 'LOCATION=APARTMENT'})",frozenset({'CRIME=THEFT'}),0.10277638473377489,0.2199794213775572,0.023868608089646706,0.2322382534808396,1.055727176780969,1.0,0.0012599184446337036,1.015966974336584,0.058832139778650074,0.0798582483546684,0.015716036780634875,0.17037103798779124,2,1
"frozenset({'TIME=Afternoon', 'DOMESTIC=N', 'DAY=Thursday', 'CRIME=THEFT'})",frozenset({'ARREST=N'}),0.012247738945475296,0.845924049319522,0.010933473982741625,0.8926932580303565,1.0552877161353393,1.0,0.0005728170589767503,1.435845948282217,0.053040759577564246,0.012904838931893679,0.30354645552584797,0.4528090732449745,4,1
frozenset({'DAY=Wednesday'}),"frozenset({'ARREST=N', 'DOMESTIC=N', 'TIME=Afternoon'})",0.14183253497501166,0.219525481176613,0.032852300828332785,0.2316273965921907,1.0551276113857664,1.0,0.0017164453414445571,1.0157500610535886,0.06088245295051756,0.10000526412760245,0.015505843078416036,0.19063941021858147,1,3
frozenset({'LOCATION=SIDEWALK'}),frozenset({'TIME=Evening'}),0.049336814982620575,0.2789830010202846,0.014521763190205268,0.2943392919733614,1.0550438230892794,1.0,0.0007576304855712399,1.021761578586429,0.05487966039817724,0.04627741651052575,0.02129809834554095,0.17319589693583692,1,1
"frozenset({'ARREST=N', 'TIME=Afternoon', 'DAY=Thursday'})",frozenset({'DOMESTIC=N'}),0.038571947360229654,0.8082599823611808,0.03289120998841372,0.8527236045729656,1.055011534880018,1.0,0.0017150484953981013,1.3019059645156343,0.05423501499268839,0.04040983475946906,0.23189536936176228,0.4467087269803964,3,1
"frozenset({'ARREST=N', 'DAY=Sunday'})",frozenset({'LOCATION=APARTMENT'}),0.119641344008854,0.19613675272796444,0.024754872291490135,0.20690901206909013,1.0549221866442668,1.0,0.001288807585584209,1.0135826273467428,0.059138152744033216,0.08506150098045041,0.013400611830037115,0.16656066015198467,2,1
"frozenset({'DAY=Tuesday', 'TIME=Night'})","frozenset({'ARREST=N', 'DOMESTIC=N'})",0.02358327424905321,0.6856183097860861,0.01705518183547478,0.7231897341888176,1.054799330569882,1.0,0.0008860572056171891,1.1357298808721195,0.05320717457815491,0.024641003379159147,0.11950894588411591,0.37403267803968243,2,2
"frozenset({'DAY=Friday', 'TIME=Afternoon', 'CRIME=THEFT', 'DOMESTIC=N'})",frozenset({'ARREST=N'}),0.012801113666626316,0.845924049319522,0.011417676863748769,0.8919284025667005,1.0543835504903605,1.0,0.0005889069550767609,1.425684031140298,0.05224735134310952,0.013475246059727842,0.29858230985432677,0.4527128431223743,4,1
"frozenset({'LOCATION=STREET', 'CRIME=OTHER OFFENSE'})",frozenset({'DOMESTIC=N'}),0.01347121586802013,0.8082599823611808,0.01147820222387466,0.8520539152759947,1.054182978089399,1.0,0.0005899575240050515,1.2960127873374405,0.05209992655604904,0.014166195349432817,0.2284026749038304,0.43312752086911466,2,1
"frozenset({'DAY=Wednesday', 'TIME=Afternoon'})",frozenset({'DOMESTIC=N'}),0.045813374375291815,0.8082599823611808,0.03903453404119183,0.8520335944135133,1.0541578365966555,1.0,0.002005416876712296,1.2958348003307196,0.053842143473432726,0.04789285240684259,0.22829669357175572,0.4501640610160818,2,1
"frozenset({'TIME=Afternoon', 'DOMESTIC=N', 'CRIME=THEFT', 'DAY=Saturday'})",frozenset({'ARREST=N'}),0.011785152264513116,0.845924049319522,0.010505473221851384,0.8914159941305942,1.0537778123788617,1.0,0.0005361294964073143,1.4189562214695366,0.05164195878162861,0.012400173500369963,0.2952566225303598,0.4519174630512223,4,1
"frozenset({'TIME=Afternoon', 'CRIME=THEFT'})",frozenset({'ARREST=N'}),0.08548774793781451,0.845924049319522,0.07619710515848997,0.8913219378982502,1.0536666248172601,1.0,0.0038809632557273016,1.417728175316785,0.055694400115549006,0.08909704880243455,0.2946461688422362,0.49069876236555793,2,1
"frozenset({'ARREST=N', 'DAY=Thursday'})",frozenset({'LOCATION=APARTMENT'}),0.1186253826067408,0.19613675272796444,0.024512770850986562,0.20664018368016326,1.0535515695356024,1.0,0.00124597351538807,1.0132391768982214,0.057670785462978845,0.08445417578980295,0.013066191280473307,0.16580907085612817,2,1
"frozenset({'LOCATION=RESIDENCE', 'DAY=Sunday'})",frozenset({'ARREST=N'}),0.016644474034620507,0.845924049319522,0.014833036470852715,0.891168831168831,1.053485631346815,1.0,0.0007530755966928936,1.4157336757036743,0.05162950335139771,0.01749724613438864,0.2936524593843815,0.45435177270281446,2,1
"frozenset({'DOMESTIC=Y', 'LOCATION=APARTMENT'})",frozenset({'TIME=Morning'}),0.09336036799418956,0.21119027443927577,0.0207688450031992,0.22245890252373238,1.05335770368392,1.0,0.0010520432647545264,1.014492646267872,0.055871014282939446,0.07318596608826802,0.01428560997577245,0.1604003826845888,2,1
"frozenset({'CRIME=BATTERY', 'ARREST=N'})",frozenset({'TIME=Night'}),0.14763432306707938,0.19832863541252357,0.030841994224151348,0.20890802073267153,1.0533427021173358,1.0,0.0015618803902058415,1.013373141932176,0.05941271070953984,0.09787350802579228,0.013196661110119474,0.18220877875870634,2,1
"frozenset({'DAY=Monday', 'LOCATION=APARTMENT'})",frozenset({'ARREST=N'}),0.028779808739862002,0.845924049319522,0.025641136493333563,0.8909418657052727,1.0532173265696416,1.0,0.0012956041454681294,1.4127873328924823,0.052025630934981436,0.030199343160467424,0.29217938417338335,0.46062662946272787,2,1
frozenset({'DAY=Tuesday'}),frozenset({'TIME=Afternoon'}),0.13968820793055148,0.31149808912791604,0.045813374375291815,0.32796880319395866,1.0528758109308303,1.0,0.0023007645312220215,1.0245088533751454,0.058374613364706444,0.11301537870870036,0.023922539365475615,0.23752156919815626,1,1
"frozenset({'DAY=Thursday', 'LOCATION=APARTMENT'})",frozenset({'ARREST=N'}),0.027526069137254222,0.845924049319522,0.024512770850986562,0.8905292916601225,1.0527296066076877,1.0,0.0012278069845513481,1.40746280915725,0.051506225653668754,0.02887465243473921,0.28950165255253,0.4597533997972201,2,1
"frozenset({'LOCATION=STREET', 'DOMESTIC=N', 'CRIME=THEFT'})",frozenset({'TIME=Evening'}),0.04470662493298978,0.2789830010202846,0.013129679907309734,0.293685330238855,1.0526997313986934,1.0,0.0006572915180159643,1.0208155512663248,0.05240432406617371,0.04227744135866918,0.020391099293602125,0.17037399114877774,3,1
"frozenset({'TIME=Morning', 'CRIME=ASSAULT'})",frozenset({'ARREST=N'}),0.02162484652497968,0.845924049319522,0.019247064520033896,0.8900439824070372,1.052155903503401,1.0,0.0009540867817098911,1.4012507369159106,0.0506661566907847,0.022688934302998183,0.286351847206907,0.45639834617032476,2,1
"frozenset({'CRIME=BATTERY', 'DOMESTIC=N'})","frozenset({'ARREST=N', 'TIME=Evening'})",0.08516350493714009,0.22744133363307797,0.020379753402389886,0.23930148738514645,1.0521459910677537,1.0,0.0010100522626195242,1.015591135719853,0.05417531432947011,0.06973991774417848,0.015351783972397465,0.16445296384501862,2,2
"frozenset({'CRIME=CRIMINAL DAMAGE', 'DAY=Saturday'})",frozenset({'DOMESTIC=N'}),0.017241081155861447,0.8082599823611808,0.014660106870493022,0.8503009027081244,1.0520141059367172,1.0,0.0007248309195687624,1.280836164729667,0.050309798847006496,0.018080126256971325,0.21926002127597657,0.4342193816428452,2,1
"frozenset({'ARREST=N', 'DAY=Wednesday'})",frozenset({'LOCATION=APARTMENT'}),0.12038061805039169,0.19613675272796444,0.02483701385166099,0.2063207038965703,1.0519227071263422,1.0,0.0012259503358717852,1.0128313176601733,0.056114966397728644,0.08515147921977827,0.012668760766418673,0.16647590476084026,2,1
frozenset({'DAY=Wednesday'}),"frozenset({'DOMESTIC=N', 'TIME=Afternoon'})",0.14183253497501166,0.2616900409843153,0.03903453404119183,0.27521565519553753,1.0516856283882539,1.0,0.001918372150671692,1.0186615705874158,0.05726797360057904,0.10709414178794673,0.018319696282107018,0.21218944693331582,1,2
"frozenset({'DAY=Tuesday', 'LOCATION=APARTMENT'})",frozenset({'ARREST=N'}),0.026609542255347847,0.845924049319522,0.023669739049233057,0.8895207148659626,1.0515373284179717,1.0,0.0011600873140502795,1.394613935938738,0.050351234524298225,0.02788402283688738,0.2829556809735425,0.45875082091978814,2,1
"frozenset({'LOCATION=STREET', 'ARREST=N', 'DOMESTIC=N', 'CRIME=THEFT'})",frozenset({'TIME=Evening'}),0.04414892697182977,0.2789830010202846,0.012948103826932057,0.29328241284763024,1.0512554950482662,1.0,0.0006313036885056012,1.0202335587613764,0.051008425894419694,0.04174332385571724,0.019832281135646165,0.16984710746362544,4,1
"frozenset({'ARREST=N', 'DAY=Tuesday'})",frozenset({'TIME=Afternoon'}),0.11838760440624621,0.31149808912791604,0.038766493160634304,0.32745398773006135,1.051223102673972,1.0,0.0018889806116569527,1.0237246200424144,0.05527048764596908,0.09911682454763508,0.0231748065621705,0.22595288627606713,2,1
"frozenset({'LOCATION=COMMERCIAL / BUSINESS OFFICE', 'DOMESTIC=N'})",frozenset({'ARREST=N'}),0.013652791948397807,0.845924049319522,0.012139657945250489,0.8891703609879671,1.0511231613561918,1.0,0.0005904328957448482,1.3902052921398558,0.0493099175643554,0.014325141950525203,0.28068177724977383,0.4517605634110527,2,1
frozenset({'LOCATION=COMMERCIAL / BUSINESS OFFICE'}),frozenset({'ARREST=N'}),0.014301277949746657,0.845924049319522,0.01271464886644647,0.889056831922612,1.0509889541948676,1.0,0.0006168539127527854,1.3887826835177703,0.04921911033960288,0.015002346507784285,0.27994493892520916,0.45204365853933315,1,1
frozenset({'DAY=Friday'}),"frozenset({'TIME=Evening', 'ARREST=N'})",0.14742248430663876,0.22744133363307797,0.03523872931329656,0.23903225806451614,1.0509622602289932,1.0,0.0017087628750931325,1.0152318209993465,0.05687582183037706,0.10375773313984574,0.01500329351807844,0.19698386268999724,1,2
frozenset({'DAY=Monday'}),frozenset({'TIME=Morning'}),0.14262801113666626,0.21119027443927577,0.031650440105832914,0.22190900548634476,1.0507539046271328,1.0,0.0015287912911522844,1.0137756780667648,0.056337705614629294,0.09824208266237251,0.013588487438399167,0.1858879725486995,1,1
"frozenset({'TIME=Afternoon', 'DAY=Thursday'})","frozenset({'ARREST=N', 'DOMESTIC=N'})",0.0456577377349681,0.6856183097860861,0.03289120998841372,0.7203863270523624,1.0507104561970113,1.0,0.0015874290139084868,1.1243430512526733,0.05057202066359158,0.047096111228039764,0.11059173720523993,0.3841796947483971,2,2
frozenset({'DAY=Friday'}),"frozenset({'ARREST=N', 'DOMESTIC=N', 'TIME=Afternoon'})",0.14742248430663876,0.219525481176613,0.03400228267072475,0.2306451612903226,1.0506532547115275,1.0,0.0016392908670581977,1.0144532529779875,0.05654758612042306,0.10212561515588278,0.014247332674580058,0.19276753712237582,1,3
frozenset({'DAY=Thursday'}),"frozenset({'ARREST=N', 'TIME=Afternoon'})",0.1399000466909921,0.262424991785844,0.038571947360229654,0.2757107540173053,1.0506268939594876,1.0,0.0018586787565068597,1.0183431720202274,0.056025255498033076,0.10603881671995152,0.018012760849407453,0.21134675276852483,1,2
"frozenset({'ARREST=N', 'DOMESTIC=Y'})",frozenset({'TIME=Morning'}),0.16030573953343594,0.21119027443927577,0.03556729555397997,0.22187162891046386,1.0505769240536658,1.0,0.001712282427722575,1.0137269824209494,0.05733282891895936,0.1058775079469261,0.013541103925405163,0.19514256982882455,2,1
"frozenset({'DOMESTIC=N', 'TIME=Afternoon', 'CRIME=THEFT'})",frozenset({'ARREST=N'}),0.08240527781140297,0.845924049319522,0.07321406955228527,0.8884633544934685,1.050287381246775,1.0,0.003505463260763106,1.3813930836879558,0.052179506268460504,0.08561894891175208,0.276093089064654,0.48750628896345993,3,1
"frozenset({'DOMESTIC=N', 'TIME=Afternoon', 'CRIME=ASSAULT'})",frozenset({'ARREST=N'}),0.024534387051031524,0.845924049319522,0.021797776125339376,0.8884581497797358,1.050281228550517,1.0,0.0010435480835583426,1.3813286257688997,0.04907816458812198,0.025684914060987666,0.2760593088821552,0.4571130779767135,3,1
"frozenset({'ARREST=N', 'DAY=Friday', 'TIME=Afternoon'})",frozenset({'DOMESTIC=N'}),0.04005481868331402,0.8082599823611808,0.03400228267072475,0.8488936859147329,1.0502730611935633,1.0,0.001627575628269061,1.2689080453026147,0.04986394922291856,0.04175581475602181,0.21192082932887724,0.4454810914744051,3,1
"frozenset({'ARREST=N', 'TIME=Morning', 'CRIME=CRIMINAL DAMAGE'})",frozenset({'DOMESTIC=N'}),0.020712642883082298,0.8082599823611808,0.017582617116571844,0.8488833228970987,1.0502602398021048,1.0,0.0008414167452383096,1.2688210283253902,0.04886720323156202,0.0216697481364656,0.2118667820947012,0.43531849408921003,3,1
"frozenset({'ARREST=N', 'DAY=Wednesday', 'TIME=Afternoon'})",frozenset({'DOMESTIC=N'}),0.038714614280526395,0.8082599823611808,0.032852300828332785,0.8485762144053601,1.049880277291971,1.0,0.0015608273728346042,1.2662476828581313,0.04942386924442227,0.0403530292651065,0.2102650898891803,0.44461096219072543,3,1
"frozenset({'LOCATION=STREET', 'DOMESTIC=N', 'TIME=Night'})",frozenset({'ARREST=N'}),0.06189150396873433,0.845924049319522,0.05494405727428364,0.8877479742944957,1.0494417022528413,1.0,0.002588545618576632,1.3725894896961564,0.05022061510543861,0.06442243354488128,0.27145005297879315,0.4763497497872164,3,1
"frozenset({'DOMESTIC=Y', 'LOCATION=APARTMENT'})","frozenset({'TIME=Evening', 'ARREST=N'})",0.09336036799418956,0.22744133363307797,0.022281979006346517,0.23866635795322994,1.049353493232065,1.0,0.0010479724012731131,1.0147438963684499,0.05187539125875343,0.07464156408399712,0.014529672384544456,0.16831719311868193,2,2
"frozenset({'CRIME=CRIMINAL DAMAGE', 'DAY=Sunday'})",frozenset({'DOMESTIC=N'}),0.016761201514863298,0.8082599823611808,0.014214813149566812,0.8480784111426362,1.0492643823156174,1.0,0.0006674047088112058,1.2620985541353185,0.04775172927237712,0.01753169888987235,0.20766884905821467,0.4328326714484984,2,1
"frozenset({'DAY=Tuesday', 'TIME=Afternoon'})",frozenset({'DOMESTIC=N'}),0.045813374375291815,0.8082599823611808,0.03885295796081415,0.8480702085495895,1.0492542338569213,1.0,0.0018238407963346165,1.2620304142351346,0.049195968276063526,0.0476594526083567,0.20762606929242716,0.4480700427900683,2,1
"frozenset({'DAY=Wednesday', 'TIME=Afternoon', 'CRIME=THEFT'})",frozenset({'ARREST=N'}),0.012632507306275615,0.845924049319522,0.011210161343317135,0.8874058863791923,1.0490373067097916,1.0,0.000524019609734019,1.3684192337032108,0.04734311738164645,0.013229726833947283,0.26922979787867796,0.4503289289103797,3,1
"frozenset({'DAY=Wednesday', 'LOCATION=APARTMENT'})",frozenset({'ARREST=N'}),0.027988655818216406,0.845924049319522,0.02483701385166099,0.8873957367933272,1.0490253084862238,1.0,0.0011607367869049673,1.3682958912282779,0.0480798424162592,0.029251825375003822,0.2691639239650641,0.45837827254857316,2,1
"frozenset({'LOCATION=RESIDENCE', 'ARREST=N', 'CRIME=THEFT'})",frozenset({'DOMESTIC=N'}),0.01613433171355941,0.8082599823611808,0.013678731388451762,0.8478027867095391,1.0489233726911005,1.0,0.0006379967222407915,1.2598129327959038,0.047406382894852085,0.01687241701106519,0.20623135866632253,0.4323632321733214,3,1
"frozenset({'ARREST=N', 'DAY=Saturday'})",frozenset({'LOCATION=APARTMENT'}),0.12310425925605686,0.19613675272796444,0.02532121673266813,0.20568920105355576,1.0487030002930673,1.0,0.0011759470752036802,1.0120260839186141,0.0529608863876686,0.086150089724355,0.011883175848638688,0.1673945035421191,2,1
"frozenset({'DAY=Monday', 'DOMESTIC=N'})",frozenset({'TIME=Morning'}),0.11564667024054508,0.21119027443927577,0.025610873813270617,0.22145794392523363,1.0486180981260582,1.0,0.0011874217871814773,1.013188329912099,0.05242697519083636,0.08502210230208393,0.013016661880859932,0.17136356766374272,2,1
"frozenset({'TIME=Afternoon', 'CRIME=ASSAULT'})",frozenset({'ARREST=N'}),0.03191415774638145,0.845924049319522,0.028299929098863853,0.8867515578434029,1.0482637992816533,1.0,0.0013029755474228653,1.36051276067379,0.047559474706326633,0.03331212946235465,0.2649830057420755,0.46010300704674933,2,1
"frozenset({'LOCATION=STREET', 'DOMESTIC=N', 'TIME=Morning'})",frozenset({'ARREST=N'}),0.044200805851937676,0.845924049319522,0.039190170681515556,0.8866392801251957,1.0481310713868766,1.0,0.0017996460120584118,1.3591652456921548,0.048044455238618056,0.04605543926677099,0.2642542890428676,0.4664837590594752,3,1
"frozenset({'DAY=Friday', 'TIME=Afternoon'})","frozenset({'ARREST=N', 'DOMESTIC=N'})",0.04731786189842115,0.6856183097860861,0.03400228267072475,0.7185929648241206,1.0480947701766055,1.0,0.001560290173237798,1.1171777920101584,0.04816696443239929,0.0486487823887078,0.10488732666205108,0.38409328420789735,2,2
"frozenset({'DOMESTIC=N', 'LOCATION=RESTAURANT'})",frozenset({'ARREST=N'}),0.02101526968371176,0.845924049319522,0.01862884119874799,0.886443118699856,1.0478991812715672,1.0,0.0008515191703607483,1.3568173845250067,0.04669094578278859,0.021959932932764586,0.2629811414525183,0.4542325012978094,2,1
frozenset({'DAY=Friday'}),"frozenset({'DOMESTIC=N', 'TIME=Afternoon'})",0.14742248430663876,0.2616900409843153,0.040426617324087366,0.27422287390029326,1.0478918986325854,1.0,0.0018476213638734876,1.0172681563875248,0.05360578950028179,0.10965056285178236,0.016975028933223023,0.21435285044075475,1,2
"frozenset({'CRIME=BATTERY', 'DOMESTIC=N'})",frozenset({'TIME=Evening'}),0.08516350493714009,0.2789830010202846,0.02489321597177789,0.29229910147723237,1.047730866784889,1.0,0.0011340457870087223,1.0188160004950444,0.04979733498302573,0.07337649097767358,0.018468497241799955,0.19076376716173066,2,1
frozenset({'DAY=Thursday'}),frozenset({'TIME=Afternoon'}),0.1399000466909921,0.31149808912791604,0.0456577377349681,0.3263597033374537,1.0477101296227687,1.0,0.002079140521817825,1.0220616466728125,0.05294446078294946,0.11252943495540804,0.021585436401640946,0.2364671996951522,1,1
"frozenset({'DAY=Friday', 'LOCATION=APARTMENT'})",frozenset({'ARREST=N'}),0.028083767098414234,0.845924049319522,0.024884569491759906,0.8860837438423647,1.0474743501560784,1.0,0.001127835507722972,1.3525369940816028,0.046632295662760406,0.02930619268974436,0.2606486888153338,0.45775038476685537,2,1
"frozenset({'CRIME=CRIMINAL DAMAGE', 'DOMESTIC=N'})",frozenset({'TIME=Evening'}),0.09622667612015148,0.2789830010202846,0.028118353018486173,0.29220954263635546,1.0474098477960998,1.0,0.001272746136279354,1.0186870866631017,0.050083236912254386,0.08101139689854893,0.018344285411838048,0.19649915541264396,2,1
"frozenset({'ARREST=N', 'DAY=Sunday'})",frozenset({'LOCATION=STREET'}),0.119641344008854,0.2777638473377488,0.03480208207238833,0.2908867529088675,1.047244829364571,1.0,0.0015700420598299264,1.0185060787186677,0.05124440103444648,0.09597844359925124,0.01816982647953316,0.20809026590018387,2,1
"frozenset({'DAY=Monday', 'TIME=Afternoon', 'CRIME=THEFT'})",frozenset({'ARREST=N'}),0.011703010704342261,0.845924049319522,0.01036712954156363,0.8858514961211674,1.0471998010149537,1.0,0.00046727133731671276,1.3497851083885248,0.04560612196610254,0.012236067313678066,0.25914133013819113,0.44905344330101526,3,1
frozenset({'DAY=Friday'}),frozenset({'TIME=Evening'}),0.14742248430663876,0.2789830010202846,0.0430594704895637,0.2920821114369502,1.046953077315679,1.0,0.001931103399831803,1.0185037143831108,0.05260208616706911,0.11232533748350647,0.018167547277250923,0.223213267523654,1,1
frozenset({'LOCATION=RESIDENCE'}),frozenset({'TIME=Night'}),0.11572448856070694,0.19832863541252357,0.024024244729970428,0.2075986252241482,1.0467405515716026,1.0,0.0010727648299132253,1.0116986038978628,0.05049718695315789,0.08283397430164267,0.011563329091085572,0.1643660701052621,1,1
"frozenset({'LOCATION=STREET', 'TIME=Morning'})",frozenset({'ARREST=N'}),0.0486450965811818,0.845924049319522,0.043072440209590675,0.8854425879843583,1.0467164146670445,1.0,0.0019223831300981264,1.3449671040005717,0.04691350799791481,0.050584388549843116,0.25648739138264093,0.4681801045344725,2,1
frozenset({'LOCATION=RESTAURANT'}),frozenset({'ARREST=N'}),0.021888564165528212,0.845924049319522,0.019376761720303663,0.8852459016393442,1.0464839040235983,1.0,0.0008606988876098537,1.3426618559298793,0.045413158301840936,0.022838216560509553,0.2552108369032082,0.4540759658603786,1,1
frozenset({'LOCATION=APARTMENT'}),frozenset({'ARREST=N'}),0.19613675272796444,0.845924049319522,0.17362131876113235,0.8852054311408923,1.0464360622599262,1.0,0.007704522673110864,1.3421885043148867,0.055202724650499954,0.19992333617089067,0.25494817100192274,0.5452250011649962,1,1
frozenset({'ARREST=N'}),frozenset({'LOCATION=APARTMENT'}),0.845924049319522,0.19613675272796444,0.17362131876113235,0.20524457118909997,1.0464360622599262,1.0,0.007704522673110864,1.0114599009090917,0.28801017485097674,0.19992333617089067,0.01133005954936183,0.5452250011649962,1,1
frozenset({'CRIME=CRIMINAL DAMAGE'}),frozenset({'TIME=Evening'}),0.11144015771179552,0.2789830010202846,0.03253238106766735,0.2919269115878496,1.0463967715603715,1.0,0.0014424714350568212,1.0182804724249463,0.04990047608794088,0.09090030561830328,0.01795229597343953,0.20426876641982555,1,1
"frozenset({'LOCATION=SIDEWALK', 'DOMESTIC=N'})",frozenset({'TIME=Evening'}),0.043271309250004324,0.2789830010202846,0.012628184066266623,0.2918373463882506,1.0460757297790748,1.0,0.0005562243536236158,1.018151684930583,0.04603840812767574,0.040785266479565485,0.01782807532437611,0.16855120639522245,2,1
"frozenset({'DOMESTIC=Y', 'LOCATION=APARTMENT'})",frozenset({'TIME=Evening'}),0.09336036799418956,0.2789830010202846,0.02724505853666972,0.29182681176198194,1.0460379689612826,1.0,0.001199102897292588,1.0181365391333914,0.04854382656826609,0.07894868711164563,0.01781346453671984,0.19474265074005095,2,1
"frozenset({'DOMESTIC=N', 'TIME=Night', 'DAY=Saturday'})",frozenset({'ARREST=N'}),0.0265792795752849,0.845924049319522,0.023518425648918324,0.8848405985686402,1.04600477936574,1.0,0.0010343738425976565,1.3379363626886698,0.04518233765792694,0.027701818441059796,0.2525802961282589,0.4563213260182432,3,1
"frozenset({'DAY=Wednesday', 'TIME=Afternoon', 'CRIME=THEFT', 'DOMESTIC=N'})",frozenset({'ARREST=N'}),0.01223476922544832,0.845924049319522,0.010825392982516818,0.8848056537102474,1.045963469677925,1.0,0.0004757074568357035,1.337530492103537,0.044487966305268904,0.012775836118268324,0.2523534933193949,0.44880138769000305,4,1
"frozenset({'DAY=Wednesday', 'TIME=Afternoon'})","frozenset({'ARREST=N', 'DOMESTIC=N'})",0.045813374375291815,0.6856183097860861,0.032852300828332785,0.7170897423799188,1.0459022639049005,1.0,0.001441812523548025,1.1112417515666597,0.045994899844223364,0.047027297988080724,0.10010580632866614,0.38250302717807966,2,2
frozenset({'ARREST=Y'}),"frozenset({'DOMESTIC=N', 'TIME=Afternoon'})",0.15407595068047797,0.2616900409843153,0.042164559807702284,0.2736608771289879,1.045744332110025,1.0,0.001844417959430661,1.016481056530943,0.05171069796353914,0.11285973824594697,0.0162138353932434,0.21739246463378076,1,2
"frozenset({'ARREST=N', 'DOMESTIC=N', 'CRIME=CRIMINAL DAMAGE'})",frozenset({'TIME=Evening'}),0.09253895239248103,0.2789830010202846,0.026994310616148168,0.2917075449661294,1.0456104633590904,1.0,0.0011775159664205621,1.017965098816754,0.04806916426785624,0.07835165386738946,0.017648049857147338,0.19423362092799815,3,1
"frozenset({'DAY=Wednesday', 'TIME=Night'})",frozenset({'ARREST=N'}),0.024880246251750913,0.845924049319522,0.022005291645771006,0.8844483058210251,1.0455410347211345,1.0,0.0009584929884230119,1.3333941295731575,0.044668755927420215,0.025925209082481894,0.2500341963256451,0.4552308121155987,2,1
"frozenset({'DAY=Tuesday', 'ARREST=N', 'TIME=Afternoon'})",frozenset({'DOMESTIC=N'}),0.038766493160634304,0.8082599823611808,0.03274854306811697,0.8447641351622617,1.0451638749878978,1.0,0.001415137989897848,1.2351528291431697,0.04495498997370056,0.04021789337878087,0.19038358945936773,0.44264073668686105,3,1
"frozenset({'LOCATION=RESIDENCE', 'ARREST=N', 'DOMESTIC=N'})",frozenset({'TIME=Night'}),0.06330520345167483,0.19832863541252357,0.01312103342729175,0.20726627057297,1.0450647741404369,1.0,0.0005657988122089036,1.0112744479371483,0.04603581984213196,0.05279821860376111,0.011148751914128249,0.1367121543600545,3,1
"frozenset({'LOCATION=RESIDENCE', 'CRIME=THEFT'})",frozenset({'DOMESTIC=N'}),0.01646722119425182,0.8082599823611808,0.013907863108928355,0.8445786295615647,1.044934362696376,1.0,0.0005980671969247169,1.2336785932200378,0.04372207217003919,0.01715285072167807,0.1894161044086132,0.43089289742278025,2,1
"frozenset({'ARREST=N', 'CRIME=CRIMINAL DAMAGE'})",frozenset({'TIME=Evening'}),0.10640358310131945,0.2789830010202846,0.03098898438445709,0.29124004550625715,1.043934735955763,1.0,0.0013041934515397452,1.0172936470355856,0.04709700100026141,0.08744129307715767,0.016999660900252043,0.20115922096794006,2,1
"frozenset({'ARREST=N', 'DAY=Thursday'})",frozenset({'TIME=Afternoon'}),0.1186253826067408,0.31149808912791604,0.038571947360229654,0.32515762236233103,1.0438510980040256,1.0,0.0016203673561619655,1.020241072118546,0.04766300072156362,0.09851052788481712,0.01983949938078353,0.22449242912376252,2,1
frozenset({'DAY=Sunday'}),"frozenset({'LOCATION=STREET', 'ARREST=N'})",0.14267989001677417,0.2337446175661888,0.03480208207238833,0.24391721964669877,1.0435201554004956,1.0,0.001451425746031569,1.0134543496358381,0.0486459383022669,0.10187294355859276,0.013275733278635295,0.19640328032476428,1,2
"frozenset({'DAY=Tuesday', 'TIME=Night'})",frozenset({'ARREST=N'}),0.02358327424905321,0.845924049319522,0.020816400643298115,0.8826764436296977,1.0434464469236215,1.0,0.0008667417943262132,1.313256735878138,0.04264311196377801,0.02452765792704359,0.23853426928640267,0.4536421636758488,2,1
"frozenset({'ARREST=N', 'LOCATION=APARTMENT'})",frozenset({'TIME=Night'}),0.17362131876113235,0.19832863541252357,0.035917477994708354,0.20687250996015935,1.0430793794847855,1.0,0.0014833987662901948,1.0107723848371548,0.0499773212253994,0.10688692474944354,0.010657577312908362,0.19398666369942572,2,1
"frozenset({'DAY=Tuesday', 'TIME=Afternoon', 'CRIME=THEFT'})",frozenset({'ARREST=N'}),0.0126411537862936,0.845924049319522,0.011153959223200236,0.8823529411764707,1.0430640219843055,1.0,0.00046050322422794623,1.3096455807840637,0.041814663023679484,0.013162392290307277,0.23643463951421412,0.4477692369436621,3,1
"frozenset({'CRIME=CRIMINAL DAMAGE', 'TIME=Morning'})",frozenset({'DOMESTIC=N'}),0.02162052328497069,0.8082599823611808,0.018226779877911704,0.8430313937212558,1.0430200827937772,1.0,0.0007517761089617971,1.2215182524990256,0.04215714943451956,0.0224563496713575,0.18134665777268222,0.43279101685399535,2,1
"frozenset({'ARREST=N', 'DAY=Wednesday'})","frozenset({'DOMESTIC=N', 'TIME=Afternoon'})",0.12038061805039169,0.2616900409843153,0.032852300828332785,0.272903573352487,1.042850436057839,1.0,0.0013498919570085754,1.0154223455888443,0.046713071962754676,0.09407380813845524,0.01518810931809937,0.19922127668962508,2,2
"frozenset({'DAY=Tuesday', 'TIME=Afternoon'})","frozenset({'ARREST=N', 'DOMESTIC=N'})",0.045813374375291815,0.6856183097860861,0.03274854306811697,0.7148249504576767,1.042598980007846,1.0,0.0013380547633322082,1.1024165358030595,0.04282018899227174,0.04687180946841489,0.09290185014183754,0.3812949639260368,2,2
frozenset({'CRIME=OTHER OFFENSE'}),"frozenset({'ARREST=N', 'TIME=Afternoon'})",0.06777543362097291,0.262424991785844,0.018542376398568143,0.2735855074312687,1.0425284023807169,1.0,0.0007564087873023137,1.0153638394602498,0.04375932651169413,0.05949590090027604,0.015131363618795803,0.17212166098240095,1,2
"frozenset({'LOCATION=STREET', 'TIME=Night'})",frozenset({'ARREST=N'}),0.06760250402061321,0.845924049319522,0.059613156483995365,0.8818187631898701,1.0424325492332585,1.0,0.002426572538738965,1.3037259960988268,0.04365661530107829,0.06981171240956474,0.2329676611555449,0.47614490689531475,2,1
"frozenset({'DAY=Monday', 'TIME=Morning'})",frozenset({'ARREST=N'}),0.031650440105832914,0.845924049319522,0.02790651425804555,0.8817101488867641,1.0423041520051701,1.0,0.0011326458009743717,1.302528908697205,0.041913735331899786,0.03284402269315898,0.23226272113975244,0.4573497670109324,2,1
"frozenset({'ARREST=N', 'DOMESTIC=Y'})",frozenset({'TIME=Evening'}),0.16030573953343594,0.2789830010202846,0.046613173776955404,0.29077669902912623,1.0422738947022228,1.0,0.0018905974811413637,1.0166290334690034,0.04830245630120687,0.11870658049741822,0.01635703183909733,0.2289295932578803,2,1
"frozenset({'DAY=Monday', 'DOMESTIC=N', 'TIME=Morning'})",frozenset({'ARREST=N'}),0.025610873813270617,0.845924049319522,0.022580282566966987,0.8816677920324105,1.0422540803061946,1.0,0.0009154284842337983,1.3020626702298879,0.041606637646413445,0.02659774914701838,0.2319878122122622,0.4541804148822495,3,1
"frozenset({'DAY=Friday', 'TIME=Night'})",frozenset({'ARREST=N'}),0.026142632334376675,0.845924049319522,0.023038546007920175,0.8812634364147511,1.0417760756697445,1.0,0.0009238646037527908,1.297628514992828,0.04117730386318314,0.027135197339946127,0.22936342069708054,0.4542491026678675,2,1
"frozenset({'LOCATION=STREET', 'TIME=Night', 'DAY=Saturday'})",frozenset({'ARREST=N'}),0.01221747626541235,0.845924049319522,0.010764867622390924,0.881104033970276,1.0415876397875832,1.0,0.0004298106274881579,1.2958887994733062,0.04042100598365137,0.012703757557205172,0.22832885012476803,0.44691480311886383,3,1
"frozenset({'DAY=Wednesday', 'TIME=Morning'})","frozenset({'ARREST=N', 'DOMESTIC=N'})",0.031650440105832914,0.6856183097860861,0.02260189876701195,0.7141100942494195,1.0415563354371662,1.0,0.0009017775176650353,1.0996599876044262,0.04120238147496876,0.03253631396173809,0.09062800204409759,0.3735379053305122,2,2
"frozenset({'DAY=Monday', 'TIME=Afternoon'})",frozenset({'DOMESTIC=N'}),0.04409704809172186,0.8082599823611808,0.037119338717208225,0.841764705882353,1.0414529040808063,1.0,0.0014774594044129757,1.2117398884237647,0.041639118161101316,0.04553192166345832,0.17474037988400024,0.4438448523394338,2,1
"frozenset({'DOMESTIC=Y', 'CRIME=OTHER OFFENSE'})",frozenset({'ARREST=N'}),0.0252823075725872,0.845924049319522,0.022273332526328533,0.8809849521203831,1.0414468684618492,1.0,0.0008864205283839535,1.2945921833037866,0.04082965922533537,0.026236854836656227,0.22755597253182097,0.45365756608467167,2,1
frozenset({'CRIME=ASSAULT'}),"frozenset({'DOMESTIC=N', 'TIME=Afternoon'})",0.09008767530738236,0.2616900409843153,0.024534387051031524,0.2723389960648815,1.0406930085704118,1.0,0.0009593396076609424,1.0146345001628199,0.042973192157095705,0.0749729172721748,0.014423420611532008,0.18304630495781782,1,2
"frozenset({'LOCATION=RESIDENCE', 'ARREST=N'})",frozenset({'TIME=Night'}),0.10464834765766856,0.19832863541252357,0.021598907084925727,0.20639510865074776,1.040672257041682,1.0,0.0008441430958049632,1.0101643441543182,0.04365064416841384,0.07676115848505799,0.010062069813825797,0.15764987040166817,2,1
"frozenset({'DAY=Monday', 'TIME=Morning'})","frozenset({'ARREST=N', 'DOMESTIC=N'})",0.031650440105832914,0.6856183097860861,0.022580282566966987,0.7134271274416064,1.040560202752165,1.0,0.0008801613176200734,1.097039253601556,0.04025323103352444,0.032504185154990754,0.08845558924439417,0.3731806579076636,2,2
"frozenset({'CRIME=OTHER OFFENSE', 'TIME=Morning'})",frozenset({'ARREST=N'}),0.017729607276877585,0.845924049319522,0.015602573192453352,0.8800292611558156,1.0403171086857366,1.0,0.0006046720119522002,1.284279418172032,0.03945414031194162,0.018398152537966263,0.2213532461469006,0.4492368374681152,2,1
frozenset({'DAY=Friday'}),"frozenset({'DOMESTIC=N', 'CRIME=THEFT'})",0.14742248430663876,0.2081812993930171,0.031927127466408425,0.21656891495601174,1.0402899568186477,1.0,0.0012365231237056948,1.0107062583079962,0.045426420947462465,0.09863895604322216,0.010592848535359117,0.18496552239473138,1,2
frozenset({'DAY=Wednesday'}),"frozenset({'ARREST=N', 'TIME=Afternoon'})",0.14183253497501166,0.262424991785844,0.038714614280526395,0.27296003901606364,1.0401449845097717,1.0,0.0014942124547435293,1.0144903276237554,0.04497439914616779,0.10590990266460089,0.01428335709981211,0.21024321945531438,1,2
"frozenset({'TIME=Evening', 'ARREST=N', 'CRIME=THEFT'})","frozenset({'LOCATION=STREET', 'DOMESTIC=N'})",0.04885261210161344,0.2548549985300984,0.012948103826932057,0.2650442477876106,1.03998057450817,1.0,0.0004977714415838972,1.0138637587730148,0.04041810833529258,0.044532005055386216,0.013674183195770602,0.15792500769363566,3,2
frozenset({'TIME=Afternoon'}),frozenset({'DOMESTIC=N'}),0.31149808912791604,0.8082599823611808,0.2616900409843153,0.8401015932937324,1.0393952584903836,1.0,0.009918600960244384,1.1991365116667134,0.05505009504982736,0.3049758663428692,0.1660665901915771,0.5819356150810515,1,1
frozenset({'DOMESTIC=N'}),frozenset({'TIME=Afternoon'}),0.8082599823611808,0.31149808912791604,0.2616900409843153,0.3237696368683708,1.0393952584903834,1.0,0.009918600960244384,1.0181469931098999,0.19767441404377145,0.3049758663428692,0.017823549283851825,0.5819356150810515,1,1
"frozenset({'ARREST=N', 'DAY=Friday'})","frozenset({'DOMESTIC=N', 'TIME=Afternoon'})",0.12503242430006745,0.2616900409843153,0.03400228267072475,0.27194771965008124,1.0391978182554558,1.0,0.0012825424312717937,1.0140892061499154,0.04310937329155778,0.09640016179048132,0.013893458351071787,0.20094057109695088,2,2
"frozenset({'DAY=Tuesday', 'TIME=Afternoon', 'CRIME=THEFT', 'DOMESTIC=N'})",frozenset({'ARREST=N'}),0.01217856710533142,0.845924049319522,0.010704342262265031,0.8789492367767128,1.0390403695033341,1.0,0.00040219946161354665,1.2728209767357956,0.03803671943923095,0.012632008570991275,0.21434355790981444,0.44580162982092875,4,1
"frozenset({'DAY=Saturday', 'LOCATION=APARTMENT'})",frozenset({'ARREST=N'}),0.02881007141992495,0.845924049319522,0.02532121673266813,0.8789015606242497,1.0389840096534144,1.0,0.0009500844559405877,1.2723198703032286,0.03863433775241243,0.029810256723467498,0.2140341251122073,0.4544173820732623,2,1
"frozenset({'LOCATION=RESIDENCE', 'DOMESTIC=Y', 'TIME=Afternoon'})",frozenset({'ARREST=N'}),0.013315579227696404,0.845924049319522,0.01169868746433327,0.8785714285714287,1.0385937476043727,1.0,0.0004347187650054138,1.2688607703098196,0.037661097994859255,0.013803094219125395,0.21189146721288535,0.4462004529515224,3,1
"frozenset({'LOCATION=SMALL RETAIL STORE', 'CRIME=THEFT'})","frozenset({'ARREST=N', 'DOMESTIC=N'})",0.02328497068843274,0.6856183097860861,0.01657530219447663,0.7118455254363164,1.0382533769531523,1.0,0.0006106999476548185,1.0910179017346266,0.037722334099022106,0.023941401639804925,0.08342475553326474,0.36801061244291844,2,2
"frozenset({'DAY=Wednesday', 'TIME=Night'})","frozenset({'ARREST=N', 'DOMESTIC=N'})",0.024880246251750913,0.6856183097860861,0.017707991076832623,0.7117289313640313,1.0380833201290842,1.0,0.0006496386946455573,1.09057662880113,0.037622238843600504,0.02556038140881634,0.08305388764905108,0.368778349999339,2,2
"frozenset({'DOMESTIC=N', 'LOCATION=VEHICLE NON-COMMERCIAL'})",frozenset({'ARREST=N'}),0.013652791948397807,0.845924049319522,0.011988344544935756,0.8780873970867638,1.0380215550002563,1.0,0.0004391194954301153,1.2638229928544138,0.03713587686402454,0.01414406235016883,0.20874995497475093,0.44612964470756733,2,1
"frozenset({'DAY=Tuesday', 'CRIME=ASSAULT'})",frozenset({'ARREST=N'}),0.0127535580265274,0.845924049319522,0.011197191623290158,0.8779661016949153,1.0378781669597508,1.0,0.00040865017425860753,1.2625668180761394,0.0369672377528463,0.013212330828601888,0.20796271081813364,0.4456013705608512,2,1
"frozenset({'DAY=Monday', 'ARREST=N', 'TIME=Afternoon'})",frozenset({'DOMESTIC=N'}),0.03695937883687551,0.8082599823611808,0.031001954104484065,0.8388115569072406,1.0377991923549266,1.0,0.0011291672177108705,1.1895394853369126,0.03782026660745167,0.03807576924098017,0.15933854039593265,0.4385839852070449,3,1
"frozenset({'DAY=Friday', 'TIME=Night'})","frozenset({'ARREST=N', 'DOMESTIC=N'})",0.026142632334376675,0.6856183097860861,0.01859425527867605,0.7112617827021664,1.0374019662982472,1.0,0.0006703878842216349,1.0888121882723585,0.03702132971566629,0.026825084978326634,0.08156795931287174,0.36919110044503045,2,2
frozenset({'DAY=Saturday'}),"frozenset({'LOCATION=STREET', 'ARREST=N'})",0.14584882494336557,0.2337446175661888,0.035359780033548345,0.24244130898743183,1.0372059537104865,1.0,0.0012684022246833432,1.0114798912934637,0.04199646132214794,0.10272028534110318,0.011349599129235787,0.19685828928018456,1,2
"frozenset({'DAY=Thursday', 'TIME=Morning'})","frozenset({'ARREST=N', 'DOMESTIC=N'})",0.03160720770574299,0.6856183097860861,0.02247652480675117,0.7111202297907263,1.0371955060718796,1.0,0.0008060444824819074,1.0882786634251538,0.037032096307674386,0.03235200776597532,0.08111770118446796,0.3719515417913017,2,2
frozenset({'DAY=Wednesday'}),frozenset({'TIME=Afternoon'}),0.14183253497501166,0.31149808912791604,0.045813374375291815,0.32301033316060596,1.0369576714416455,1.0,0.0016328107544073614,1.0170050513273508,0.04153091752210028,0.11242069975175574,0.01672071471538553,0.2350423341814799,1,1
frozenset({'LOCATION=VEHICLE NON-COMMERCIAL'}),frozenset({'ARREST=N'}),0.01582305843291196,0.845924049319522,0.013868953948847424,0.8765027322404372,1.0361482605270689,1.0,0.00048384828665912726,1.247606149315375,0.035448047236771724,0.01635724884127656,0.19846499590535763,0.44644888335595856,1,1
"frozenset({'CRIME=ASSAULT', 'LOCATION=APARTMENT'})",frozenset({'ARREST=N'}),0.02379943624950283,0.845924049319522,0.020859633043388035,0.8764759309718437,1.0361165776961871,1.0,0.0007271175596867858,1.2473354536706336,0.035707456398728375,0.024573590901914445,0.19829104748267987,0.45056746070488857,2,1
"frozenset({'TIME=Night', 'DAY=Thursday'})",frozenset({'ARREST=N'}),0.024184204610303146,0.845924049319522,0.021192522524080448,0.8762960314622811,1.03590391142939,1.0,0.0007345222305609571,1.245521485703171,0.035518486154351665,0.024964224056711875,0.19712344469478127,0.4506742718064514,2,1
"frozenset({'DOMESTIC=N', 'TIME=Night', 'DAY=Sunday'})",frozenset({'ARREST=N'}),0.028122676258495165,0.845924049319522,0.02463814481124734,0.8760953112990008,1.035666632251145,1.0,0.0008484966329591268,1.2435037955043537,0.03543485587646736,0.029006234889935107,0.1958207095022101,0.45261051435476285,3,1
frozenset({'DAY=Friday'}),"frozenset({'ARREST=N', 'TIME=Afternoon'})",0.14742248430663876,0.262424991785844,0.04005481868331402,0.2717008797653959,1.0353468163090263,1.0,0.001367474450095628,1.0127363712543878,0.04004336588423602,0.10831696595585484,0.012576196151237617,0.21216713977232088,1,2
"frozenset({'ARREST=N', 'TIME=Afternoon'})",frozenset({'DOMESTIC=N'}),0.262424991785844,0.8082599823611808,0.219525481176613,0.83652658111069,1.034972161639048,1.0,0.007417861944653714,1.1729125073761923,0.04581288226638392,0.2579134498171475,0.14742148820886739,0.5540645710636972,2,1
frozenset({'DOMESTIC=N'}),"frozenset({'ARREST=N', 'TIME=Afternoon'})",0.8082599823611808,0.262424991785844,0.219525481176613,0.2716025610167044,1.034972161639048,1.0,0.007417861944653714,1.0125996725684132,0.1762304887109865,0.2579134498171475,0.012442896151106657,0.5540645710636972,1,2
"frozenset({'ARREST=N', 'DOMESTIC=Y', 'LOCATION=APARTMENT'})",frozenset({'TIME=Evening'}),0.07718712712054922,0.2789830010202846,0.022281979006346517,0.28867480676599083,1.0347397716357691,1.0,0.0007480826421214955,1.0136249999829794,0.03638163169486963,0.06673486035400295,0.013441854712747043,0.1842716985279645,3,1
"frozenset({'ARREST=N', 'DAY=Saturday'})",frozenset({'LOCATION=STREET'}),0.12310425925605686,0.2777638473377488,0.035359780033548345,0.2872344161545215,1.0340957576284466,1.0,0.0011658673589223165,1.0132870736626725,0.03760032753843498,0.09674138033000178,0.013112842360304227,0.20726800419860117,2,1
"frozenset({'LOCATION=RESIDENCE', 'DOMESTIC=N'})",frozenset({'TIME=Night'}),0.0670404828194442,0.19832863541252357,0.01374790322859564,0.20506867866124975,1.0339842163221005,1.0,0.00045185575361853837,1.0084787742887968,0.035229019083182156,0.054637297687364694,0.008407489086496767,0.137193739875584,2,1
frozenset({'DAY=Saturday'}),frozenset({'LOCATION=STREET'}),0.14584882494336557,0.2777638473377488,0.04188787244712677,0.2872006165520512,1.0339740729571179,1.0,0.0013763417011677312,1.0132390255006323,0.03846832030163964,0.10973317024553775,0.013066043813394455,0.21900226005737627,1,1
frozenset({'DAY=Friday'}),"frozenset({'ARREST=N', 'CRIME=THEFT'})",0.14742248430663876,0.20035191173673197,0.0305307209435039,0.2070967741935484,1.0336650766062037,1.0,0.0009943443796904573,1.008506539306807,0.03820022214159523,0.0962374456603208,0.00843478844733488,0.1797411238639235,1,2
"frozenset({'LOCATION=RESIDENCE', 'ARREST=N', 'DOMESTIC=Y'})",frozenset({'TIME=Evening'}),0.04134314420599374,0.2789830010202846,0.01191917270479188,0.28829865105092545,1.0333914611161685,1.0,0.0003851382625893532,1.0130892684753185,0.033706012061337026,0.038647546154169654,0.012920153122357815,0.16551115162454688,3,1
"frozenset({'DAY=Tuesday', 'TIME=Morning'})","frozenset({'ARREST=N', 'DOMESTIC=N'})",0.03170231898594082,0.6856183097860861,0.022450585366697216,0.7081685531160508,1.032890375020761,1.0,0.0007148950072571221,1.07727146464422,0.03288559493924076,0.03230904192771684,0.07172886981624435,0.3704567866312335,2,2
frozenset({'ARREST=N'}),frozenset({'TIME=Night'}),0.845924049319522,0.19832863541252357,0.17326248984038597,0.20482038544685158,1.0327322881076915,1.0,0.005491527476208874,1.0081638788463863,0.20570921823437277,0.198925878679883,0.008097769636150748,0.5392167322329625,1,1
frozenset({'TIME=Night'}),frozenset({'ARREST=N'}),0.19832863541252357,0.845924049319522,0.17326248984038597,0.8736130790190735,1.0327322881076912,1.0,0.005491527476208874,1.2190814483385515,0.03953595545914055,0.198925878679883,0.179710263524337,0.5392167322329625,1,1
"frozenset({'DAY=Sunday', 'LOCATION=APARTMENT'})",frozenset({'ARREST=N'}),0.028338838258944784,0.845924049319522,0.024754872291490135,0.8735316552250191,1.032636033846898,1.0,0.0007823674784725697,1.2182965702177722,0.03252634433529163,0.029140245702246333,0.1791817982207332,0.4513976803842823,2,1
"frozenset({'DAY=Friday', 'DOMESTIC=N'})","frozenset({'TIME=Evening', 'ARREST=N'})",0.1210550434917945,0.22744133363307797,0.028429626299133624,0.2348487554015928,1.0325684942582378,1.0,0.0008967057643496264,1.0096809902889234,0.035885345513874504,0.0888240538131129,0.00958816733407366,0.17992318969114027,2,2
"frozenset({'LOCATION=RESIDENCE', 'TIME=Evening'})",frozenset({'ARREST=N'}),0.029000293980320613,0.845924049319522,0.025329863212686116,0.8734347048300537,1.0325214249821386,1.0,0.0007978170973967427,1.2173633417722574,0.03243780032910521,0.02981406283393888,0.1785525605328449,0.4516890648477576,2,1
"frozenset({'ARREST=N', 'DAY=Wednesday'})",frozenset({'TIME=Afternoon'}),0.12038061805039169,0.31149808912791604,0.038714614280526395,0.3216017238283354,1.0324356233731833,1.0,0.0012162817897918635,1.0148933672966214,0.035716136788876134,0.09846935409381803,0.014674809961851368,0.2229434811336203,2,1
frozenset({'DAY=Sunday'}),"frozenset({'LOCATION=STREET', 'DOMESTIC=N'})",0.14267989001677417,0.2548549985300984,0.037538692998080485,0.26309729418537714,1.0323411182939985,1.0,0.0011760098375808992,1.0111850527759525,0.03654170407110546,0.10427524918938394,0.01106133120267822,0.20519580570167922,1,2
"frozenset({'DAY=Friday', 'TIME=Morning'})","frozenset({'ARREST=N', 'DOMESTIC=N'})",0.03090251958427724,0.6856183097860861,0.021853978245456276,0.7071908226077225,1.0314643184315877,1.0,0.000666644999952691,1.0736743056135007,0.031477240716148144,0.03145965322811516,0.06861885883671497,0.3695328344542689,2,2
frozenset({'DAY=Thursday'}),"frozenset({'DOMESTIC=N', 'CRIME=THEFT'})",0.1399000466909921,0.2081812993930171,0.030037871582478774,0.21470951792336218,1.0313583330941782,1.0,0.0009132980772042776,1.008313125753265,0.03535041063258146,0.09444580376804503,0.008244587460918456,0.17949829843919074,1,2
frozenset({'ARREST=Y'}),"frozenset({'LOCATION=STREET', 'DOMESTIC=N'})",0.15407595068047797,0.2548549985300984,0.040495789164231244,0.2628300457364124,1.0312924888752855,1.0,0.0012287629800345132,1.0108184648060985,0.035869628591061714,0.10991293328013894,0.010702678258033128,0.2108637081947541,1,2
frozenset({'DAY=Thursday'}),"frozenset({'ARREST=N', 'CRIME=THEFT'})",0.1399000466909921,0.20035191173673197,0.02890085946011379,0.2065822002472188,1.0310967260381003,1.0,0.0008716176535154586,1.0078524687906274,0.03506439383498271,0.09282401621816769,0.007791287945198742,0.17541634018143906,1,2
frozenset({'DAY=Friday'}),frozenset({'CRIME=THEFT'}),0.14742248430663876,0.2199794213775572,0.03342729174952877,0.22674486803519064,1.0307549070511541,1.0,0.0009973789537123731,1.0087493071535687,0.034996541895581705,0.1000893192321135,0.008673420731516583,0.18935065857196515,1,1
"frozenset({'DAY=Monday', 'TIME=Night'})",frozenset({'ARREST=N'}),0.02796271637816245,0.845924049319522,0.02437442717069881,0.8716759431045146,1.0304423237590985,1.0,0.0007200929021103086,1.2006786132546166,0.030392833366539137,0.028692257975867563,0.16713765951960086,0.45024495477392246,2,1
"frozenset({'DAY=Monday', 'DOMESTIC=N'})",frozenset({'TIME=Afternoon'}),0.11564667024054508,0.31149808912791604,0.037119338717208225,0.3209719626168224,1.030413905637206,1.0,0.0010956219232721998,1.0139521094378026,0.03337602928855388,0.09517158818834796,0.01376012664497386,0.22006794988666026,2,1
frozenset({'DAY=Friday'}),frozenset({'TIME=Afternoon'}),0.14742248430663876,0.31149808912791604,0.04731786189842115,0.3209677419354839,1.0304003560152792,1.0,0.001396039742412987,1.013945806985017,0.034604995281873614,0.11496003445124832,0.013753996405867924,0.2364359611248507,1,1
"frozenset({'CRIME=BATTERY', 'ARREST=N', 'DOMESTIC=N'})",frozenset({'TIME=Evening'}),0.07090545938748335,0.2789830010202846,0.020379753402389886,0.2874214986891043,1.0302473542759194,1.0,0.0005983355537478689,1.0118422007586474,0.031599919554748106,0.06184890708231651,0.011703604326611881,0.18023583031338886,3,1
"frozenset({'DOMESTIC=N', 'CRIME=ASSAULT'})",frozenset({'ARREST=N'}),0.06491777197502896,0.845924049319522,0.05655230255762879,0.8711374533830581,1.029805753937151,1.0,0.0016367980157109066,1.1956612276062317,0.03095244743657193,0.06619805267099856,0.16364269668420584,0.46899507424786147,2,1
frozenset({'DAY=Monday'}),frozenset({'LOCATION=APARTMENT'}),0.14262801113666626,0.19613675272796444,0.028779808739862002,0.20178230426479948,1.0287837514301323,1.0,0.0008052137874683327,1.007072696542558,0.03263277514988949,0.09284259853281639,0.007023024819201039,0.17425784231049884,1,1
frozenset({'DAY=Wednesday'}),"frozenset({'DOMESTIC=N', 'CRIME=THEFT'})",0.14183253497501166,0.2081812993930171,0.030370761063171183,0.21413113055140673,1.0285800462180668,1.0,0.0008438796358677114,1.007571022838154,0.032378206329034084,0.09501460722787274,0.007514133164357792,0.1800086229656149,1,2
frozenset({'ARREST=Y'}),frozenset({'LOCATION=STREET'}),0.15407595068047797,0.2777638473377488,0.044019229771559996,0.2856982519150369,1.0285652890156012,1.0,0.0012225009283292065,1.011107917065246,0.0328303404528745,0.11350411343722827,0.010985886746379176,0.2220877133285281,1,1
"frozenset({'ARREST=N', 'DAY=Friday'})",frozenset({'TIME=Afternoon'}),0.12503242430006745,0.31149808912791604,0.04005481868331402,0.32035545105632585,1.028434723157395,1.0,0.0011074574348121993,1.0130323445427116,0.03159950747675383,0.10102717320190167,0.012864687502741588,0.2244715688635318,2,1
frozenset({'LOCATION=PARKING LOT / GARAGE (NON RESIDENTIAL)'}),frozenset({'TIME=Evening'}),0.0358915385546544,0.2789830010202846,0.01029363446141076,0.2867983618405204,1.0280137527793942,1.0,0.0002805053241980264,1.0109581363839886,0.02826483617229541,0.03379605972860955,0.01083935722915686,0.1618476785415585,1,1
"frozenset({'LOCATION=STREET', 'ARREST=Y'})","frozenset({'DOMESTIC=N', 'TIME=Afternoon'})",0.044019229771559996,0.2616900409843153,0.011841354384630017,0.2690041249263406,1.0279494164719234,1.0,0.00032196034161248964,1.0100056432483813,0.0284414572397796,0.04029481860711449,0.009906522122194394,0.15712683324177962,2,2
frozenset({'TIME=Afternoon'}),"frozenset({'ARREST=N', 'DOMESTIC=N'})",0.31149808912791604,0.6856183097860861,0.219525481176613,0.7047410203741742,1.0278911900617917,1.0,0.005956687807135597,1.0647658899733443,0.03941075469205453,0.282314872986662,0.060826413189255725,0.512463580954921,1,2
"frozenset({'ARREST=N', 'DOMESTIC=N'})",frozenset({'TIME=Afternoon'}),0.6856183097860861,0.31149808912791604,0.219525481176613,0.32018614153566766,1.0278911900617915,1.0,0.005956687807135597,1.012780046036981,0.08631030609933905,0.282314872986662,0.01261877747985765,0.512463580954921,2,1
frozenset({'DAY=Saturday'}),"frozenset({'LOCATION=STREET', 'ARREST=N', 'DOMESTIC=N'})",0.14584882494336557,0.21435920936586716,0.03213031974683107,0.220298790609438,1.0277085424094525,1.0,0.0008662809450304607,1.0076177658467573,0.03156523096745407,0.09793508769617984,0.007560174209865904,0.1850944369520578,1,3
"frozenset({'TIME=Evening', 'LOCATION=APARTMENT'})",frozenset({'ARREST=N'}),0.05074619122555208,0.845924049319522,0.04411434105175783,0.8693133412847163,1.0276493994750582,1.0,0.0011869174826960177,1.1789723005785202,0.02834382004654798,0.051743634731723144,0.1518036517827422,0.46073131711165066,2,1
"frozenset({'TIME=Night', 'DAY=Saturday'})",frozenset({'ARREST=N'}),0.034417313711588016,0.845924049319522,0.029916820862226988,0.8692375329732445,1.0275597834964927,1.0,0.000802387480620146,1.178288802466171,0.027776609485884812,0.035178689441309544,0.1513116326769895,0.45230169019962735,2,1
"frozenset({'DAY=Wednesday', 'CRIME=ASSAULT'})",frozenset({'ARREST=N'}),0.012922164386878102,0.845924049319522,0.011227454303353104,0.8688524590163934,1.0271045724676056,1.0,0.0002962846792326605,1.1748291239386441,0.02673477285628242,0.013245877558514953,0.14881238503223784,0.441062436572167,2,1
frozenset({'DAY=Thursday'}),frozenset({'CRIME=THEFT'}),0.1399000466909921,0.2199794213775572,0.03160720770574299,0.22592707045735475,1.0270372975915298,1.0,0.0008320763839653154,1.0076835771576609,0.030607519970308503,0.09628351683084864,0.007624989958984693,0.18480481817190006,1,1
"frozenset({'CRIME=BATTERY', 'DOMESTIC=Y', 'LOCATION=APARTMENT'})","frozenset({'TIME=Evening', 'ARREST=N'})",0.05011932142424819,0.22744133363307797,0.011707333944351254,0.2335892348831191,1.0270307122801139,1.0,0.00030812863883534873,1.0080216791436947,0.0277079889077467,0.044036816599993485,0.007957843873466082,0.14253165863223036,3,2
"frozenset({'ARREST=N', 'CRIME=THEFT'})","frozenset({'TIME=Evening', 'DOMESTIC=N'})",0.20035191173673197,0.2221669808221073,0.045688000415031044,0.22803875450445593,1.0264295515950241,1.0,0.0011764210825439755,1.007606306296606,0.03220043542824668,0.12124271488229085,0.0075488871487541295,0.2168429387147978,2,2
"frozenset({'TIME=Evening', 'DOMESTIC=N'})","frozenset({'ARREST=N', 'CRIME=THEFT'})",0.2221669808221073,0.20035191173673197,0.045688000415031044,0.20564712292513965,1.0264295515950241,1.0,0.0011764210825439755,1.0066660691252316,0.033103527359454245,0.12124271488229085,0.006621926902755666,0.2168429387147978,2,2
"frozenset({'DAY=Friday', 'DOMESTIC=N'})",frozenset({'TIME=Evening'}),0.1210550434917945,0.2789830010202846,0.034663738392100574,0.28634691618156494,1.0263955693872004,1.0,0.0008914390701186686,1.010318620248762,0.02925867046799715,0.09487185555055966,0.010213233767998157,0.2052986382367588,2,1
"frozenset({'DAY=Friday', 'CRIME=ASSAULT'})",frozenset({'ARREST=N'}),0.013384751067840282,0.845924049319522,0.011620869144171408,0.8682170542635659,1.0263534355855903,1.0,0.0002983863217301593,1.1691645669283328,0.026025104163797524,0.013708900074970547,0.1446884140294872,0.4409772697532508,2,1
"frozenset({'DAY=Thursday', 'CRIME=ASSAULT'})",frozenset({'ARREST=N'}),0.01286163902675221,0.845924049319522,0.01116260570321822,0.8678991596638655,1.0259776399098959,1.0,0.0002826359368219948,1.1663510261435674,0.025649787256950527,0.013169303587640646,0.14262518094024554,0.4405474568589529,2,1
frozenset({'DAY=Saturday'}),"frozenset({'LOCATION=STREET', 'DOMESTIC=N'})",0.14584882494336557,0.2548549985300984,0.03812665363930344,0.26141214133270096,1.025728915816529,1.0,0.0009563515727454286,1.0088779455628125,0.02936663224439571,0.1051545900056041,0.008799821228979172,0.20550674920748702,1,2
"frozenset({'DOMESTIC=N', 'DAY=Thursday', 'TIME=Morning'})",frozenset({'ARREST=N'}),0.02590917737389109,0.845924049319522,0.02247652480675117,0.8675120974470214,1.0255200784808816,1.0,0.0005593285680914779,1.1629435421008862,0.025546910480997383,0.026462998121783744,0.1401130288805978,0.4470412395304346,3,1
"frozenset({'DOMESTIC=N', 'CRIME=OTHER OFFENSE'})","frozenset({'ARREST=N', 'TIME=Afternoon'})",0.042493126048385704,0.262424991785844,0.011434969823784738,0.2691016380099705,1.025442112729778,1.0,0.0002837115695822866,1.0091348490725138,0.025911951557902248,0.03896295205126316,0.009052158966573782,0.15633793948075994,2,2
"frozenset({'DAY=Monday', 'TIME=Afternoon'})","frozenset({'ARREST=N', 'DOMESTIC=N'})",0.04409704809172186,0.6856183097860861,0.031001954104484065,0.7030392156862746,1.0254090441453114,1.0,0.0007682105252819725,1.058663994777789,0.025922529740664186,0.04437005779059263,0.05541323315723272,0.37412836380981845,2,2
frozenset({'CRIME=THEFT'}),"frozenset({'TIME=Evening', 'DOMESTIC=N'})",0.2199794213775572,0.2221669808221073,0.0501106749442302,0.22779710315822574,1.02534185014931,1.0,0.00123851105378419,1.0072909883647745,0.031685719571884326,0.12782170465698436,0.0072382146261533295,0.22667560503413242,1,2
"frozenset({'TIME=Evening', 'DOMESTIC=N'})",frozenset({'CRIME=THEFT'}),0.2221669808221073,0.2199794213775572,0.0501106749442302,0.2255541069100391,1.0253418501493097,1.0,0.00123851105378419,1.007198289231336,0.031774831750716874,0.12782170465698436,0.0071468441798383095,0.22667560503413242,2,1
"frozenset({'LOCATION=STREET', 'CRIME=ASSAULT'})","frozenset({'ARREST=N', 'DOMESTIC=N'})",0.01759558683659882,0.6856183097860861,0.012368789665727083,0.7029484029484029,1.0252765903637022,1.0,0.00030493315912389317,1.0583403467085437,0.025094996766467065,0.017903853615189178,0.05512437174863761,0.36049437311283966,2,2
"frozenset({'TIME=Night', 'DAY=Thursday'})","frozenset({'ARREST=N', 'DOMESTIC=N'})",0.024184204610303146,0.6856183097860861,0.016990333235339893,0.7025384340364677,1.0246786353410846,1.0,0.0004091997469029794,1.0568817157792276,0.024681162752268993,0.024523721864801284,0.053820323438265975,0.3636597359066813,2,2
"frozenset({'ARREST=N', 'DAY=Wednesday', 'TIME=Morning'})",frozenset({'DOMESTIC=N'}),0.027292614176768638,0.8082599823611808,0.02260189876701195,0.8281324251544432,1.0245866963934163,1.0,0.0005423709139064162,1.115626480510475,0.024670005843707075,0.027802299486284977,0.10364264610998485,0.42804803727487933,3,1
"frozenset({'LOCATION=RESIDENCE', 'ARREST=N'})",frozenset({'TIME=Afternoon'}),0.10464834765766856,0.31149808912791604,0.03338838258944784,0.31905312732380403,1.0242538829597299,1.0,0.0007906222636902549,1.011094901084127,0.02644721945969763,0.08723103857231604,0.010973155014658526,0.2131198018787454,2,1
"frozenset({'DOMESTIC=N', 'TIME=Morning'})",frozenset({'ARREST=N'}),0.16994224151347986,0.845924049319522,0.1472279385062341,0.8663410414917704,1.0241357273016085,1.0,0.0034697094147150553,1.1527543862388485,0.028391906763321758,0.1694927907705937,0.13251251789832547,0.5201924813017218,2,1
"frozenset({'ARREST=N', 'DAY=Saturday'})","frozenset({'LOCATION=STREET', 'DOMESTIC=N'})",0.12310425925605686,0.2548549985300984,0.03213031974683107,0.26100087796312554,1.0241152006767538,1.0,0.0007565839350798381,1.0083164908451954,0.026853080103116385,0.09290812946132787,0.008247897282949678,0.19353691056765268,2,2
"frozenset({'DOMESTIC=N', 'TIME=Morning', 'DAY=Saturday'})",frozenset({'ARREST=N'}),0.021503795804727895,0.845924049319522,0.01862884119874799,0.8663047848813833,1.0240928669403073,1.0,0.00043826317587241856,1.1524417724581926,0.024043074141421646,0.021947293897134474,0.1322772014181937,0.44416333438857303,3,1
"frozenset({'DAY=Thursday', 'TIME=Morning'})",frozenset({'ARREST=N'}),0.03160720770574299,0.845924049319522,0.027366109256921508,0.8658186294624539,1.0235181635501858,1.0,0.000628812126796198,1.1482663358052754,0.02372773611325667,0.032189168573607936,0.1291219041976848,0.4490845903241926,2,1
"frozenset({'ARREST=N', 'DAY=Friday'})","frozenset({'TIME=Evening', 'DOMESTIC=N'})",0.12503242430006745,0.2221669808221073,0.028429626299133624,0.22737802980533176,1.0234555511531978,1.0,0.0006515500875189546,1.0067446295656224,0.026192967077828817,0.08918545040279927,0.006699444295553439,0.17767157926468888,2,2
"frozenset({'DAY=Wednesday', 'TIME=Morning'})",frozenset({'DOMESTIC=N'}),0.031650440105832914,0.8082599823611808,0.026181541494457606,0.8272093976232755,1.023444703035696,1.0,0.0005997573327934866,1.1096669321215773,0.0236563748902228,0.03217477234329674,0.09882869259869231,0.4298009364491694,2,1
frozenset({'TIME=Morning'}),frozenset({'ARREST=N'}),0.21119027443927577,0.845924049319522,0.18279523406021408,0.8655475946775845,1.0231977626996749,1.0,0.00414430192964077,1.145951612475845,0.028741819860304885,0.209071534882341,0.12736280562537405,0.5408185054938909,1,1
frozenset({'ARREST=N'}),frozenset({'TIME=Morning'}),0.845924049319522,0.21119027443927577,0.18279523406021408,0.21608941631019732,1.0231977626996749,1.0,0.00414430192964077,1.0062496182254126,0.14714708516152275,0.209071534882341,0.006210803077306134,0.5408185054938909,1,1
"frozenset({'DAY=Tuesday', 'TIME=Morning'})",frozenset({'ARREST=N'}),0.03170231898594082,0.845924049319522,0.027439604337074378,0.8655393426973954,1.0231880077102102,1.0,0.0006218502876681534,1.1458812843204316,0.023404485743247203,0.032274795962472354,0.12730924775243793,0.4489883876502069,2,1
frozenset({'DAY=Wednesday'}),frozenset({'CRIME=THEFT'}),0.14183253497501166,0.2199794213775572,0.03191848098639044,0.22504343585210473,1.0230204009213026,1.0,0.0007182420100752332,1.0065345784639113,0.026221440300497324,0.09675390200112703,0.006492154967873874,0.18507050632296293,1,1
"frozenset({'ARREST=N', 'DAY=Sunday'})","frozenset({'LOCATION=STREET', 'DOMESTIC=N'})",0.119641344008854,0.2548549985300984,0.03117920694485275,0.2606056226060562,1.0225642977737344,1.0,0.0006880123933372638,1.0077774787742184,0.025065222151444834,0.09081750868886314,0.007717456420715265,0.19147329476358788,2,2
frozenset({'ARREST=Y'}),frozenset({'TIME=Afternoon'}),0.15407595068047797,0.31149808912791604,0.04907309734207204,0.31849939672830324,1.0224762457451613,1.0,0.001078733124536116,1.0102733696298665,0.025985984353927585,0.11782229603487647,0.010168900753694438,0.2380191981698475,1,1
"frozenset({'TIME=Morning', 'DAY=Saturday'})",frozenset({'ARREST=N'}),0.027664412817541978,0.845924049319522,0.023916163729745622,0.8645100796999532,1.0219712755481798,1.0,0.0005141716170836245,1.1371764802818674,0.022110593506948356,0.028147514959091464,0.12062901639318643,0.446391157477194,2,1
frozenset({'CRIME=ASSAULT'}),frozenset({'ARREST=N'}),0.09008767530738236,0.845924049319522,0.07785722932194304,0.8642384105960266,1.0216501248442305,1.0,0.001649898232139832,1.1349009050123018,0.02328941957490871,0.09072635492549044,0.11886580089636951,0.4781382476603701,1,1
"frozenset({'DAY=Monday', 'DOMESTIC=N'})","frozenset({'ARREST=N', 'TIME=Afternoon'})",0.11564667024054508,0.262424991785844,0.031001954104484065,0.2680747663551402,1.0215291025860327,1.0,0.0006533776165488156,1.0077190596929706,0.023831389671636914,0.0893248629795715,0.0076599322189287045,0.19310560281151354,2,2
frozenset({'DAY=Wednesday'}),"frozenset({'ARREST=N', 'CRIME=THEFT'})",0.14183253497501166,0.20035191173673197,0.029026233420374567,0.20465144633767185,1.0214599130283797,1.0,0.0006098138916640801,1.005405849524893,0.024481306126384952,0.09268871831685903,0.005376783442674022,0.17476384758892094,1,2
"frozenset({'DAY=Friday', 'TIME=Morning'})",frozenset({'ARREST=N'}),0.03090251958427724,0.845924049319522,0.026700330295536687,0.864017907106883,1.021389459020483,1.0,0.0005591457946290505,1.1330605920412098,0.021609313226488826,0.03140748877395863,0.11743466587387093,0.4477907074337189,2,1
"frozenset({'DAY=Monday', 'CRIME=ASSAULT'})",frozenset({'ARREST=N'}),0.012632507306275615,0.845924049319522,0.010911857782696665,0.863791923340178,1.0211223147456667,1.0,0.0002257160491135491,1.1311807233375795,0.02095004296879273,0.012873150504674424,0.11596796217542248,0.4383456292209018,2,1
"frozenset({'LOCATION=RESIDENCE', 'DOMESTIC=Y'})",frozenset({'TIME=Morning'}),0.048684005741262734,0.21119027443927577,0.0104968267418334,0.21561140218453068,1.0209343340122707,1.0,0.00021523820853284505,1.0056363998119908,0.021554429936111577,0.04209212419603696,0.0056048088683391395,0.13265728758151815,2,1
frozenset({'DAY=Tuesday'}),"frozenset({'DOMESTIC=N', 'CRIME=THEFT'})",0.13968820793055148,0.2081812993930171,0.029679042661732408,0.21246634273157747,1.020583228902183,1.0,0.0005985700248682425,1.0054410923254038,0.02344278479370824,0.09327445652173912,0.005411647054149624,0.1775148925104496,1,2
"frozenset({'DAY=Wednesday', 'DOMESTIC=N', 'TIME=Morning'})",frozenset({'ARREST=N'}),0.026181541494457606,0.845924049319522,0.02260189876701195,0.8632760898282695,1.0205125277177138,1.0,0.00045430316859328135,1.1269129919335445,0.020640624742913134,0.026606004162913425,0.11262004506291892,0.44499734045916234,3,1
"frozenset({'TIME=Evening', 'ARREST=N', 'DOMESTIC=N', 'CRIME=THEFT'})",frozenset({'LOCATION=STREET'}),0.045688000415031044,0.2777638473377488,0.012948103826932057,0.2834027252081756,1.0203009784191612,1.0,0.0002576290544843707,1.0078689635989266,0.02084962660881306,0.04170031466681519,0.0078075264574353305,0.16500911836682342,4,1
frozenset({'DAY=Sunday'}),"frozenset({'LOCATION=STREET', 'ARREST=N', 'DOMESTIC=N'})",0.14267989001677417,0.21435920936586716,0.03117920694485275,0.2185255885828561,1.0194364367610527,1.0,0.0005944585284481559,1.005331433961393,0.022238909449766434,0.09568286146416537,0.00530316051134007,0.18198933362950762,1,3
"frozenset({'DAY=Tuesday', 'DOMESTIC=N', 'TIME=Morning'})",frozenset({'ARREST=N'}),0.026034551334151865,0.845924049319522,0.022450585366697216,0.8623380936565925,1.0194036856503539,1.0,0.0004273322798945059,1.119234469237441,0.0195431461654803,0.026427749900762347,0.1065321632907518,0.44443890562044014,3,1
"frozenset({'DAY=Friday', 'DOMESTIC=N', 'TIME=Morning'})",frozenset({'ARREST=N'}),0.025342832932713093,0.845924049319522,0.021853978245456276,0.8623336745138178,1.0193984616083394,1.0,0.00041586638978747745,1.1191985413741783,0.019524118508933323,0.02572833323153973,0.10650348170381238,0.44408405970911136,3,1
"frozenset({'DAY=Wednesday', 'TIME=Morning'})",frozenset({'ARREST=N'}),0.031650440105832914,0.845924049319522,0.027292614176768638,0.8623138915448709,1.0193750753847621,1.0,0.0005187457196974589,1.1190377330672414,0.019628053403630625,0.03209831347844435,0.10637508419038139,0.4472887806568576,2,1
frozenset({'DAY=Wednesday'}),"frozenset({'ARREST=N', 'DOMESTIC=N'})",0.14183253497501166,0.6856183097860861,0.09912324692617636,0.6988752400402354,1.0193357296106713,1.0,0.0018802640239329177,1.044024710076716,0.02210402033900055,0.13609706294370444,0.042168264459450336,0.42172510528076,1,2
"frozenset({'DOMESTIC=Y', 'TIME=Morning'})",frozenset({'ARREST=N'}),0.04124803292579591,0.845924049319522,0.03556729555397997,0.8622785871501938,1.0193333406750023,1.0,0.0006745925149257218,1.1187508717217953,0.019782647215443715,0.04176502540828396,0.10614594788117014,0.45216204117435893,2,1
frozenset({'DAY=Tuesday'}),frozenset({'CRIME=THEFT'}),0.13968820793055148,0.2199794213775572,0.031313227385131516,0.22416514499705983,1.0190277962969934,1.0,0.0005846962313009081,1.0053951219032133,0.021704340155566923,0.09536411633816541,0.005366170757821355,0.18325565584660297,1,1
"frozenset({'LOCATION=STREET', 'CRIME=ASSAULT'})",frozenset({'DOMESTIC=N'}),0.01759558683659882,0.8082599823611808,0.014491500510142322,0.8235872235872236,1.0189632563290676,1.0,0.0002696918039583329,1.0868828297910782,0.018943668578238877,0.017860663380844546,0.07993762290621419,0.4207582400236326,2,1
"frozenset({'DAY=Monday', 'TIME=Night'})","frozenset({'ARREST=N', 'DOMESTIC=N'})",0.02796271637816245,0.6856183097860861,0.01953239836062739,0.6985157699443414,1.018811429003813,1.0,0.00036064802040394403,1.042779883232613,0.018995251869235452,0.028142694298581652,0.04102484514756422,0.3635022524882027,2,2
"frozenset({'ARREST=N', 'DAY=Wednesday'})",frozenset({'DOMESTIC=N'}),0.12038061805039169,0.8082599823611808,0.09912324692617636,0.8234153348895673,1.018750591219564,1.0,0.001824410704138732,1.0858248507530857,0.020924365708593122,0.11949508531640556,0.07904115538851499,0.4730265803498902,2,1
frozenset({'DOMESTIC=Y'}),frozenset({'TIME=Morning'}),0.19174001763881923,0.21119027443927577,0.04124803292579591,0.21512479989177247,1.0186302397823155,1.0,0.0007544059796621011,1.0050129312939868,0.02262824137549437,0.11404494382022473,0.004987927157845131,0.20521849001753414,1,1
"frozenset({'LOCATION=RESIDENCE', 'DOMESTIC=N'})","frozenset({'ARREST=N', 'CRIME=THEFT'})",0.0670404828194442,0.20035191173673197,0.013678731388451762,0.2040368865673567,1.0183925114498875,1.0,0.0002470424918225803,1.0046295798994165,0.019358113799545128,0.053914051051358075,0.004608245657946864,0.13615520611733176,2,2
"frozenset({'DOMESTIC=Y', 'TIME=Afternoon'})",frozenset({'ARREST=N'}),0.04980804814360074,0.845924049319522,0.04289951060923098,0.8612967624338164,1.018172687165781,1.0,0.000765684834894538,1.1108316819710793,0.018783925630274933,0.050302382050723134,0.0997736054614662,0.45600497832733444,2,1
"frozenset({'ARREST=N', 'DAY=Friday'})",frozenset({'DOMESTIC=N'}),0.12503242430006745,0.8082599823611808,0.1028801424939907,0.8228277030531448,1.0180235580257322,1.0,0.0018214374346425116,1.0822234680195728,0.020234419129984707,0.12389044205309219,0.07597642303029938,0.4750568282538412,2,1
frozenset({'DAY=Friday'}),"frozenset({'ARREST=N', 'DOMESTIC=N'})",0.14742248430663876,0.6856183097860861,0.1028801424939907,0.6978592375366569,1.0178538518820917,1.0,0.0018045879792072395,1.040513989740315,0.020573710660696593,0.14090069393458543,0.03893651612548357,0.4239568905210982,1,2
"frozenset({'DAY=Monday', 'ARREST=N'})",frozenset({'TIME=Night'}),0.12075241669116503,0.19832863541252357,0.02437442717069881,0.2018545701908274,1.0177782435247935,1.0,0.0004257651455756156,1.0044176595475174,0.019866643773799247,0.082707428705551,0.004398229666240096,0.16237687637606765,2,1
frozenset({'TIME=Morning'}),"frozenset({'ARREST=N', 'DOMESTIC=N'})",0.21119027443927577,0.6856183097860861,0.1472279385062341,0.6971340839303992,1.0167961881705085,1.0,0.002432019501918209,1.0380226811050826,0.020941344700613512,0.19641374059890188,0.036629913582045766,0.4559357749794692,1,2
"frozenset({'ARREST=N', 'DOMESTIC=N'})",frozenset({'TIME=Morning'}),0.6856183097860861,0.21119027443927577,0.1472279385062341,0.2147374660285392,1.0167961881705085,1.0,0.002432019501918209,1.0045172046746245,0.05254357006263206,0.19641374059890188,0.00449689129623992,0.4559357749794692,2,1
"frozenset({'ARREST=N', 'DAY=Tuesday'})",frozenset({'DOMESTIC=N'}),0.11838760440624621,0.8082599823611808,0.09726857696231864,0.8216111598013439,1.0165184194832462,1.0,0.0015806139131436248,1.0748431203728612,0.018432131088902418,0.11727880234776535,0.06963166898895744,0.47097717015939455,2,1
"frozenset({'TIME=Afternoon', 'DAY=Saturday'})",frozenset({'DOMESTIC=N'}),0.04295571272934788,0.8082599823611808,0.035286284953395475,0.8214573268921096,1.0163280934587102,1.0,0.000566901340460807,1.0739170322769496,0.016786861671200522,0.04324673741992572,0.06882936954657345,0.4325572122567439,2,1
"frozenset({'ARREST=N', 'DAY=Thursday', 'TIME=Morning'})",frozenset({'DOMESTIC=N'}),0.027366109256921508,0.8082599823611808,0.02247652480675117,0.8213270142180095,1.0161668672728987,1.0,0.00035759382145764476,1.0731337857238952,0.016357293423527597,0.0276413168304198,0.06814973742958054,0.42456777386553163,3,1
"frozenset({'DAY=Tuesday', 'TIME=Morning'})",frozenset({'DOMESTIC=N'}),0.03170231898594082,0.8082599823611808,0.026034551334151865,0.821219146324833,1.0160334103462532,1.0,0.0004108355497668102,1.0724863076624418,0.01629705108133293,0.03198631737735568,0.06758716371906953,0.4267148808000016,2,1
frozenset({'DAY=Friday'}),frozenset({'DOMESTIC=N'}),0.14742248430663876,0.8082599823611808,0.1210550434917945,0.8211436950146628,1.0159400600483084,1.0,0.001899348926469202,1.0720338746489155,0.018402973145553427,0.14504081717221948,0.06719365530544093,0.4854580512868101,1,1
"frozenset({'ARREST=N', 'DAY=Thursday'})",frozenset({'DOMESTIC=N'}),0.1186253826067408,0.8082599823611808,0.09740692064260639,0.8211305076715624,1.0159237443288764,1.0,0.0015267709892937548,1.0719548378140913,0.017783758248391346,0.11743152737601958,0.06712487809730878,0.470822425270924,2,1
"frozenset({'DOMESTIC=N', 'TIME=Morning', 'DAY=Sunday'})",frozenset({'ARREST=N'}),0.019359468760267694,0.845924049319522,0.016635827554602522,0.8593121929432783,1.0158266497264452,1.0,0.00025918734824208894,1.0951620748367947,0.01588764580763013,0.019602748867798614,0.0868931430546261,0.4394890286172524,3,1
frozenset({'DAY=Wednesday'}),frozenset({'DOMESTIC=N'}),0.14183253497501166,0.8082599823611808,0.11642917668217269,0.8208918828298839,1.015628511548724,1.0,0.0017916144650282073,1.0705266777870563,0.017931255066403064,0.1396597055483242,0.06588035520314713,0.48247052460786866,1,1
frozenset({'DAY=Tuesday'}),"frozenset({'ARREST=N', 'DOMESTIC=N'})",0.13968820793055148,0.6856183097860861,0.09726857696231864,0.6963263284949398,1.0156180465953348,1.0,0.0014957839439265902,1.035261597279023,0.017874768637011117,0.13360371969287593,0.03406056727275596,0.4190980966828847,1,2
frozenset({'DAY=Thursday'}),"frozenset({'ARREST=N', 'DOMESTIC=N'})",0.1399000466909921,0.6856183097860861,0.09740692064260639,0.6962608158220025,1.0155224939066125,1.0,0.0014888870913338653,1.0350383045398572,0.01777145664674727,0.13378023726680047,0.033852181495286765,0.41916623006764514,1,2
"frozenset({'DAY=Sunday', 'TIME=Night'})",frozenset({'ARREST=N'}),0.037158247877289156,0.845924049319522,0.03191848098639044,0.8589877835951134,1.0154431527110503,1.0,0.0004854254764154603,1.092642571038538,0.015795211156291226,0.03749980952961434,0.08478762725717585,0.4483599359844233,2,1
"frozenset({'LOCATION=STREET', 'CRIME=ASSAULT'})",frozenset({'ARREST=N'}),0.01759558683659882,0.845924049319522,0.015114047071437217,0.858968058968059,1.0154198354557122,1.0,0.00022951700446826283,1.0924897548249917,0.015457661473007048,0.01781464816579445,0.0846596084004539,0.4384174834292124,2,1
frozenset({'LOCATION=DEPARTMENT STORE'}),"frozenset({'ARREST=N', 'DOMESTIC=N'})",0.02232088816642745,0.6856183097860861,0.015537724592318468,0.6961069145845439,1.0152980231839641,1.0,0.00023411497472823097,1.034514127835843,0.015411518700365532,0.02244034016408797,0.03336264523331838,0.359384634107814,1,2
"frozenset({'ARREST=N', 'DOMESTIC=N'})",frozenset({'TIME=Night'}),0.6856183097860861,0.19832863541252357,0.1380367302471164,0.201331744320224,1.0151420842555285,1.0,0.002058986453401107,1.003760145575267,0.04744621597258435,0.18505810415278062,0.003746059844916323,0.448665872160112,2,1
frozenset({'TIME=Night'}),"frozenset({'ARREST=N', 'DOMESTIC=N'})",0.19832863541252357,0.6856183097860861,0.1380367302471164,0.696,1.0151420842555283,1.0,0.002058986453401107,1.0341502967562957,0.018606404357964127,0.18505810415278062,0.03302256631691845,0.448665872160112,1,2
frozenset({'DAY=Tuesday'}),frozenset({'DOMESTIC=N'}),0.13968820793055148,0.8082599823611808,0.11460476939837792,0.8204326699885488,1.015060361632414,1.0,0.001700380920365424,1.0677889882674747,0.01724597117397863,0.13752405853941968,0.06348537867717163,0.4811123164231591,1,1
"frozenset({'DAY=Friday', 'TIME=Morning'})",frozenset({'DOMESTIC=N'}),0.03090251958427724,0.8082599823611808,0.025342832932713093,0.8200895355344152,1.014635826876739,1.0,0.0003655629986091258,1.0657524464092376,0.014884683553274158,0.03114060018168006,0.06169579683422037,0.4257221695226915,2,1
"frozenset({'TIME=Night', 'LOCATION=APARTMENT'})",frozenset({'ARREST=N'}),0.04186193300707282,0.845924049319522,0.035917477994708354,0.857998554167097,1.0142737458017512,1.0,0.000505462113022763,1.085030858501141,0.014687729954561145,0.04216317167739185,0.07836722599632082,0.45022900688234135,2,1
"frozenset({'DAY=Thursday', 'TIME=Morning'})",frozenset({'DOMESTIC=N'}),0.03160720770574299,0.8082599823611808,0.02590917737389109,0.8197237040076598,1.0141832107201323,1.0,0.0003623362311610846,1.0635897336550897,0.014441309980924407,0.03183109812773868,0.05978784078383282,0.42588960170028417,2,1
"frozenset({'DAY=Monday', 'ARREST=N', 'DOMESTIC=N'})",frozenset({'TIME=Afternoon'}),0.0981375482041261,0.31149808912791604,0.031001954104484065,0.31590308370044057,1.014141321331559,1.0,0.00043229536720003695,1.0064391381799414,0.015461485108085085,0.08187848962674554,0.006397940954070819,0.2077142132542063,3,1
"frozenset({'DAY=Tuesday', 'ARREST=N', 'TIME=Night'})",frozenset({'DOMESTIC=N'}),0.020816400643298115,0.8082599823611808,0.01705518183547478,0.8193146417445483,1.013677108386677,1.0,0.0002301182186993725,1.0611818217596718,0.01377940670792514,0.02100337012250635,0.05765441935126521,0.42020787527783265,3,1
"frozenset({'ARREST=N', 'LOCATION=PARKING LOT / GARAGE (NON RESIDENTIAL)'})",frozenset({'TIME=Afternoon'}),0.03236809794732565,0.31149808912791604,0.01022013938125789,0.31574729531187384,1.0136411950257995,1.0,0.0001375387219607286,1.0062099954517456,0.013907785614064366,0.030631681243926137,0.006171669412762536,0.17427846639795658,2,1
frozenset({'LOCATION=APARTMENT'}),"frozenset({'ARREST=N', 'TIME=Afternoon'})",0.19613675272796444,0.262424991785844,0.05217286042851955,0.26600246870040556,1.013632378876022,1.0,0.0007016747049813643,1.0048739631429378,0.016730503055558062,0.12838161296156422,0.0048503228481445995,0.2324065159765351,1,2
frozenset({'DAY=Thursday'}),frozenset({'DOMESTIC=N'}),0.1399000466909921,0.8082599823611808,0.11460909263838691,0.819221260815822,1.0135615751043616,1.0,0.0015334833675972603,1.0606336702208872,0.015556470565919705,0.13749500796132919,0.057167400888055615,0.4805092862485589,1,1
"frozenset({'ARREST=N', 'TIME=Afternoon', 'DAY=Saturday'})",frozenset({'DOMESTIC=N'}),0.036068791395023087,0.8082599823611808,0.029545022221453648,0.8191298094210716,1.0134484290910168,1.0,0.0003920615247231772,1.060097393744645,0.013766510241974464,0.0362611823883353,0.056690445707407375,0.42784183469978465,3,1
"frozenset({'ARREST=N', 'DAY=Friday', 'TIME=Morning'})",frozenset({'DOMESTIC=N'}),0.026700330295536687,0.8082599823611808,0.021853978245456276,0.8184909326424871,1.012657994339171,1.0,0.0002731697517480945,1.0563660561439319,0.012842675982876195,0.02687714671572433,0.053358450715167455,0.4227646177838793,3,1
"frozenset({'LOCATION=STREET', 'ARREST=N', 'CRIME=ASSAULT'})",frozenset({'DOMESTIC=N'}),0.015114047071437217,0.8082599823611808,0.012368789665727083,0.8183638443935927,1.0125007574950022,1.0,0.0001527102463611818,1.0556269317563967,0.012535885888063437,0.015251183419335578,0.05269563525045941,0.41683341425111897,3,1
"frozenset({'DAY=Tuesday', 'ARREST=N', 'TIME=Morning'})",frozenset({'DOMESTIC=N'}),0.027439604337074378,0.8082599823611808,0.022450585366697216,0.8181818181818181,1.012275549992779,1.0,0.0002722512492156978,1.0545700970135052,0.012468827930174353,0.0276060411140231,0.05174629658857701,0.42297912937685717,3,1
"frozenset({'ARREST=N', 'DAY=Friday'})",frozenset({'TIME=Morning'}),0.12503242430006745,0.21119027443927577,0.026700330295536687,0.21354724940354758,1.0111604332658297,1.0,0.00029469829379747195,1.002996969573168,0.012614470581178443,0.08626300719323976,0.002988014584374401,0.1699875448655404,2,1
"frozenset({'DOMESTIC=N', 'TIME=Afternoon', 'ARREST=Y'})",frozenset({'LOCATION=STREET'}),0.042164559807702284,0.2777638473377488,0.011841354384630017,0.28083666564134113,1.0110627006827708,1.0,0.00012956403114002153,1.004272768308374,0.011423315481732872,0.0384350925445182,0.00425458943347763,0.1617338396768084,3,1
"frozenset({'ARREST=N', 'DAY=Friday'})",frozenset({'TIME=Evening'}),0.12503242430006745,0.2789830010202846,0.03523872931329656,0.28183672763735695,1.0102290340509488,1.0,0.0003568083572221825,1.0039736460034834,0.011572383541094968,0.09555573791631987,0.003957918635913636,0.2040740564315312,2,1
"frozenset({'ARREST=N', 'TIME=Afternoon', 'LOCATION=APARTMENT'})",frozenset({'CRIME=THEFT'}),0.05217286042851955,0.2199794213775572,0.01158628322409947,0.22207490884985084,1.0095258340947133,1.0,0.0001093275754216888,1.002693687986327,0.009955347782162081,0.04446582933749233,0.002686451524130807,0.13737237964552956,3,1
"frozenset({'LOCATION=STREET', 'DAY=Sunday', 'TIME=Night'})",frozenset({'ARREST=N'}),0.012788143946599339,0.845924049319522,0.01092050426271465,0.8539553752535498,1.0094941454146957,1.0,0.00010270575212640264,1.0549922734093846,0.00952668295273282,0.012881117383389172,0.052125759396955504,0.4334324658491811,3,1
"frozenset({'CRIME=ASSAULT', 'DAY=Saturday'})",frozenset({'ARREST=N'}),0.012693032666401509,0.845924049319522,0.010838362702543795,0.8538828337874659,1.009408391302205,1.0,0.00010102111123646076,1.0544685109507765,0.009440527446555286,0.012784424114473376,0.051654943116000884,0.43334764373600226,2,1
"frozenset({'LOCATION=STREET', 'DOMESTIC=N', 'CRIME=ASSAULT'})",frozenset({'ARREST=N'}),0.014491500510142322,0.845924049319522,0.012368789665727083,0.8535202863961814,1.0089798098100768,1.0,0.00011008087347157136,1.0518586286781306,0.009030759745641371,0.014585032626427406,0.0493018997650866,0.43407095891238373,3,1
frozenset({'LOCATION=SIDEWALK'}),"frozenset({'ARREST=N', 'DOMESTIC=N', 'TIME=Afternoon'})",0.049336814982620575,0.219525481176613,0.010924827502723642,0.22143357868909921,1.0086919181420726,1.0,9.413945394233167e-05,1.0024507832090594,0.00906421942903875,0.04235455810133584,0.002444791554966831,0.13559961261446965,1,3
"frozenset({'TIME=Afternoon', 'LOCATION=APARTMENT'})","frozenset({'ARREST=N', 'CRIME=THEFT'})",0.057343455479274386,0.20035191173673197,0.01158628322409947,0.2020506634499397,1.0084788395502806,1.0,9.741229323666743e-05,1.0021288967048363,0.00891899950632996,0.04707783652748256,0.0021243741317473566,0.12994016244374074,2,2
"frozenset({'DOMESTIC=Y', 'TIME=Morning', 'LOCATION=APARTMENT'})",frozenset({'ARREST=N'}),0.0207688450031992,0.845924049319522,0.017707991076832623,0.8526228143213989,1.0079188728672102,1.0,0.00013912561203683477,1.0454532020748817,0.008023291496783713,0.020857839767386203,0.043477031764475024,0.43677806258388857,3,1
"frozenset({'DAY=Sunday', 'TIME=Morning'})",frozenset({'ARREST=N'}),0.026012935134106904,0.845924049319522,0.022173898006121708,0.8524181485790262,1.0076769294651549,1.0,0.00016893058279193393,1.0440033730230143,0.007821914159625883,0.02609421185712033,0.04214868855796714,0.4393153915906696,2,1
"frozenset({'DAY=Tuesday', 'ARREST=Y'})",frozenset({'DOMESTIC=N'}),0.021300603524305257,0.8082599823611808,0.01733619243605928,0.8138826872336106,1.0069565548154495,1.0,0.00011976700722180628,1.0302105418827279,0.007058853323883929,0.021344092317191306,0.02932462895159041,0.4176657347869674,2,1
"frozenset({'DOMESTIC=Y', 'TIME=Afternoon', 'LOCATION=APARTMENT'})",frozenset({'ARREST=N'}),0.023025576287893198,0.845924049319522,0.01960589344078026,0.8514832895230943,1.0065717959053702,1.0,0.00012800470941007683,1.0374317488296154,0.006682763866109677,0.023083579354575997,0.03608116762557554,0.4373300925994775,3,1
"frozenset({'DAY=Wednesday', 'DOMESTIC=N'})",frozenset({'ARREST=N'}),0.11642917668217269,0.845924049319522,0.09912324692617636,0.8513608852252051,1.0064270969835372,1.0,0.0006330063282547621,1.036577423876081,0.007227551014300468,0.11482831844224528,0.03528672632991244,0.4842691817588138,2,1
"frozenset({'ARREST=N', 'DAY=Friday', 'DOMESTIC=N'})",frozenset({'TIME=Morning'}),0.1028801424939907,0.21119027443927577,0.021853978245456276,0.21242173383199564,1.0058310421537615,1.0,0.00012669271779858216,1.001563602559415,0.006462055392999762,0.07478695703633566,0.0015611615232615109,0.1579508873868269,3,1
"frozenset({'DAY=Monday', 'ARREST=N'})",frozenset({'DOMESTIC=N'}),0.12075241669116503,0.8082599823611808,0.0981375482041261,0.812717052737102,1.0055144018919515,1.0,0.000538202019255099,1.0237985916019607,0.006237333071614342,0.11811351385102087,0.023245384196829647,0.4670676733916633,2,1
frozenset({'DAY=Tuesday'}),"frozenset({'ARREST=N', 'CRIME=THEFT'})",0.13968820793055148,0.20035191173673197,0.02813132273851315,0.20138652471294605,1.0051639785577569,1.0,0.00014452323254903615,1.0012955115437316,0.005971612767891008,0.09019086032683273,0.0012938353650805536,0.17089803977701118,1,2
"frozenset({'DOMESTIC=N', 'DAY=Saturday'})",frozenset({'TIME=Evening'}),0.1158585090009857,0.2789830010202846,0.032489148667577426,0.28042091122803087,1.0051541140588767,1.0,0.00016659413274677792,1.0019982656947415,0.005799620802500612,0.0896617550557776,0.001994280592248151,0.19843828409954953,2,1
"frozenset({'CRIME=BATTERY', 'DOMESTIC=Y', 'LOCATION=APARTMENT'})",frozenset({'TIME=Morning'}),0.05011932142424819,0.21119027443927577,0.010635170422121155,0.21219701544035197,1.0047669856187704,1.0,5.0457175823907796e-05,1.0012779096053297,0.004994700266735251,0.04242622837728299,0.0012762786366009365,0.13127762747452604,3,1
"frozenset({'DOMESTIC=N', 'DAY=Thursday'})",frozenset({'ARREST=N'}),0.11460909263838691,0.845924049319522,0.09740692064260639,0.8499056959637873,1.0047068606779392,1.0,0.0004563329091059193,1.0265276332092164,0.0052912333878095885,0.11285362237538066,0.025842103369671098,0.4825271188168241,2,1
"frozenset({'DAY=Friday', 'DOMESTIC=N'})",frozenset({'ARREST=N'}),0.1210550434917945,0.845924049319522,0.1028801424939907,0.8498625049105389,1.004655802839729,1.0,0.0004767699128610525,1.026232325167475,0.005272488065549075,0.11906060348321185,0.025561780236452745,0.48574057840879303,2,1
"frozenset({'CRIME=BATTERY', 'DOMESTIC=N', 'TIME=Morning'})",frozenset({'ARREST=N'}),0.015836028152938938,0.845924049319522,0.01345392290798416,0.8495768495768496,1.0043181184649685,1.0,5.7845847712102716e-05,1.0242834978994393,0.004368735912888387,0.015859749261033534,0.023707789834785938,0.4327406297876838,3,1
"frozenset({'DAY=Friday', 'ARREST=Y'})",frozenset({'DOMESTIC=N'}),0.022390060006571323,0.8082599823611808,0.018174900997803795,0.811739718092296,1.004305218379054,1.0,7.791149182667656e-05,1.018483642411739,0.004384942043997798,0.022369793329502164,0.018148197616576486,0.41711308609835784,2,1
frozenset({'DAY=Wednesday'}),"frozenset({'TIME=Evening', 'DOMESTIC=N'})",0.14183253497501166,0.2221669808221073,0.03163747038580594,0.2230621513701344,1.0040292690872181,1.0,0.00012696430806165282,1.0011521778088244,0.004676359095514842,0.09518978121179011,0.001150851822892811,0.18273308389694135,1,2
"frozenset({'DOMESTIC=N', 'DAY=Saturday'})","frozenset({'ARREST=N', 'TIME=Evening'})",0.1158585090009857,0.22744133363307797,0.026453905615024125,0.22832941527668946,1.0039046624877965,1.0,0.00010289181509997095,1.001150855897831,0.0043991549301837934,0.08349138342725376,0.0011495329510544815,0.17232015632583167,2,2
"frozenset({'LOCATION=RESIDENCE', 'DOMESTIC=Y'})",frozenset({'ARREST=N'}),0.048684005741262734,0.845924049319522,0.04134314420599374,0.849214101767161,1.0038893000503835,1.0,0.0001601729322499093,1.0218193643185287,0.004072497490900122,0.04845288219408513,0.021353445707187686,0.44904372710720303,2,1
frozenset({'LOCATION=PARKING LOT / GARAGE (NON RESIDENTIAL)'}),frozenset({'TIME=Afternoon'}),0.0358915385546544,0.31149808912791604,0.011223131063344112,0.3126957359672368,1.0038447967455395,1.0,4.298538770834172e-05,1.0017425278759275,0.003972655623891863,0.033385632346510964,0.0017394967543427568,0.17436263509625927,1,1
"frozenset({'CRIME=BATTERY', 'DOMESTIC=N', 'TIME=Afternoon'})",frozenset({'ARREST=N'}),0.028654434779601223,0.845924049319522,0.024331194770608886,0.8491249245624624,1.0037838801787409,1.0,9.17192708864735e-05,1.0212154011102086,0.0038808190791509707,0.028616609633445023,0.020774658399338956,0.43894389214492957,3,1
frozenset({'LOCATION=RESIDENCE'}),frozenset({'TIME=Afternoon'}),0.11572448856070694,0.31149808912791604,0.03618119563525689,0.31264943215780033,1.003696147970306,1.0,0.000133238583291298,1.001675044851565,0.004164467659526021,0.09252523465743884,0.0016722437682503328,0.2144008277760078,1,1
frozenset({'DAY=Monday'}),"frozenset({'ARREST=N', 'DOMESTIC=N'})",0.14262801113666626,0.6856183097860861,0.0981375482041261,0.6880664423630687,1.0035706931131207,1.0,0.0003491722804539188,1.0078482501066206,0.0041498773856007655,0.13441496920890575,0.007787134725679614,0.4156018671784194,1,2
"frozenset({'DAY=Sunday', 'CRIME=ASSAULT'})",frozenset({'ARREST=N'}),0.012840022826707247,0.845924049319522,0.010898888062669688,0.8488215488215489,1.0034252478155192,1.0,3.7203959746398216e-05,1.0191660880200888,0.003457955772914322,0.012854505960697132,0.018805657140066667,0.4308527759541973,2,1
frozenset({'DAY=Wednesday'}),"frozenset({'ARREST=N', 'TIME=Evening'})",0.14183253497501166,0.22744133363307797,0.03236809794732565,0.22821349102325728,1.003394973894345,1.0,0.0001095170400488149,1.0010004805489578,0.003942688556783637,0.09607463203685407,0.0009994805880704075,0.18526377187593895,1,2
frozenset({'DAY=Wednesday'}),frozenset({'ARREST=N'}),0.14183253497501166,0.845924049319522,0.12038061805039169,0.8487517907763588,1.0033427840940465,1.0,0.0004010657390770833,1.018696032642975,0.003882280851744505,0.138787126615528,0.018352906111226194,0.4955292206466516,1,1
"frozenset({'DAY=Tuesday', 'DOMESTIC=N'})",frozenset({'ARREST=N'}),0.11460476939837792,0.845924049319522,0.09726857696231864,0.8487306197895054,1.0033177570400569,1.0,0.00032164636151274517,1.0185534604959572,0.0037348133505511324,0.11267584473079291,0.01821549993745352,0.4818578099841894,2,1
"frozenset({'TIME=Afternoon', 'DAY=Saturday'})","frozenset({'ARREST=N', 'DOMESTIC=N'})",0.04295571272934788,0.6856183097860861,0.029545022221453648,0.6878019323671498,1.0031848953709317,1.0,9.379906430149326e-05,1.0069943500855736,0.003317280149144919,0.04226580329146335,0.006945768945952139,0.3654472272735622,2,2
frozenset({'DAY=Monday'}),frozenset({'DOMESTIC=N'}),0.14262801113666626,0.8082599823611808,0.11564667024054508,0.8108271952956867,1.003176221748609,1.0,0.0003661564750129104,1.0135707293578409,0.0036928723431979534,0.13845899025869834,0.013389030449250104,0.47695411231164303,1,1
"frozenset({'DAY=Monday', 'DOMESTIC=N'})",frozenset({'ARREST=N'}),0.11564667024054508,0.845924049319522,0.0981375482041261,0.8485981308411215,1.0031611366573046,1.0,0.0003092486239247433,1.0176621433834037,0.0035632537983582534,0.11365969186707323,0.017355606178571785,0.48230518800512956,2,1
frozenset({'DAY=Saturday'}),frozenset({'TIME=Evening'}),0.14584882494336557,0.2789830010202846,0.04081138568488768,0.2798197770927199,1.002999380139202,1.0,0.0001220428069054133,1.0011618981552386,0.0035010321918257175,0.1062739932678127,0.0011605497146660267,0.21305302905247328,1,1
"frozenset({'LOCATION=STREET', 'DAY=Wednesday', 'DOMESTIC=N'})",frozenset({'ARREST=N'}),0.03577048783440261,0.845924049319522,0.03034914486312622,0.8484408992023206,1.0029752669696803,1.0,9.002894811366291e-05,1.0166063922888957,0.0030764885105479443,0.035648451425176336,0.01633512479840528,0.44215890689383314,3,1
frozenset({'DOMESTIC=N'}),frozenset({'ARREST=N'}),0.8082599823611808,0.845924049319522,0.6856183097860861,0.8482645742069032,1.0027668262762643,1.0,0.0018917526041906108,1.0154250391768935,0.014390277549353962,0.707869682239987,0.01519072169955254,0.8293804357626668,1,1
frozenset({'ARREST=N'}),frozenset({'DOMESTIC=N'}),0.845924049319522,0.8082599823611808,0.6856183097860861,0.8104962973184305,1.0027668262762641,1.0,0.0018917526041906108,1.0118009037586326,0.017907999651825178,0.707869682239987,0.011663266671135333,0.8293804357626668,1,1
"frozenset({'LOCATION=STREET', 'DAY=Wednesday'})",frozenset({'ARREST=N'}),0.03874055372058035,0.845924049319522,0.03286094730835077,0.8482312241937284,1.002727401917539,1.0,8.938123215696675e-05,1.0152019073880614,0.0028296038494554404,0.038578077338868894,0.01497426992348083,0.4435387194874064,2,1
frozenset({'DAY=Saturday'}),"frozenset({'TIME=Evening', 'DOMESTIC=N'})",0.14584882494336557,0.2221669808221073,0.032489148667577426,0.22275907042921506,1.0026650657308156,1.0,8.635557345784001e-05,1.0007617838749623,0.0031118402826142222,0.09683030537301893,0.0007612040020280117,0.18449829603890844,1,2
frozenset({'DAY=Friday'}),frozenset({'ARREST=N'}),0.14742248430663876,0.845924049319522,0.12503242430006745,0.8481231671554252,1.0025996634540326,1.0,0.0003241994146518934,1.0144796134783354,0.0030412750510666227,0.14399446347486658,0.014272946726538324,0.49796445015340934,1,1
frozenset({'DAY=Thursday'}),frozenset({'ARREST=N'}),0.1399000466909921,0.845924049319522,0.1186253826067408,0.847929542645241,1.0023707723256388,1.0,0.0002805686099065646,1.0131879219711981,0.0027498723243442823,0.13679146517772572,0.013016264490737818,0.4940806302476418,1,1
"frozenset({'LOCATION=PARKING LOT / GARAGE (NON RESIDENTIAL)', 'DOMESTIC=N'})",frozenset({'TIME=Afternoon'}),0.03405848479084165,0.31149808912791604,0.010630847182112163,0.31213505965981214,1.0020448617636126,1.0,2.1694251172797024e-05,1.0009260110445244,0.0021126422303077903,0.03174090950161996,0.0009251543413863367,0.1731315946719646,2,1
frozenset({'DAY=Tuesday'}),frozenset({'ARREST=N'}),0.13968820793055148,0.845924049319522,0.11838760440624621,0.8475132307882763,1.0018786337497234,1.0,0.00022198991144672942,1.010421766274999,0.0021795715460447072,0.13651319069173862,0.010314273329067076,0.4937319308503423,1,1
"frozenset({'DOMESTIC=N', 'DAY=Saturday'})",frozenset({'ARREST=N'}),0.1158585090009857,0.845924049319522,0.09814619468414408,0.8471211612373596,1.0014151529546897,1.0,0.00013869560190797603,1.0078304618711567,0.0015983336844310329,0.11364296226585104,0.007769622141226454,0.481571813874842,2,1
frozenset({'CRIME=ASSAULT'}),"frozenset({'ARREST=N', 'TIME=Evening'})",0.09008767530738236,0.22744133363307797,0.02051809708267764,0.22775698243593434,1.00138782514952,1.0,2.8436066862889964e-05,1.0004087428383,0.0015231157141109605,0.06908196387243272,0.0004085758358530289,0.15898484184238504,1,2
"frozenset({'DAY=Monday', 'TIME=Morning'})",frozenset({'DOMESTIC=N'}),0.031650440105832914,0.8082599823611808,0.025610873813270617,0.8091790738970086,1.0011371236432403,1.0,2.908965160649743e-05,1.0048165133384361,0.0011729566561399908,0.03145141595081601,0.00479342573942547,0.4204327522333024,2,1
"frozenset({'DAY=Monday', 'ARREST=N', 'TIME=Morning'})",frozenset({'DOMESTIC=N'}),0.02790651425804555,0.8082599823611808,0.022580282566966987,0.809140201394268,1.0010890295849064,1.0,2.4563844997049777e-05,1.0046118618981965,0.0011190743540549246,0.027754013252634317,0.004590690268659953,0.4185385533359761,3,1
frozenset({'DAY=Saturday'}),"frozenset({'ARREST=N', 'TIME=Evening'})",0.14584882494336557,0.22744133363307797,0.03320248326906117,0.2276499881432298,1.0009173992555302,1.0,3.0432015124773337e-05,1.0002701553789715,0.0010730634485992684,0.09762918705904787,0.00027008241475439364,0.1868163073450092,1,2
frozenset({'DAY=Monday'}),frozenset({'ARREST=N'}),0.14262801113666626,0.845924049319522,0.12075241669116503,0.8466248370767786,1.0008284286961935,1.0,9.995196404642692e-05,1.004569108478192,0.0009654420495605341,0.1391478062462325,0.004548326680195937,0.49468550267537575,1,1
"frozenset({'DAY=Friday', 'TIME=Afternoon'})",frozenset({'ARREST=N'}),0.04731786189842115,0.845924049319522,0.04005481868331402,0.8465052535404294,1.000687064307221,1.0,2.750134105967278e-05,1.0037864763082327,0.000720694286698862,0.04694728627963658,0.0037721929888503403,0.44692781292642747,2,1
"frozenset({'DOMESTIC=Y', 'CRIME=ASSAULT'})",frozenset({'ARREST=N'}),0.0251699033323534,0.845924049319522,0.02130492676431425,0.8464445207832361,1.0006152697327055,1.0,1.3100216428932332e-05,1.0033894685254396,0.0006307677724917936,0.02507084242710989,0.0033780188369136556,0.4358149551976425,2,1
"frozenset({'TIME=Evening', 'DOMESTIC=N', 'CRIME=ASSAULT'})",frozenset({'ARREST=N'}),0.01668338319470144,0.845924049319522,0.01411970186936898,0.8463332469551696,1.0004837285758417,1.0,6.826800957874385e-06,1.0026628898414236,0.0004916978797856399,0.016641020676442714,0.0026558176914722414,0.43151235018953205,3,1
frozenset({'DAY=Friday'}),"frozenset({'LOCATION=STREET', 'ARREST=N', 'DOMESTIC=N'})",0.14742248430663876,0.21435920936586716,0.031615854185760975,0.2144574780058651,1.000458429755776,1.0,1.4487007037933264e-05,1.0001250965253268,0.0005374522384172243,0.09575749639910959,0.0001250808781435729,0.18097377258299022,1,3
"frozenset({'DAY=Thursday', 'ARREST=Y'})",frozenset({'DOMESTIC=N'}),0.021274664084251303,0.8082599823611808,0.01720217199578052,0.8085754927860191,1.0003903575974609,1.0,6.712378303515981e-06,1.0016482237798614,0.0003986872144278547,0.021176270230283293,0.001645511608498322,0.41492923079851457,2,1
"frozenset({'LOCATION=STREET', 'DOMESTIC=Y'})",frozenset({'ARREST=N'}),0.022908848807650404,0.845924049319522,0.019385408200321648,0.8461973957350444,1.000323133519779,1.0,6.262051705313576e-06,1.0017772547924575,0.00033060286938670145,0.022821196636876283,0.001774101761599453,0.43455682357982206,2,1
"frozenset({'DAY=Tuesday', 'TIME=Afternoon'})",frozenset({'ARREST=N'}),0.045813374375291815,0.845924049319522,0.038766493160634304,0.8461828819477211,1.000305976202482,1.0,1.18579960962234e-05,1.0016827296693407,0.00032056895524236733,0.045448785852944006,0.0016799028469783772,0.44600513706266354,2,1
"frozenset({'LOCATION=STREET', 'ARREST=N', 'TIME=Afternoon', 'DOMESTIC=N'})",frozenset({'CRIME=THEFT'}),0.051221747626541234,0.2199794213775572,0.011270686703443028,0.2200371370695476,1.0002623685962486,1.0,2.956298609224292e-06,1.0000739980000761,0.00027646057060031837,0.04336038853037057,7.399252477716945e-05,0.1356361618370555,4,1
"frozenset({'ARREST=N', 'DAY=Sunday'})",frozenset({'CRIME=THEFT'}),0.119641344008854,0.2199794213775572,0.026302592214709392,0.21984534219845342,0.9993904921730218,1.0,-1.6041413191579534e-05,0.99982813769326,-0.0006922830143560364,0.08394850496046805,-0.00017189184846963862,0.16970688193585193,2,1
frozenset({'DAY=Friday'}),"frozenset({'LOCATION=STREET', 'DOMESTIC=N'})",0.14742248430663876,0.2548549985300984,0.03753436975807149,0.25460410557184754,0.9990155462529755,1.0,-3.698726320038731e-05,0.9996634097932035,-0.0011544829391878686,0.10290631519059361,-0.0003367035379100028,0.20094072963070747,1,2
"frozenset({'DAY=Wednesday', 'TIME=Afternoon'})",frozenset({'ARREST=N'}),0.045813374375291815,0.845924049319522,0.038714614280526395,0.8450504859865999,0.9989673265187048,1.0,-4.002088401168502e-05,0.994362271230831,-0.0010822015885875232,0.045385204068703715,-0.005669692960283544,0.4454082750525429,2,1
"frozenset({'LOCATION=DEPARTMENT STORE', 'CRIME=THEFT'})","frozenset({'ARREST=N', 'DOMESTIC=N'})",0.018862296159233575,0.6856183097860861,0.01291784114686911,0.6848498739399497,0.9988792075194489,1.0,-1.4494464509197044e-05,0.997561683202405,-0.0011423150153156533,0.018679202820634642,-0.00244427671857585,0.351845514689741,2,2
"frozenset({'DOMESTIC=N', 'DAY=Sunday'})",frozenset({'TIME=Evening'}),0.11005672090891798,0.2789830010202846,0.030669064623791653,0.2786659857799426,0.9988636754240129,1.0,-3.488965783018938e-05,0.9995605153311885,-0.001276671156450017,0.08557917340217627,-0.00043967790050802787,0.19429882326606962,2,1
"frozenset({'TIME=Afternoon', 'DAY=Thursday'})",frozenset({'ARREST=N'}),0.0456577377349681,0.845924049319522,0.038571947360229654,0.8448063630338036,0.9986787392005021,1.0,-5.1031027303298504e-05,0.9927981178380281,-0.0013843851808968142,0.04521864293389016,-0.007254125519149013,0.4452018874948544,2,1
"frozenset({'ARREST=N', 'DAY=Friday', 'TIME=Night'})",frozenset({'DOMESTIC=N'}),0.023038546007920175,0.8082599823611808,0.01859425527867605,0.8070932632764122,0.998556505196063,1.0,-2.687951131275998e-05,0.9939519007755525,-0.0014774847695102052,0.022879485065297762,-0.006084901311349459,0.4150492766314398,3,1
frozenset({'DAY=Wednesday'}),"frozenset({'LOCATION=STREET', 'ARREST=N', 'DOMESTIC=N'})",0.14183253497501166,0.21435920936586716,0.03034914486312622,0.2139787240527936,0.998225010652917,1.0,-5.3965196473982485e-05,0.9995159350965214,-0.00206774186021701,0.09314050683295741,-0.0004842993357898881,0.17777975389457742,1,3
"frozenset({'TIME=Evening', 'ARREST=N', 'DAY=Friday'})",frozenset({'DOMESTIC=N'}),0.03523872931329656,0.8082599823611808,0.028429626299133624,0.8067721751932279,0.9981592467765055,1.0,-5.2428434061876916e-05,0.9923002436660416,-0.0019078600318485019,0.03488002036789511,-0.007759502613353881,0.42097301935097453,3,1
"frozenset({'DAY=Wednesday', 'ARREST=Y'})",frozenset({'DOMESTIC=N'}),0.021451916924619986,0.8082599823611808,0.017305929755996333,0.8067311567916162,0.9981084977569984,1.0,-3.279623911053159e-05,0.9920896428819819,-0.0019328879655258462,0.021302071138168115,-0.007973429795153265,0.4140712486836283,2,1
frozenset({'DAY=Wednesday'}),frozenset({'TIME=Evening'}),0.14183253497501166,0.2789830010202846,0.03948847424213603,0.2784161916664127,0.997968301467118,1.0,-8.039200750720177e-05,0.9992144926932592,-0.002366690218340421,0.10355539431318309,-0.0007861248135259005,0.20998028284410034,1,1
"frozenset({'LOCATION=STREET', 'DAY=Saturday'})",frozenset({'ARREST=N'}),0.04188787244712677,0.845924049319522,0.035359780033548345,0.844153163381154,0.9979065662694038,1.0,-7.417864430477039e-05,0.9886370106908291,-0.0021847569717426633,0.041480076478732524,-0.011493590859228285,0.4429766731715985,2,1
frozenset({'DAY=Saturday'}),frozenset({'ARREST=N'}),0.14584882494336557,0.845924049319522,0.12310425925605686,0.8440538297367797,0.9977891400720351,1.0,-0.00027276932852904334,0.9880072746923786,-0.0025873939928763453,0.14171602050465334,-0.012138296564016106,0.4947901016787686,1,1
"frozenset({'LOCATION=STREET', 'DAY=Thursday'})",frozenset({'ARREST=N'}),0.037335500717657844,0.845924049319522,0.03151209642554516,0.8440250115794348,0.9977550729978478,1.0,-7.09015249078862e-05,0.9878247290843404,-0.0023317901135157535,0.036996995167905146,-0.012325335210979666,0.44063834841169636,2,1
"frozenset({'LOCATION=STREET', 'DOMESTIC=N', 'DAY=Thursday'})",frozenset({'ARREST=N'}),0.03459888979196569,0.845924049319522,0.02918619330070728,0.8435586655004373,0.9972037870054794,1.0,-8.18396540722098e-05,0.9848800585430234,-0.0028961358918940467,0.03428278345123171,-0.01535206376230649,0.4390304047135854,3,1
"frozenset({'TIME=Night', 'DAY=Saturday'})","frozenset({'ARREST=N', 'DOMESTIC=N'})",0.034417313711588016,0.6856183097860861,0.023518425648918324,0.6833312397939957,0.9966642227031481,1.0,-7.871480539813416e-05,0.992777721456949,-0.0034542673196066875,0.033765750108621435,-0.00727481931449061,0.35881687250594296,2,2
"frozenset({'LOCATION=STREET', 'DAY=Friday'})",frozenset({'ARREST=N'}),0.04049146592422225,0.845924049319522,0.03413630311100351,0.8430493273542601,0.9966016784041375,1.0,-0.00011640170649801496,0.9816839143356167,-0.0035412236495172187,0.04005295755786526,-0.01865782396646402,0.44170159512769197,2,1
frozenset({'DAY=Sunday'}),frozenset({'TIME=Evening'}),0.14267989001677417,0.2789830010202846,0.03966572708250471,0.2780050298457716,0.9964945133899326,1.0,-0.00013953681961909742,0.9986454598509127,-0.004086504740845881,0.10383775280390226,-0.0013563774167556773,0.21009237870928305,1,1
"frozenset({'ARREST=N', 'TIME=Morning'})",frozenset({'DOMESTIC=N'}),0.18279523406021408,0.8082599823611808,0.1472279385062341,0.8054254765621305,0.9964930766573772,1.0,-0.0005181341509824244,0.9854322870796833,-0.004288000597550817,0.1744763915075006,-0.014783068417098373,0.4937898308745493,2,1
"frozenset({'DAY=Tuesday', 'DOMESTIC=N', 'TIME=Afternoon'})",frozenset({'ARREST=N'}),0.03885295796081415,0.845924049319522,0.03274854306811697,0.842884166017581,0.9964064347096097,1.0,-0.00011810845813609722,0.9806519608820509,-0.0037382868502205515,0.038435973026319126,-0.019729771508891387,0.4407987516686191,3,1
"frozenset({'LOCATION=STREET', 'DOMESTIC=N', 'DAY=Saturday'})",frozenset({'ARREST=N'}),0.03812665363930344,0.845924049319522,0.03213031974683107,0.8427259326454247,0.9962193808336931,1.0,-0.00012193348673138898,0.9796653273620302,-0.003929886109808907,0.03771516726209809,-0.020756754444628073,0.4403542219636161,3,1
"frozenset({'TIME=Afternoon', 'CRIME=ASSAULT'})","frozenset({'ARREST=N', 'DOMESTIC=N'})",0.03191415774638145,0.6856183097860861,0.021797776125339376,0.6830127336765105,0.9961996695940216,1.0,-8.315476698119925e-05,0.9917801868201338,-0.003925121290248053,0.031330586780505695,-0.00828793848586622,0.3574028035394136,2,2
"frozenset({'ARREST=N', 'CRIME=THEFT', 'LOCATION=APARTMENT'})",frozenset({'DOMESTIC=N'}),0.029380739101111938,0.8082599823611808,0.02365676932920608,0.8051795173631547,0.9961887696220874,1.0,-9.050633841711092e-05,0.9841881872155702,-0.0039261437461135165,0.02906294315411539,-0.016065842884341076,0.4172241398494395,3,1
"frozenset({'TIME=Evening', 'DAY=Friday'})",frozenset({'DOMESTIC=N'}),0.0430594704895637,0.8082599823611808,0.034663738392100574,0.8050200803212851,0.9959915100207846,1.0,-0.00013950846627596575,0.9833834066336968,-0.004188104667200513,0.042445963186676476,-0.01689737009411705,0.4239534736774405,2,1
"frozenset({'CRIME=BURGLARY', 'ARREST=N', 'DOMESTIC=N'})",frozenset({'TIME=Evening'}),0.05332284227091151,0.2789830010202846,0.014815743510816746,0.27784984595427276,0.9959382648338152,1.0,-6.042304885343561e-05,0.9984308594830819,-0.004289536397111076,0.04666521419428635,-0.0015716065884928449,0.1654780524807858,3,1
frozenset({'TIME=Afternoon'}),frozenset({'ARREST=N'}),0.31149808912791604,0.845924049319522,0.262424991785844,0.8424610003886083,0.995906194020965,1.0,-0.001078733124536102,0.978017830889772,-0.005934969193525836,0.29321321611438506,-0.022476245745161195,0.5763419383883972,1,1
frozenset({'ARREST=N'}),frozenset({'TIME=Afternoon'}),0.845924049319522,0.31149808912791604,0.262424991785844,0.3102228763881862,0.9959061940209649,1.0,-0.001078733124536102,0.9981512684371838,-0.025985984353927245,0.29321321611438506,-0.001852155701521036,0.5763419383883972,1,1
"frozenset({'LOCATION=STREET', 'DAY=Friday', 'DOMESTIC=N'})",frozenset({'ARREST=N'}),0.03753436975807149,0.845924049319522,0.031615854185760975,0.8423174383782537,0.9957364837373172,1.0,-0.00013537186864306938,0.9771273950386473,-0.004429049053934465,0.037114668236583805,-0.023408007059763175,0.43984588987022605,3,1
"frozenset({'CRIME=BURGLARY', 'ARREST=N'})",frozenset({'TIME=Evening'}),0.05448579383333045,0.2789830010202846,0.01513566327148218,0.27779100214234703,0.9957273422625097,1.0,-6.494700511286769e-05,0.9983495097936007,-0.004517759732229782,0.04754661632691864,-0.0016532188278838601,0.1660219984135361,2,1
"frozenset({'ARREST=N', 'DAY=Wednesday', 'TIME=Night'})",frozenset({'DOMESTIC=N'}),0.022005291645771006,0.8082599823611808,0.017707991076832623,0.8047151277013753,0.9956142148106234,1.0,-7.800556063088798e-05,0.9818477764402315,-0.0044840247053787585,0.021792914110592657,-0.01848781857568679,0.4133119544324792,3,1
frozenset({'TIME=Morning'}),frozenset({'DOMESTIC=N'}),0.21119027443927577,0.8082599823611808,0.16994224151347986,0.8046878198567042,0.9955804288441436,1.0,-0.0007544059796620872,0.9817104980249786,-0.005596213728499236,0.20004783763702427,-0.01863023978231527,0.5074723619253354,1,1
frozenset({'DOMESTIC=N'}),frozenset({'TIME=Morning'}),0.8082599823611808,0.21119027443927577,0.16994224151347986,0.21025690399396652,0.9955804288441434,1.0,-0.0007544059796620872,0.9988181340868575,-0.022628241375493956,0.20004783763702427,-0.001183264372971271,0.5074723619253354,1,1
"frozenset({'LOCATION=STREET', 'DAY=Tuesday'})",frozenset({'ARREST=N'}),0.03825635083957321,0.845924049319522,0.03221246130700192,0.8420160470109617,0.9953801971799903,1.0,-0.0001495059073981439,0.975263295830865,-0.004802687298709262,0.03780947596502712,-0.02536412912787904,0.44004783052652147,2,1
"frozenset({'DOMESTIC=N', 'DAY=Thursday', 'TIME=Afternoon'})",frozenset({'ARREST=N'}),0.03906479672125478,0.845924049319522,0.03289120998841372,0.8419654714475432,0.9953204098226511,1.0,-0.00015464103987411493,0.9749511837176464,-0.004868902805003198,0.03860028310933195,-0.02569237998854294,0.44042373046489053,3,1
"frozenset({'DAY=Tuesday', 'DOMESTIC=Y'})",frozenset({'ARREST=N'}),0.02508343853217355,0.845924049319522,0.021119027443927577,0.8419510513615995,0.9953033632734305,1.0,-9.965645006600188e-05,0.9748622310230465,-0.004816893511254373,0.02484917542449615,-0.025785970752578272,0.4334583410475671,2,1
"frozenset({'DOMESTIC=N', 'DAY=Sunday'})",frozenset({'ARREST=N'}),0.11005672090891798,0.845924049319522,0.09265567987272381,0.8418902462976784,0.9952314832222958,1.0,-0.00044394713337658764,0.9744873233473109,-0.005355067576786746,0.10732420603523392,-0.026180614197272897,0.47571107994322154,2,1
"frozenset({'ARREST=N', 'TIME=Evening', 'CRIME=THEFT'})",frozenset({'LOCATION=STREET'}),0.04885261210161344,0.2777638473377488,0.013501478548083076,0.2763716814159292,0.9949879513292932,1.0,-6.801094175973646e-05,0.9980761312319234,-0.005268120195076411,0.043119874078369654,-0.0019275771735987894,0.1624897209239991,3,1
"frozenset({'DAY=Wednesday', 'DOMESTIC=N', 'TIME=Afternoon'})",frozenset({'ARREST=N'}),0.03903453404119183,0.845924049319522,0.032852300828332785,0.8416214420201573,0.994913719142013,1.0,-0.00016795027109293287,0.972833397688137,-0.005291792892016038,0.03855422909299387,-0.027925236095329646,0.4402287177290275,3,1
frozenset({'ARREST=N'}),frozenset({'LOCATION=STREET'}),0.845924049319522,0.2777638473377488,0.2337446175661888,0.2763186810378752,0.99479714039921,1.0,-0.0012225009283291788,0.9980030349519784,-0.03283034045287377,0.2626511408737388,-0.0020009608969954046,0.558920753147928,1,1
frozenset({'LOCATION=STREET'}),frozenset({'ARREST=N'}),0.2777638473377488,0.845924049319522,0.2337446175661888,0.8415228252579807,0.9947971403992099,1.0,-0.0012225009283291788,0.9722280254635663,-0.007189434720039197,0.2626511408737388,-0.028565289015600806,0.558920753147928,1,1
"frozenset({'DOMESTIC=N', 'DAY=Sunday'})","frozenset({'ARREST=N', 'TIME=Evening'})",0.11005672090891798,0.22744133363307797,0.024897539211786883,0.22622461405507327,0.9946504025518617,1.0,-0.00013390816702087832,0.9984275545589772,-0.006007192575221094,0.07964650725379287,-0.0015749219198155121,0.1678462879053332,2,2
frozenset({'DAY=Monday'}),"frozenset({'DOMESTIC=N', 'TIME=Afternoon'})",0.14262801113666626,0.2616900409843153,0.037119338717208225,0.26025279621715014,0.9945078354462434,1.0,-0.00020499136265735018,0.9980571136196048,-0.006399965590594721,0.1010878779316191,-0.001946668536181341,0.2010487354233394,1,2
"frozenset({'LOCATION=STREET', 'DOMESTIC=N'})",frozenset({'ARREST=N'}),0.2548549985300984,0.845924049319522,0.21435920936586716,0.8411026293469042,0.9943004103305771,1.0,-0.0012287629800345201,0.9696570185346618,-0.007634085477227793,0.24182582570865604,-0.03129248887528533,0.5472525294800898,2,1
frozenset({'ARREST=N'}),"frozenset({'LOCATION=STREET', 'DOMESTIC=N'})",0.845924049319522,0.2548549985300984,0.21435920936586716,0.25340242961327547,0.9943004103305771,1.0,-0.0012287629800345201,0.9980544151569225,-0.035869628591061915,0.24182582570865604,-0.0019493775224386463,0.5472525294800898,1,2
"frozenset({'DAY=Friday', 'DOMESTIC=N', 'TIME=Afternoon'})",frozenset({'ARREST=N'}),0.040426617324087366,0.845924049319522,0.03400228267072475,0.8410865148112501,0.9942813607058891,1.0,-0.0001955651563579769,0.969558690991352,-0.005958128857954921,0.03989247039131647,-0.03139707713570442,0.44064097344648995,3,1
frozenset({'DAY=Sunday'}),"frozenset({'ARREST=N', 'TIME=Evening'})",0.14267989001677417,0.22744133363307797,0.03226001694710084,0.2261006575159834,0.9941053981012201,1.0,-0.00019128752093516832,0.9982676350224161,-0.006868875258442634,0.09548304542546387,-0.0017353712740021522,0.1839697531910735,1,2
"frozenset({'LOCATION=STREET', 'DAY=Tuesday', 'DOMESTIC=N'})",frozenset({'ARREST=N'}),0.03519117367319764,0.845924049319522,0.029583931381534576,0.8406633906633906,0.9937811690536955,1.0,-0.00018512875240333376,0.9669839927055436,-0.006444199593448267,0.034742036696688766,-0.03414328214687435,0.4378178581883563,3,1
frozenset({'DAY=Tuesday'}),"frozenset({'TIME=Evening', 'DOMESTIC=N'})",0.13968820793055148,0.2221669808221073,0.030837670984142355,0.22076073163937976,0.9936703052023128,1.0,-0.00019643642823901492,0.998195356368929,-0.007349888963267027,0.09316023874515132,-0.001807906257584496,0.17978237792344748,1,2
frozenset({'DAY=Monday'}),frozenset({'CRIME=THEFT'}),0.14262801113666626,0.2199794213775572,0.031170560464834764,0.2185444515170804,0.9934767995502002,1.0,-0.00020466689724086065,0.9981637217071879,-0.007600119261034504,0.09404674945215485,-0.0018396564139513002,0.18012103577367294,1,1
"frozenset({'CRIME=THEFT', 'LOCATION=APARTMENT'})",frozenset({'DOMESTIC=N'}),0.029730921541840316,0.8082599823611808,0.023868608089646706,0.802820997527992,0.9932707483335995,1.0,-0.00016170603134279746,0.9724160039101478,-0.006934019179188524,0.029318209576609158,-0.028366456309784276,0.4161759261082516,2,1
"frozenset({'DAY=Friday', 'DOMESTIC=Y'})",frozenset({'ARREST=N'}),0.026367440814844278,0.845924049319522,0.022152281806076746,0.8401377274963109,0.9931597620047973,1.0,-0.0001525704982091626,0.9638043314874207,-0.007024180788177761,0.026057240495514736,-0.037554996725029446,0.4331624043703286,2,1
frozenset({'DAY=Monday'}),"frozenset({'LOCATION=STREET', 'DOMESTIC=N'})",0.14262801113666626,0.2548549985300984,0.03609473083507704,0.25306901882331545,0.9929921731294902,1.0,-0.0002547307335089011,0.9976089093212208,-0.008164095452986199,0.09987797875394774,-0.0023968216967970887,0.1973487587755254,1,2
"frozenset({'DAY=Monday', 'DOMESTIC=N', 'LOCATION=STREET'})",frozenset({'ARREST=N'}),0.03609473083507704,0.845924049319522,0.030314558943054282,0.8398610612049348,0.9928327039295496,1.0,-0.00021884192405230082,0.9621392013697164,-0.007433690002538817,0.03559282458402282,-0.039350645495354906,0.4378485452087668,3,1
"frozenset({'TIME=Afternoon', 'DAY=Saturday'})",frozenset({'ARREST=N'}),0.04295571272934788,0.845924049319522,0.036068791395023087,0.8396739130434783,0.9926114687470211,1.0,-0.00026847905839300773,0.9610160991595914,-0.007717596712357642,0.042294004927456885,-0.04056529424897248,0.4411561230734157,2,1
frozenset({'DAY=Friday'}),frozenset({'TIME=Morning'}),0.14742248430663876,0.21119027443927577,0.03090251958427724,0.20961876832844575,0.9925588140126127,1.0,-0.00023167533496162504,0.9980117112503969,-0.008716654728403182,0.09429830347484236,-0.001992249917700887,0.17797212725531808,1,1
frozenset({'DAY=Monday'}),frozenset({'TIME=Afternoon'}),0.14262801113666626,0.31149808912791604,0.04409704809172186,0.3091752296080749,0.9925429413504773,1.0,-0.0003313048334648086,0.9966375561221941,-0.008686800585517148,0.1075461552249507,-0.0033737880507824568,0.22536982765031516,1,1
"frozenset({'TIME=Evening', 'ARREST=N', 'DAY=Wednesday'})",frozenset({'DOMESTIC=N'}),0.03236809794732565,0.8082599823611808,0.025961056253999,0.8020568986242821,0.9923253855538196,1.0,-0.00020078202197140044,0.9686622888406473,-0.007929301102030197,0.03186707634831431,-0.03235153419346951,0.4170882919497529,3,1
"frozenset({'TIME=Evening', 'ARREST=Y'})",frozenset({'DOMESTIC=N'}),0.05154166738720667,0.8082599823611808,0.04133882096598475,0.8020466364703909,0.992312688953573,1.0,-0.0003202462072647641,0.9686120721567807,-0.008101674857278092,0.05050787832048891,-0.03240505538334729,0.42659604351427033,2,1
"frozenset({'ARREST=N', 'DAY=Friday'})","frozenset({'LOCATION=STREET', 'DOMESTIC=N'})",0.12503242430006745,0.2548549985300984,0.031615854185760975,0.2528612426956191,0.9921769011948814,1.0,-0.0002492841254473563,0.9973314785038424,-0.008931031519293295,0.09077931428287692,-0.002675661556537782,0.1884577629932718,2,2
"frozenset({'TIME=Night', 'ARREST=N', 'DAY=Thursday'})",frozenset({'DOMESTIC=N'}),0.021192522524080448,0.8082599823611808,0.016990333235339893,0.8017135862913096,0.9919006307218785,1.0,-0.00013873464616229528,0.9669851506846621,-0.008273280893691901,0.020912152993949842,-0.03414204374489328,0.41136723137476633,3,1
"frozenset({'DOMESTIC=Y', 'DAY=Thursday'})",frozenset({'ARREST=N'}),0.025290954052605185,0.845924049319522,0.021218461964134402,0.838974358974359,0.9917844984419659,1.0,-0.0001757642991993512,0.9568410949902296,-0.008426874331540315,0.02496299800112913,-0.04510561391618641,0.43202876757727043,2,1
"frozenset({'TIME=Evening', 'CRIME=ASSAULT'})",frozenset({'ARREST=N'}),0.02445656873086966,0.845924049319522,0.02051809708267764,0.8389605798126216,0.9917682095543897,1.0,-0.00017030257060082765,0.9567592239291596,-0.008436417847520443,0.02414284260860718,-0.045195044886279644,0.4316079135973401,2,1
frozenset({'ARREST=N'}),"frozenset({'DOMESTIC=N', 'TIME=Afternoon'})",0.845924049319522,0.2616900409843153,0.219525481176613,0.2595096821673336,0.9916681628052006,1.0,-0.0018444179594306886,0.997055520154047,-0.05171069796353989,0.2471887139644244,-0.002953175411433639,0.5491928150143799,1,2
"frozenset({'DOMESTIC=N', 'TIME=Afternoon'})",frozenset({'ARREST=N'}),0.2616900409843153,0.845924049319522,0.219525481176613,0.8388759478614263,0.9916681628052005,1.0,-0.0018444179594306886,0.9562566769855435,-0.011251784114052709,0.2471887139644244,-0.04574433211002591,0.5491928150143799,2,1
frozenset({'DAY=Monday'}),"frozenset({'LOCATION=STREET', 'ARREST=N', 'DOMESTIC=N'})",0.14262801113666626,0.21435920936586716,0.030314558943054282,0.2125428147070413,0.991526397843138,1.0,-0.0002590687576275938,0.997693341691777,-0.009869315161581562,0.09279796723220668,-0.002311991282122386,0.1769811264104555,1,3
"frozenset({'DAY=Monday', 'ARREST=N', 'TIME=Night'})",frozenset({'DOMESTIC=N'}),0.02437442717069881,0.8082599823611808,0.01953239836062739,0.8013479957431713,0.9914483127102032,1.0,-0.00016847571442551654,0.9652055530782699,-0.008763465052091569,0.024022076064590565,-0.03604874299651744,0.4127569902174192,3,1
"frozenset({'DAY=Monday', 'LOCATION=STREET'})",frozenset({'ARREST=N'}),0.03918152420149757,0.845924049319522,0.03286094730835077,0.8386847622200154,0.9914421547592481,1.0,-0.00028364630269090557,0.9551233522689272,-0.008903721103072635,0.038558116176552644,-0.04698518534225637,0.4387654885005499,2,1
"frozenset({'DAY=Friday', 'DOMESTIC=N'})",frozenset({'TIME=Morning'}),0.1210550434917945,0.21119027443927577,0.025342832932713093,0.20934966608335417,0.9912845969786794,1.0,-0.00022281492457745106,0.9976720324055215,-0.009903867069682612,0.08257617377340153,-0.0023333996733029597,0.1646748330416771,2,1
frozenset({'DAY=Sunday'}),frozenset({'ARREST=N'}),0.14267989001677417,0.845924049319522,0.119641344008854,0.8385298306214587,0.9912590040394154,1.0,-0.0010550063105996543,0.9542069056685711,-0.01018090978071751,0.13768296201952257,-0.04799073875842853,0.48998127814796977,1,1
"frozenset({'TIME=Evening', 'DAY=Wednesday'})",frozenset({'DOMESTIC=N'}),0.03948847424213603,0.8082599823611808,0.03163747038580594,0.8011823954455878,0.9912434277707067,1.0,-0.0002794831086128727,0.9644016085423862,-0.009113290957264195,0.03876613710647179,-0.03691241402160018,0.42016254300539896,2,1
frozenset({'DAY=Wednesday'}),"frozenset({'LOCATION=STREET', 'ARREST=N'})",0.14183253497501166,0.2337446175661888,0.03286094730835077,0.23168835919163594,0.9912029701647757,1.0,-0.0002916443378264272,0.9973236662503389,-0.010236065340271805,0.09588384443631501,-0.002683515733386036,0.18613659456243348,1,2
"frozenset({'DAY=Monday', 'DOMESTIC=Y'})",frozenset({'ARREST=N'}),0.02698134089612119,0.845924049319522,0.022614868487038926,0.8381669604230091,0.9908300409442752,1.0,-0.0002092966598783337,0.9520673348483789,-0.00942184185128298,0.02659663716004251,-0.05034587722648267,0.43245044176392217,2,1
frozenset({'DAY=Saturday'}),frozenset({'CRIME=THEFT'}),0.14584882494336557,0.2199794213775572,0.03178878378612067,0.2179570784918188,0.990806672401109,1.0,-0.00029495633351751815,0.9974140257137827,-0.010746245996195128,0.09516475551989231,-0.002592678887151856,0.18123253370378334,1,1
"frozenset({'DAY=Monday', 'TIME=Afternoon'})",frozenset({'ARREST=N'}),0.04409704809172186,0.845924049319522,0.03695937883687551,0.8381372549019608,0.9907949248826474,1.0,-0.00034337464791155126,0.9518926086861752,-0.009625629773072176,0.04332556253800932,-0.05053867513502785,0.44091419317677244,2,1
"frozenset({'TIME=Afternoon', 'DAY=Sunday'})",frozenset({'DOMESTIC=N'}),0.039842979922873396,0.8082599823611808,0.031905511266363464,0.80078125,0.990747120327134,1.0,-0.0002979749833150677,0.9624596963830925,-0.009633141354405041,0.03909043237831911,-0.039004546120718984,0.42012778381191934,2,1
frozenset({'DAY=Monday'}),"frozenset({'DOMESTIC=N', 'CRIME=THEFT'})",0.14262801113666626,0.2081812993930171,0.029415325021183877,0.20623806492679822,0.990665662708972,1.0,-0.0002771596670890185,0.9975518674046272,-0.010870270324356808,0.09152419257206656,-0.0024541406571090877,0.1737673690501832,1,2
frozenset({'DAY=Friday'}),"frozenset({'LOCATION=STREET', 'ARREST=N'})",0.14742248430663876,0.2337446175661888,0.03413630311100351,0.2315542521994135,0.9906292372009162,1.0,-0.00032290910390923855,0.9971496161270402,-0.010973317282667995,0.0983667825241993,-0.002858531785862538,0.18879763768718155,1,2
"frozenset({'ARREST=N', 'DAY=Friday', 'DOMESTIC=N'})",frozenset({'TIME=Evening'}),0.1028801424939907,0.2789830010202846,0.028429626299133624,0.2763373534479136,0.9905168144198913,1.0,-0.0002721845992344103,0.9963440871447818,-0.010559217473384423,0.08043839906057346,-0.0036693275971506514,0.18912093222906287,3,1
"frozenset({'DAY=Tuesday', 'TIME=Night'})",frozenset({'DOMESTIC=N'}),0.02358327424905321,0.8082599823611808,0.018879589119269544,0.8005499541704858,0.9904609551889831,1.0,-0.00018182770928909173,0.9613435627019842,-0.009767189882979786,0.023223164668031586,-0.040210845318781496,0.41195413325484337,2,1
"frozenset({'DAY=Monday', 'ARREST=Y'})",frozenset({'DOMESTIC=N'}),0.021875594445501235,0.8082599823611808,0.017509122036418974,0.8003952569169961,0.9902695597755448,1.0,-0.00017204554424219906,0.9605985042103221,-0.009945895526379388,0.02154633526097666,-0.041017652658192065,0.4110289960991855,2,1
frozenset({'DAY=Tuesday'}),frozenset({'TIME=Evening'}),0.13968820793055148,0.2789830010202846,0.038589240320265616,0.2762526693695645,0.9902132687628462,1.0,-0.00038139513534515834,0.9962275071213847,-0.011357747567031206,0.10152873197142727,-0.003786778473439199,0.20728689317605,1,1
frozenset({'DAY=Monday'}),"frozenset({'ARREST=N', 'DOMESTIC=N', 'TIME=Afternoon'})",0.14262801113666626,0.219525481176613,0.031001954104484065,0.21736231093328484,0.9901461541879604,1.0,-0.00030852866955591307,0.9972360515299133,-0.011474272081173865,0.09361863234026999,-0.00277160905469312,0.17929244381986625,1,3
frozenset({'DAY=Thursday'}),"frozenset({'ARREST=N', 'TIME=Evening'})",0.1399000466909921,0.22744133363307797,0.03149480346550919,0.22512360939431394,0.9898095733007655,1.0,-0.0003242497292199331,0.997008911012307,-0.011828350503486722,0.09377735441017455,-0.0030000624414240154,0.181799007457141,1,2
"frozenset({'DOMESTIC=N', 'TIME=Afternoon', 'DAY=Saturday'})",frozenset({'ARREST=N'}),0.035286284953395475,0.845924049319522,0.029545022221453648,0.837294780691007,0.9897990030718993,1.0,-0.000304494831765173,0.9469637872395036,-0.010570174321097916,0.034690883617517015,-0.05600659019401623,0.4361105551799944,3,1
"frozenset({'TIME=Morning', 'ARREST=Y'})",frozenset({'DOMESTIC=N'}),0.028395040379061685,0.8082599823611808,0.02271430300724575,0.7999390986601705,0.9897051890696081,1.0,-0.0002362718286796628,0.9584082464625302,-0.010592488660689603,0.027906581470327346,-0.043396698318262934,0.4140209087335845,2,1
frozenset({'DAY=Wednesday'}),"frozenset({'LOCATION=STREET', 'DOMESTIC=N'})",0.14183253497501166,0.2548549985300984,0.03577048783440261,0.2522022739049593,0.9895912395658749,1.0,-0.00037624265817411823,0.9964526174223723,-0.012108225345166911,0.09910999844279672,-0.003560011299688297,0.1962792540008257,1,2
"frozenset({'DAY=Monday', 'TIME=Evening'})",frozenset({'DOMESTIC=N'}),0.038917806560949036,0.8082599823611808,0.03112732806474484,0.7998222617196178,0.9895606354072933,1.0,-0.00032837757974367096,0.957848856151304,-0.01085750366416121,0.03814387658336821,-0.044006049156922196,0.4191668955543643,2,1
"frozenset({'ARREST=N', 'DAY=Wednesday'})","frozenset({'LOCATION=STREET', 'DOMESTIC=N'})",0.12038061805039169,0.2548549985300984,0.03034914486312622,0.25210989405638357,0.9892287595317043,1.0,-0.0003304573731586907,0.9963295349786031,-0.01222731803593372,0.08799749294891883,-0.0036839869666974146,0.18559693176101622,2,2
"frozenset({'DOMESTIC=Y', 'DAY=Wednesday'})",frozenset({'ARREST=N'}),0.025403358292838987,0.845924049319522,0.021257371124215333,0.8367937372362151,0.9892066999506025,1.0,-0.00023194058917768226,0.9440566070891433,-0.011071518135409074,0.02500661146937364,-0.059258515316523,0.43096145473036856,2,1
"frozenset({'TIME=Evening', 'DAY=Thursday'})",frozenset({'DOMESTIC=N'}),0.03845089663997787,0.8082599823611808,0.030742559703944523,0.7995277715313693,0.9891962845861774,1.0,-0.00033576133605557265,0.9564417929779343,-0.011230887662900538,0.03767616827381583,-0.04554193192085927,0.4187816278133213,2,1
frozenset({'DAY=Thursday'}),"frozenset({'TIME=Evening', 'DOMESTIC=N'})",0.1399000466909921,0.2221669808221073,0.030742559703944523,0.21974660074165636,0.9891055814347633,1.0,-0.00033861128626503506,0.9968979563783361,-0.01264405067186748,0.09278686813330202,-0.003111696239135103,0.1790612588833503,1,2
frozenset({'DAY=Monday'}),frozenset({'LOCATION=STREET'}),0.14262801113666626,0.2777638473377488,0.03918152420149757,0.2747112848958807,0.989010224076583,1.0,-0.000435380909954132,0.9957912450886128,-0.012794587636422746,0.1027819045782914,-0.004226543396665978,0.2078859230748762,1,1
frozenset({'LOCATION=APARTMENT'}),"frozenset({'ARREST=N', 'TIME=Evening'})",0.19613675272796444,0.22744133363307797,0.04411434105175783,0.2249162405219538,0.9888978266580261,1.0,-0.0004952635631516461,0.9967421674364271,-0.01377371152807234,0.11625442903854259,-0.003268480726517271,0.20943772451120024,1,2
frozenset({'DAY=Friday'}),frozenset({'LOCATION=STREET'}),0.14742248430663876,0.2777638473377488,0.04049146592422225,0.2746627565982405,0.9888355134434127,1.0,-0.0004571705008786231,0.9957246222116425,-0.01306975013709496,0.1052560601463201,-0.004293735128153388,0.21021967228034955,1,1
"frozenset({'TIME=Evening', 'DAY=Tuesday'})",frozenset({'DOMESTIC=N'}),0.038589240320265616,0.8082599823611808,0.030837670984142355,0.7991261483307193,0.9886993860517767,1.0,-0.000352467716446897,0.9545295021997213,-0.0117488704617736,0.037790728476821196,-0.04763655570151735,0.41863965327178515,2,1
frozenset({'DAY=Tuesday'}),"frozenset({'LOCATION=STREET', 'DOMESTIC=N'})",0.13968820793055148,0.2548549985300984,0.03519117367319764,0.2519265884683235,0.9885095050963693,1.0,-0.0004090643536151378,0.9960853974802032,-0.013331326010018485,0.09792952442824315,-0.003929986856247062,0.19500485487877584,1,2
frozenset({'DOMESTIC=Y'}),frozenset({'ARREST=N'}),0.19174001763881923,0.845924049319522,0.16030573953343594,0.8360578115487813,0.9883367333288641,1.0,-0.0018917526041906108,0.9398187991514069,-0.014390277549353962,0.18271410269045038,-0.06403489790045984,0.5127807571151753,1,1
frozenset({'DAY=Tuesday'}),"frozenset({'LOCATION=STREET', 'ARREST=N', 'DOMESTIC=N'})",0.13968820793055148,0.21435920936586716,0.029583931381534576,0.21178546006004145,0.9879932879327202,1.0,-0.00035952242819329433,0.9967347096819329,-0.013929078250630167,0.09117799896070672,-0.003275987367901686,0.17489823594938825,1,3
frozenset({'CRIME=BURGLARY'}),frozenset({'TIME=Evening'}),0.056310201117125216,0.2789830010202846,0.015520431632282498,0.2756238003838772,0.987959120720179,1.0,-0.00018915726342887823,0.9953626297520712,-0.012750200699137418,0.04853581375226456,-0.004658975642961143,0.1656279885835643,1,1
"frozenset({'CRIME=BURGLARY', 'DOMESTIC=N'})",frozenset({'TIME=Evening'}),0.055004582634409535,0.2789830010202846,0.015157279471527141,0.2755639393224868,0.9877445518712833,1.0,-0.0001880640616886628,0.9952803816880675,-0.012959546467746169,0.047540272278570266,-0.004741998736002076,0.16494720807378932,2,1
"frozenset({'TIME=Afternoon', 'DAY=Sunday'})",frozenset({'ARREST=N'}),0.039842979922873396,0.845924049319522,0.033288948069241014,0.8355034722222223,0.9876814270670254,1.0,-0.0004151868440724696,0.9366516896248587,-0.01282319343733391,0.039049623450059585,-0.06763272951604146,0.43742782174552436,2,1
frozenset({'DAY=Monday'}),"frozenset({'ARREST=N', 'TIME=Afternoon'})",0.14262801113666626,0.262424991785844,0.03695937883687551,0.25913127822739535,0.9874489333655518,1.0,-0.00046977581409540087,0.9955542548070215,-0.014608496237491128,0.10040754965176232,-0.004465598104284354,0.19998457784617324,1,2
"frozenset({'DAY=Monday', 'DOMESTIC=N', 'TIME=Afternoon'})",frozenset({'ARREST=N'}),0.037119338717208225,0.845924049319522,0.031001954104484065,0.835196832052178,0.9873189356940812,1.0,-0.0003981872112396312,0.9349089134576566,-0.013163488056503695,0.03638550059872948,-0.06962291791786573,0.43592272902406004,3,1
frozenset({'DAY=Tuesday'}),"frozenset({'ARREST=N', 'TIME=Evening'})",0.13968820793055148,0.22744133363307797,0.031365106265239424,0.2245365355451704,0.987228363281611,1.0,-0.00040576603929990546,0.9962541135449241,-0.014814636771127829,0.09341402176012362,-0.003759970879063271,0.18122034821509503,1,2
"frozenset({'ARREST=N', 'TIME=Evening', 'DAY=Tuesday'})",frozenset({'DOMESTIC=N'}),0.031365106265239424,0.8082599823611808,0.025014266692029673,0.7975189524465884,0.9867109220436543,1.0,-0.000336893544669304,0.9469529121644877,-0.01371348696802757,0.03070701495547323,-0.05601871767230795,0.41423362268478003,3,1
"frozenset({'DOMESTIC=N', 'TIME=Morning'})","frozenset({'LOCATION=STREET', 'ARREST=N'})",0.16994224151347986,0.2337446175661888,0.039190170681515556,0.2306087664402554,0.9865842851973033,1.0,-0.0005329135693936879,0.995924243753825,-0.016118115911235006,0.10751859188006309,-0.004092436017836744,0.19913555565432972,2,2
frozenset({'DAY=Tuesday'}),"frozenset({'LOCATION=STREET', 'ARREST=N'})",0.13968820793055148,0.2337446175661888,0.03221246130700192,0.23060258116430937,0.9865578235144187,1.0,-0.00043890543423109885,0.9959162374022072,-0.015590744723827281,0.09440368948522053,-0.004100508099400974,0.1842065377754519,1,2
"frozenset({'ARREST=N', 'DAY=Saturday'})",frozenset({'DOMESTIC=N'}),0.12310425925605686,0.8082599823611808,0.09814619468414408,0.7972607550482879,0.986391473593978,1.0,-0.0013540517307426697,0.9457469257345182,-0.015489387058479997,0.11779172936232034,-0.05736531918763138,0.45934487337078245,2,1
"frozenset({'CRIME=BATTERY', 'ARREST=N', 'DOMESTIC=Y'})",frozenset({'TIME=Morning'}),0.07672886367959604,0.21119027443927577,0.01598301831324468,0.20830516114491773,0.9863387966040662,1.0,-0.00022137146466298663,0.9963557760480914,-0.014779744112049355,0.058774900240059776,-0.0036575528937693486,0.14199290810572396,3,1
frozenset({'DAY=Saturday'}),"frozenset({'DOMESTIC=N', 'CRIME=THEFT'})",0.14584882494336557,0.2081812993930171,0.02993843706227195,0.20527033436092007,0.9860171636905698,1.0,-0.0004245608293825774,0.9963371632418476,-0.016331453579866078,0.09237644233975854,-0.0036763024539147437,0.17453988952958993,1,2
frozenset({'DAY=Tuesday'}),frozenset({'LOCATION=STREET'}),0.13968820793055148,0.2777638473377488,0.03825635083957321,0.2738695800191885,0.9859799345527316,1.0,-0.0005439832229321984,0.9946369588555961,-0.016259479872229952,0.10088814401842415,-0.005391958439363009,0.205799675066171,1,1
"frozenset({'ARREST=N', 'TIME=Evening', 'DAY=Saturday'})",frozenset({'DOMESTIC=N'}),0.03320248326906117,0.8082599823611808,0.026453905615024125,0.7967447916666667,0.9857531104523143,1.0,-0.0003823329263746532,0.9433461469994436,-0.01472896033558581,0.032458438981953976,-0.060056272218589724,0.4147371214119423,3,1
"frozenset({'ARREST=N', 'TIME=Night'})",frozenset({'DOMESTIC=N'}),0.17326248984038597,0.8082599823611808,0.1380367302471164,0.7966913691144547,0.9856870146992425,1.0,-0.0020044067351282224,0.9430982679075796,-0.017260835416013257,0.163650342123472,-0.06033489194998351,0.4837369777422913,2,1
frozenset({'DAY=Monday'}),"frozenset({'LOCATION=STREET', 'ARREST=N'})",0.14262801113666626,0.2337446175661888,0.03286094730835077,0.23039616865205662,0.9856747549997209,1.0,-0.0004775826090154048,0.9956491265015307,-0.01666859685426096,0.09566180449803038,-0.004369886321054884,0.1854904992926438,1,2
"frozenset({'CRIME=BATTERY', 'DAY=Friday', 'DOMESTIC=N'})",frozenset({'ARREST=N'}),0.012412022065817006,0.845924049319522,0.010345513341518668,0.8335074886799024,0.9853218966293632,1.0,-0.00015411462464051326,0.9254227079574312,-0.014859836753808689,0.012200033648233213,-0.08058727260667052,0.42286866290139935,3,1
frozenset({'DOMESTIC=N'}),frozenset({'TIME=Evening'}),0.8082599823611808,0.2789830010202846,0.2221669808221073,0.27487069219125254,0.9852596437274217,1.0,-0.0033238146616172137,0.9943288613703134,-0.07237938902950522,0.2568178751517998,-0.005703483877427648,0.5356083172257808,1,1
frozenset({'TIME=Evening'}),frozenset({'DOMESTIC=N'}),0.2789830010202846,0.8082599823611808,0.2221669808221073,0.7963459422603091,0.9852596437274216,1.0,-0.0033238146616172137,0.9414986362996992,-0.02032790029839225,0.2568178751517998,-0.06213642956534092,0.5356083172257808,1,1
"frozenset({'DOMESTIC=Y', 'DAY=Thursday', 'LOCATION=APARTMENT'})",frozenset({'ARREST=N'}),0.01245525446590693,0.845924049319522,0.010380099261590607,0.8333911836167998,0.9851844078522133,1.0,-0.00015610003151444313,0.9247766956467857,-0.014999648674199962,0.01224069457402281,-0.0813421280048622,0.4228309530562215,3,1
frozenset({'DAY=Thursday'}),frozenset({'TIME=Evening'}),0.1399000466909921,0.2789830010202846,0.03845089663997787,0.2748454882571076,0.985169301541508,1.0,-0.0005788382287530494,0.9942943018402622,-0.017201499042453123,0.10107162744184463,-0.005738439966092163,0.20633535977064832,1,1
"frozenset({'DAY=Monday', 'ARREST=N'})","frozenset({'LOCATION=STREET', 'DOMESTIC=N'})",0.12075241669116503,0.2548549985300984,0.030314558943054282,0.25104722351509073,0.9850590530420459,1.0,-0.000459798035278413,0.9949158676827677,-0.016958081234768253,0.0877937622857429,-0.005110112806898405,0.18499774237671415,2,2
"frozenset({'TIME=Evening', 'DAY=Saturday'})",frozenset({'DOMESTIC=N'}),0.04081138568488768,0.8082599823611808,0.032489148667577426,0.7960805084745762,0.9849312422334402,1.0,-0.0004970612062252383,0.9402731254599755,-0.015699834741937434,0.03978674516364714,-0.0635207717021652,0.41813845863723037,2,1
"frozenset({'CRIME=ASSAULT', 'DOMESTIC=Y', 'LOCATION=APARTMENT'})",frozenset({'ARREST=N'}),0.012126688225223512,0.845924049319522,0.010103411901015097,0.8331550802139037,0.9849053007585138,1.0,-0.00015484530730134304,0.9234680377323518,-0.015277164183282305,0.011915140947399011,-0.08287451123438819,0.4225493598637861,3,1
frozenset({'ARREST=Y'}),frozenset({'DOMESTIC=N'}),0.15407595068047797,0.8082599823611808,0.12264167257509467,0.7959819299082466,0.9848092783004471,1.0,-0.0018917526041906108,0.9398187991514065,-0.017907999651825175,0.14605515167741004,-0.06403489790046021,0.4738586778506717,1,1
"frozenset({'ARREST=N', 'TIME=Afternoon', 'DAY=Sunday'})",frozenset({'DOMESTIC=N'}),0.033288948069241014,0.8082599823611808,0.026484168295087072,0.7955844155844156,0.9843174633739309,1.0,-0.00042195628417993417,0.9379911917528005,-0.016213812897124993,0.03249333000938838,-0.06610809226398504,0.4141756542531587,3,1
"frozenset({'CRIME=BATTERY', 'DOMESTIC=N'})",frozenset({'ARREST=N'}),0.08516350493714009,0.845924049319522,0.07090545938748335,0.832580334027108,0.984225870746732,1.0,-0.0011363975631853013,0.9202978024423091,-0.01721728416035056,0.08243075484879402,-0.08660478960851074,0.4582002294148541,2,1
"frozenset({'ARREST=N', 'TIME=Evening', 'DAY=Thursday'})",frozenset({'DOMESTIC=N'}),0.03149480346550919,0.8082599823611808,0.025048852612101612,0.7953328757721345,0.984006251860593,1.0,-0.00040713668139969947,0.9368383826283018,-0.016505264159343256,0.030745882153166922,-0.06741997183601535,0.41316197964165813,3,1
"frozenset({'DOMESTIC=Y', 'DAY=Saturday'})",frozenset({'ARREST=N'}),0.029990315942379858,0.845924049319522,0.024958064571912773,0.8322041228196626,0.9837811367215579,1.0,-0.0004114649304370159,0.9182344242873498,-0.016711930524231675,0.02932943154857163,-0.08904651530148107,0.43085401496404785,2,1
"frozenset({'CRIME=BATTERY', 'LOCATION=APARTMENT'})",frozenset({'TIME=Morning'}),0.0599330762446608,0.21119027443927577,0.012450931225897938,0.20774724085695737,0.9836970069220285,1.0,-0.00020635159420201617,0.9956541223207066,-0.01732436832410059,0.04813397289121388,-0.004364846769442307,0.13335161428722997,2,1
"frozenset({'ARREST=N', 'TIME=Evening'})",frozenset({'DOMESTIC=N'}),0.22744133363307797,0.8082599823611808,0.18082815985612258,0.7950540781995477,0.9836613163464377,1.0,-0.0030035684543524566,0.9355639573326509,-0.0210475524000485,0.2115263048766303,-0.0688740114049072,0.5093896599163252,2,1
frozenset({'DOMESTIC=N'}),"frozenset({'ARREST=N', 'TIME=Evening'})",0.8082599823611808,0.22744133363307797,0.18082815985612258,0.22372524163310278,0.9836613163464376,1.0,-0.0030035684543524566,0.995212916612421,-0.0797219262038821,0.2115263048766303,-0.004810109784219617,0.5093896599163252,1,2
frozenset({'DAY=Wednesday'}),frozenset({'LOCATION=STREET'}),0.14183253497501166,0.2777638473377488,0.03874055372058035,0.2731429268143994,0.9833638518200298,1.0,-0.0006553968717447067,0.9936426008718643,-0.019332511293859593,0.10171973437766048,-0.006398074239729086,0.20630795736041296,1,1
"frozenset({'CRIME=BATTERY', 'TIME=Afternoon'})",frozenset({'ARREST=N'}),0.05177944558770125,0.845924049319522,0.04306379372957269,0.831677381648159,0.9831584553213455,1.0,-0.0007376845534954116,0.9153609431052007,-0.01774489093484218,0.05038824392341351,-0.09246522645774709,0.4412923906947795,2,1
"frozenset({'ARREST=N', 'DAY=Friday'})",frozenset({'LOCATION=STREET'}),0.12503242430006745,0.2777638473377488,0.03413630311100351,0.27301960513121953,0.9829198714951537,1.0,-0.0005931841045490535,0.9934740438118889,-0.019473340839136658,0.09259563290100149,-0.006568824046042819,0.19795822977848468,2,1
frozenset({'DAY=Saturday'}),frozenset({'DOMESTIC=N'}),0.14584882494336557,0.8082599823611808,0.1158585090009857,0.7943739625326061,0.9828198597832231,1.0,-0.0020252596751379054,0.9324695452015572,-0.020054867533985023,0.13821469462696112,-0.07242108350449743,0.46885854210649625,1,1
"frozenset({'ARREST=N', 'DAY=Wednesday'})",frozenset({'LOCATION=STREET'}),0.12038061805039169,0.2777638473377488,0.03286094730835077,0.2729753995331298,0.982760723360818,1.0,-0.0005764363062220682,0.9934136371705387,-0.019552434062822973,0.08996011503911566,-0.006630030616673161,0.19564037140347756,2,1
"frozenset({'DAY=Monday', 'ARREST=N'})",frozenset({'TIME=Afternoon'}),0.12075241669116503,0.31149808912791604,0.03695937883687551,0.3060756865131932,0.9825925011934948,1.0,-0.000654768220000275,0.9921858875538221,-0.0197509582855347,0.09349913598880065,-0.007875653689696503,0.2123630528274621,2,1
"frozenset({'LOCATION=STREET', 'DAY=Sunday'})",frozenset({'ARREST=N'}),0.0418705794870908,0.845924049319522,0.03480208207238833,0.8311822405782138,0.9825731296406967,1.0,-0.0006172480746864384,0.9126761971501097,-0.018174589441018955,0.0407999837813729,-0.09567884329904125,0.43616157345235707,2,1
"frozenset({'DAY=Monday', 'ARREST=N', 'TIME=Evening'})",frozenset({'DOMESTIC=N'}),0.03151209642554516,0.8082599823611808,0.025022913172047658,0.7940732610783372,0.9824478242243297,1.0,-0.00044705332902730127,0.9311079204326136,-0.018112933926289747,0.030712413375924605,-0.07398936047647149,0.4125161258241807,3,1
frozenset({'DAY=Monday'}),"frozenset({'TIME=Evening', 'DOMESTIC=N'})",0.14262801113666626,0.2221669808221073,0.03112732806474484,0.2182413385468764,0.9823302172955475,1.0,-0.0005599065501501986,0.994978447353645,-0.020548834854807886,0.0932884166882612,-0.005046895899816634,0.1791745718595948,1,2
"frozenset({'LOCATION=RESIDENCE', 'ARREST=N', 'DOMESTIC=N'})",frozenset({'CRIME=THEFT'}),0.06330520345167483,0.2199794213775572,0.013678731388451762,0.21607594072252953,0.9822552462835694,1.0,-0.00024711063703620334,0.9950205882714896,-0.0189213165270257,0.05073602514351689,-0.005004330349747194,0.13912890446499293,3,1
"frozenset({'TIME=Morning', 'DAY=Saturday'})","frozenset({'ARREST=N', 'DOMESTIC=N'})",0.027664412817541978,0.6856183097860861,0.01862884119874799,0.6733864666354118,0.9821593983473245,1.0,-0.0003383867584396752,0.9625494907554236,-0.018338884985067114,0.026817443474256127,-0.03890761940477955,0.3502786648419604,2,2
"frozenset({'LOCATION=STREET', 'DOMESTIC=N', 'DAY=Sunday'})",frozenset({'ARREST=N'}),0.037538692998080485,0.845924049319522,0.03117920694485275,0.8305885062766324,0.9818712530336194,1.0,-0.0005756762422458837,0.9094775525211348,-0.018822510122546363,0.036583138886070815,-0.09953236034020926,0.433723334903951,3,1
frozenset({'DAY=Saturday'}),"frozenset({'ARREST=N', 'DOMESTIC=N'})",0.14584882494336557,0.6856183097860861,0.09814619468414408,0.672930993597344,0.981495073851367,1.0,-0.0018504301578129712,0.9612090539293635,-0.02159645685742972,0.13383798187745766,-0.04035640937011721,0.40804044840313386,1,2
"frozenset({'DAY=Monday', 'DOMESTIC=Y', 'LOCATION=APARTMENT'})",frozenset({'ARREST=N'}),0.013665761668424785,0.845924049319522,0.011344181783595898,0.8301170515659602,0.9813139279273626,1.0,-0.00021601466399350303,0.9069535942290334,-0.018940065976227813,0.013373699071384157,-0.10259224547212012,0.42176372691346065,3,1
"frozenset({'DOMESTIC=N', 'TIME=Afternoon', 'DAY=Sunday'})",frozenset({'ARREST=N'}),0.031905511266363464,0.845924049319522,0.026484168295087072,0.8300813008130081,0.9812716655599777,1.0,-0.0005054709909647417,0.9067627719473105,-0.01933363126860245,0.03110860590179918,-0.10282427878292652,0.43069463749694764,3,1
"frozenset({'DAY=Monday', 'ARREST=N'})","frozenset({'DOMESTIC=N', 'TIME=Afternoon'})",0.12075241669116503,0.2616900409843153,0.031001954104484065,0.25673982313558413,0.9810836597750853,1.0,-0.0005977507683820327,0.9933398586352165,-0.021458489320733073,0.08821394742345401,-0.006704796255668566,0.1876040230148192,2,2
"frozenset({'CRIME=BATTERY', 'TIME=Morning'})",frozenset({'ARREST=N'}),0.03547650751379114,0.845924049319522,0.02943694122122884,0.8297587131367292,0.9808903220143741,1.0,-0.0005734896705518119,0.9050445606900517,-0.019798642284069995,0.03455187602123146,-0.10491797137319901,0.4322786380079386,2,1
"frozenset({'DAY=Friday', 'DOMESTIC=Y', 'LOCATION=APARTMENT'})",frozenset({'ARREST=N'}),0.012489840385978867,0.845924049319522,0.010362806301554638,0.829698857736241,0.9808195645976339,1.0,-0.00020265005310710765,0.9047264664957337,-0.019418315196953338,0.01221955434566504,-0.1053064512120311,0.42097456877275535,3,1
"frozenset({'ARREST=N', 'DAY=Tuesday'})","frozenset({'LOCATION=STREET', 'DOMESTIC=N'})",0.11838760440624621,0.2548549985300984,0.029583931381534576,0.24989044697633656,0.9805200934555124,1.0,-0.0005877413654011739,0.9933815646877847,-0.022038123300085363,0.08608521719439936,-0.006662530841606115,0.18298593595636164,2,2
"frozenset({'DAY=Wednesday', 'DOMESTIC=N'})","frozenset({'TIME=Evening', 'ARREST=N'})",0.11642917668217269,0.22744133363307797,0.025961056253999,0.22297723812706546,0.9803725407571947,1.0,-0.0005197509643956218,0.9942548716394713,-0.022156488784326196,0.08166179370367851,-0.005778325582710266,0.16856060294461772,2,2
"frozenset({'ARREST=N', 'DAY=Sunday'})","frozenset({'DOMESTIC=N', 'CRIME=THEFT'})",0.119641344008854,0.2081812993930171,0.024417659570788734,0.20409048204090482,0.9803497366764466,1.0,-0.0004894308861014551,0.9948601979750135,-0.02226129911265206,0.0804787688800228,-0.005166356072389286,0.16069042106780052,2,2
"frozenset({'DAY=Monday', 'ARREST=N'})",frozenset({'LOCATION=STREET'}),0.12075241669116503,0.2777638473377488,0.03286094730835077,0.2721349038702517,0.9797347872250181,1.0,-0.0006797085271182182,0.9922665017220529,-0.02298438877947701,0.08986864351671218,-0.007793771395613633,0.1952201235720385,2,1
"frozenset({'ARREST=N', 'DAY=Tuesday'})",frozenset({'LOCATION=STREET'}),0.11838760440624621,0.2777638473377488,0.03221246130700192,0.2720931931054631,0.9795846209410024,1.0,-0.0006713351699764447,0.9922096425276219,-0.023093554159680618,0.08851060796844933,-0.007851523648301127,0.19403193484593456,2,1
"frozenset({'DOMESTIC=Y', 'DAY=Wednesday', 'LOCATION=APARTMENT'})",frozenset({'ARREST=N'}),0.012463900945924915,0.845924049319522,0.010328220381482699,0.828650711064863,0.9795805093039333,1.0,-0.00021529317701152705,0.8991922384854615,-0.020671881855384395,0.012178647349398206,-0.11210924338529908,0.42043005275069295,3,1
frozenset({'CRIME=OTHER OFFENSE'}),frozenset({'ARREST=N'}),0.06777543362097291,0.845924049319522,0.05609836235668459,0.8277093831728008,0.9784677286792196,1.0,-0.001234506896355285,0.8942794071891345,-0.023061627960927825,0.06541311690275747,-0.11821874904081998,0.4470127288840817,1,1
frozenset({'CRIME=BURGLARY'}),"frozenset({'ARREST=N', 'DOMESTIC=N', 'TIME=Afternoon'})",0.056310201117125216,0.219525481176613,0.012092102305151573,0.21474088291746643,0.9782048159808052,1.0,-0.0002694216902371909,0.9939069815872718,-0.02306571047136734,0.04584794938202799,-0.006130370875348551,0.13491189641954301,1,3
frozenset({'DAY=Monday'}),frozenset({'TIME=Evening'}),0.14262801113666626,0.2789830010202846,0.038917806560949036,0.2728622957776363,0.9780606516516637,1.0,-0.0008729840155126956,0.9915824675201046,-0.025496012682859347,0.1016945323090827,-0.008488988819000771,0.20618057064687245,1,1
"frozenset({'DOMESTIC=Y', 'DAY=Sunday'})",frozenset({'ARREST=N'}),0.03262316910785619,0.845924049319522,0.026985664136130183,0.8271932149483171,0.9778575459744023,1.0,-0.0006110591772230632,0.8916082237997603,-0.02287209234551921,0.03168962243556224,-0.12156883854021354,0.42954701351701663,2,1
"frozenset({'DOMESTIC=N', 'DAY=Saturday'})",frozenset({'TIME=Afternoon'}),0.1158585090009857,0.31149808912791604,0.035286284953395475,0.3045636031195194,0.9777382711148863,1.0,-0.0008034192096210285,0.9900285834340816,-0.025105683043202442,0.0899998897330437,-0.01007184714943367,0.20892145070204582,2,1
"frozenset({'DOMESTIC=Y', 'LOCATION=APARTMENT'})",frozenset({'ARREST=N'}),0.09336036799418956,0.845924049319522,0.07718712712054922,0.8267654549664274,0.9773518741209614,1.0,-0.0017886534190563186,0.8894066171999255,-0.024922172722355352,0.08953412567072865,-0.12434513153078411,0.4590056927970856,2,1
frozenset({'CRIME=THEFT'}),"frozenset({'ARREST=N', 'TIME=Evening'})",0.2199794213775572,0.22744133363307797,0.04885261210161344,0.22207810074091547,0.9764192690638422,1.0,-0.0011798008683309921,0.9931056923615719,-0.0300311959577895,0.12257028809441169,-0.006942169087797497,0.2184351232857384,1,2
"frozenset({'ARREST=N', 'TIME=Evening'})",frozenset({'CRIME=THEFT'}),0.22744133363307797,0.2199794213775572,0.04885261210161344,0.21479214583056133,0.9764192690638422,1.0,-0.0011798008683309921,0.9933937548899293,-0.030312465761173184,0.12257028809441169,-0.0066501778147402945,0.2184351232857384,2,1
"frozenset({'DAY=Friday', 'TIME=Night'})",frozenset({'DOMESTIC=N'}),0.026142632334376675,0.8082599823611808,0.02062185484289346,0.7888209029270713,0.9759494718799243,1.0,-0.0005081887065646676,0.9079497937838213,-0.024680216402624775,0.025340799217994623,-0.10138248485366734,0.40716739557367865,2,1
"frozenset({'DOMESTIC=Y', 'DAY=Sunday', 'LOCATION=APARTMENT'})",frozenset({'ARREST=N'}),0.01567174503259723,0.845924049319522,0.012913517906860118,0.824,0.97408272133041,1.0,-0.00034358811101763663,0.8754315379572609,-0.026319054192918953,0.015215962752219737,-0.1422937792867368,0.4196327880246743,3,1
"frozenset({'DAY=Wednesday', 'DOMESTIC=N'})",frozenset({'TIME=Evening'}),0.11642917668217269,0.2789830010202846,0.03163747038580594,0.2717314618840741,0.9740072366069241,1.0,-0.0008442907313075468,0.9900427675277985,-0.029317445589614032,0.0869699562654497,-0.010057376104130558,0.1925671612623482,2,1
"frozenset({'TIME=Afternoon', 'CRIME=OTHER OFFENSE'})",frozenset({'ARREST=N'}),0.022506787486814117,0.845924049319522,0.018542376398568143,0.823857087975413,0.9739137794204337,1.0,-0.0004966564094516027,0.8747212641685588,-0.026670836527239828,0.021817423417740837,-0.14322132199509438,0.42288837921965433,2,1
"frozenset({'DAY=Wednesday', 'TIME=Night'})",frozenset({'DOMESTIC=N'}),0.024880246251750913,0.8082599823611808,0.019575630760717312,0.7867940920938314,0.9734418494843197,1.0,-0.0005340766358647164,0.8993185016392865,-0.02721734014855125,0.024061556774220977,-0.1119531046867048,0.4055067825103806,2,1
frozenset({'DAY=Thursday'}),"frozenset({'LOCATION=STREET', 'ARREST=N', 'DOMESTIC=N'})",0.1399000466909921,0.21435920936586716,0.02918619330070728,0.20862175525339927,0.9732343941301106,1.0,-0.0008026700982216861,0.9927500482221305,-0.030984288285551196,0.08978348760506435,-0.007302897432090933,0.17238864621674055,1,3
frozenset({'CRIME=ASSAULT'}),frozenset({'TIME=Evening'}),0.09008767530738236,0.2789830010202846,0.02445656873086966,0.2714751895575391,0.9730886418337737,1.0,-0.0006763612813248596,0.9896945013332,-0.029497177936351104,0.0709679847450823,-0.01041280784415564,0.1795692415841809,1,1
"frozenset({'ARREST=N', 'TIME=Night', 'DAY=Saturday'})",frozenset({'DOMESTIC=N'}),0.029916820862226988,0.8082599823611808,0.023518425648918324,0.7861271676300577,0.9726167134163117,1.0,-0.0006621434534878658,0.8965141365274517,-0.028203953953770733,0.028869064992543925,-0.11543137944638479,0.40761238380647075,3,1
"frozenset({'DOMESTIC=N', 'CRIME=OTHER OFFENSE'})",frozenset({'LOCATION=STREET'}),0.042493126048385704,0.2777638473377488,0.01147820222387466,0.27011903550717264,0.9724772971578249,1.0,-0.00032485195273286235,0.9895259471030481,-0.028709064761290173,0.03717289948615992,-0.01058491990797805,0.15572131793724678,2,1
"frozenset({'DOMESTIC=N', 'DAY=Saturday'})","frozenset({'ARREST=N', 'TIME=Afternoon'})",0.1158585090009857,0.262424991785844,0.029545022221453648,0.25500951528042093,0.9717424912354591,1.0,-0.0008591460514501548,0.990046213129535,-0.03184248314397303,0.08471970842734237,-0.01005386085867754,0.1837970757239323,2,2
frozenset({'DAY=Monday'}),"frozenset({'ARREST=N', 'TIME=Evening'})",0.14262801113666626,0.22744133363307797,0.03151209642554516,0.22093904398169195,0.9714111346978122,1.0,-0.0009274086408117138,0.9916536830640077,-0.033186928832365306,0.0930776008479013,-0.008416564248724381,0.17974474105982657,1,2
"frozenset({'CRIME=BATTERY', 'DOMESTIC=N', 'LOCATION=STREET'})",frozenset({'ARREST=N'}),0.018049527037543017,0.845924049319522,0.01482438999083473,0.821317365269461,0.9709114735893191,1.0,-0.00044413900906585535,0.8622883298806906,-0.029607380744129837,0.01745793345722068,-0.15970489840488014,0.41942092908153605,3,1
"frozenset({'ARREST=N', 'DAY=Wednesday'})","frozenset({'TIME=Evening', 'DOMESTIC=N'})",0.12038061805039169,0.2221669808221073,0.025961056253999,0.21565810738014007,0.9707027866252591,1.0,-0.0007835422077557969,0.9917014843868325,-0.03317368451689051,0.08200303158584715,-0.008367957236948616,0.16625595438866314,2,2
frozenset({'DAY=Thursday'}),"frozenset({'LOCATION=STREET', 'DOMESTIC=N'})",0.1399000466909921,0.2548549985300984,0.03459888979196569,0.2473114956736712,0.9704008047715952,1.0,-0.0010553364018278041,0.9899779220579716,-0.03424877929445254,0.09606635696880213,-0.010123536817057903,0.19153530678509684,1,2
"frozenset({'TIME=Evening', 'DAY=Wednesday', 'DOMESTIC=N'})",frozenset({'ARREST=N'}),0.03163747038580594,0.845924049319522,0.025961056253999,0.8205793932768517,0.9700390879499666,1.0,-0.0008018408049884213,0.8587416657119105,-0.030909512084096074,0.030485018935740325,-0.16449456213468364,0.4256344880974715,3,1
"frozenset({'TIME=Evening', 'DOMESTIC=Y'})",frozenset({'ARREST=N'}),0.056816020198177324,0.845924049319522,0.046613173776955404,0.8204230710698523,0.9698542933373473,1.0,-0.0014488640953065138,0.8579941287469666,-0.031903704841198116,0.05444657095677906,-0.16550914102456846,0.437763166094698,2,1
"frozenset({'TIME=Evening', 'DAY=Friday', 'DOMESTIC=N'})",frozenset({'ARREST=N'}),0.034663738392100574,0.845924049319522,0.028429626299133624,0.820154652032926,0.9695369846650826,1.0,-0.0008932636460646723,0.8567135732011603,-0.03152241356141138,0.03336191283084151,-0.1672512625934495,0.42688121421541125,3,1
"frozenset({'TIME=Afternoon', 'DAY=Sunday'})","frozenset({'ARREST=N', 'DOMESTIC=N'})",0.039842979922873396,0.6856183097860861,0.026484168295087072,0.6647135416666667,0.9695096122419169,1.0,-0.000832908256474349,0.9376510216865473,-0.031715498869671004,0.03788989293600282,-0.0664948652232105,0.3516708468411271,2,2
"frozenset({'TIME=Evening', 'DAY=Wednesday'})",frozenset({'ARREST=N'}),0.03948847424213603,0.845924049319522,0.03236809794732565,0.8196846945478432,0.9689814294879235,1.0,-0.0010361520850317094,0.8544807125169919,-0.03225267386640322,0.037944211315858824,-0.17030143027378675,0.4289741463836426,2,1
"frozenset({'DAY=Saturday', 'DOMESTIC=Y', 'LOCATION=APARTMENT'})",frozenset({'ARREST=N'}),0.014539056150241236,0.845924049319522,0.011914849464782887,0.8195063931013976,0.968770652354221,1.0,-0.00038408778711307955,0.8536366097832744,-0.03167549737188219,0.014041451833132938,-0.17145866114374486,0.41679570200634075,3,1
"frozenset({'TIME=Evening', 'DAY=Thursday'})",frozenset({'ARREST=N'}),0.03845089663997787,0.845924049319522,0.03149480346550919,0.8190915223746345,0.968280217394845,1.0,-0.0010317347201472954,0.8516789964898509,-0.03294641871161069,0.03692758442401078,-0.17415129893005013,0.42816138246610946,2,1
"frozenset({'CRIME=BATTERY', 'DAY=Thursday'})",frozenset({'ARREST=N'}),0.02431822505058191,0.845924049319522,0.019917166721427706,0.8190222222222221,0.9681982949663858,1.0,-0.0006542046856239797,0.8513528709014616,-0.032568526563221505,0.023423002028603822,-0.17460107809484704,0.42128354312640215,2,1
"frozenset({'CRIME=BATTERY', 'TIME=Evening', 'DOMESTIC=N'})",frozenset({'ARREST=N'}),0.02489321597177789,0.845924049319522,0.020379753402389886,0.818687044112539,0.9678020677755964,1.0,-0.0006780166530418671,0.8497790459944367,-0.03299278468967467,0.023963845805818628,-0.1767764864450975,0.42138937500180507,3,1
frozenset({'DAY=Sunday'}),"frozenset({'TIME=Evening', 'DOMESTIC=N'})",0.14267989001677417,0.2221669808221073,0.030669064623791653,0.21495015604642,0.9675162134850906,1.0,-0.0010296957652653968,0.9908071763452079,-0.037686179144704395,0.09177469016015939,-0.009278115736607466,0.17649763148795927,1,2
"frozenset({'TIME=Evening', 'DAY=Friday'})",frozenset({'ARREST=N'}),0.0430594704895637,0.845924049319522,0.03523872931329656,0.8183734939759036,0.9674314078601021,1.0,-0.0011863123247896276,0.848312033597325,-0.0339842780715541,0.04127548385136572,-0.17881152264153546,0.43001528906666636,2,1
"frozenset({'ARREST=N', 'DAY=Saturday'})","frozenset({'TIME=Evening', 'DOMESTIC=N'})",0.12310425925605686,0.2221669808221073,0.026453905615024125,0.2148902546093064,0.9672465899933731,1.0,-0.0008957959902359883,0.9907315808324609,-0.037180582876751786,0.08297511695708185,-0.00935512640038323,0.16698121479419378,2,2
"frozenset({'DAY=Sunday', 'TIME=Night'})","frozenset({'ARREST=N', 'DOMESTIC=N'})",0.037158247877289156,0.6856183097860861,0.02463814481124734,0.6630599185573007,0.9670977409634471,1.0,-0.0008382302929920704,0.9330492497888778,-0.034128696175994996,0.035291203517354555,-0.07175478703430847,0.34949778806879345,2,2
"frozenset({'TIME=Evening', 'DOMESTIC=Y', 'LOCATION=APARTMENT'})",frozenset({'ARREST=N'}),0.02724505853666972,0.845924049319522,0.022281979006346517,0.8178356077435736,0.9667955514463227,1.0,-0.0007652712349405441,0.8458071787355163,-0.03410272810040938,0.026186762322360366,-0.1823025686480959,0.4220880045678603,3,1
"frozenset({'ARREST=N', 'DAY=Saturday'})",frozenset({'TIME=Evening'}),0.12310425925605686,0.2789830010202846,0.03320248326906117,0.2697102721685689,0.96676238760855,1.0,-0.001141512416572725,0.9873026711203364,-0.03772768051982638,0.09000773503972999,-0.01286062445800474,0.1943614198858682,2,1
"frozenset({'TIME=Night', 'DAY=Thursday'})",frozenset({'DOMESTIC=N'}),0.024184204610303146,0.8082599823611808,0.01889255883929652,0.7811941365749017,0.9665134407530467,1.0,-0.0006545659524462878,0.8763020087185903,-0.03428801972283171,0.02322232318884478,-0.141159086765409,0.4022842476923407,2,1
"frozenset({'ARREST=N', 'DAY=Sunday'})",frozenset({'TIME=Evening'}),0.119641344008854,0.2789830010202846,0.03226001694710084,0.26963937269639376,0.9665082521525694,1.0,-0.0011178842505895,0.9872068290997745,-0.037870927830215194,0.08805447057574078,-0.012958957052486524,0.19263685948978776,2,1
"frozenset({'ARREST=N', 'DOMESTIC=N', 'DAY=Saturday'})",frozenset({'TIME=Afternoon'}),0.09814619468414408,0.31149808912791604,0.029545022221453648,0.30103074618976305,0.966396766774853,1.0,-0.0010273298778336638,0.9850246017530911,-0.037124415963971466,0.07772975432211102,-0.015203070278911261,0.1979394557018876,3,1
"frozenset({'LOCATION=STREET', 'TIME=Afternoon'})",frozenset({'ARREST=N'}),0.06873086966296021,0.845924049319522,0.056180503916855445,0.8173984148949552,0.9662787286311184,1.0,-0.0019605916616881533,0.8437821095136884,-0.03612012353962634,0.06544225772012167,-0.18514008382608085,0.4419057961252958,2,1
"frozenset({'ARREST=N', 'DOMESTIC=N', 'DAY=Saturday'})",frozenset({'TIME=Evening'}),0.09814619468414408,0.2789830010202846,0.026453905615024125,0.26953572372478196,0.9661367278258801,1.0,-0.0009272143166794942,0.9870667497339142,-0.03741064878223859,0.07543703922873982,-0.013102710905389399,0.18217918355274137,3,1
"frozenset({'CRIME=BATTERY', 'DAY=Tuesday'})",frozenset({'ARREST=N'}),0.023488162968855378,0.845924049319522,0.019195185639925987,0.8172280508006627,0.966077334552738,1.0,-0.0006740162897649997,0.842995609312223,-0.034710289890133326,0.022576806907282546,-0.1862457988551953,0.41995971633757745,2,1
"frozenset({'ARREST=N', 'DAY=Thursday'})","frozenset({'LOCATION=STREET', 'DOMESTIC=N'})",0.1186253826067408,0.2548549985300984,0.02918619330070728,0.24603666314370057,0.965398617106753,1.0,-0.0010460784091660055,0.9883040262631781,-0.03907644823764655,0.08477108917853285,-0.011834388433127048,0.1802787217330038,2,2
"frozenset({'LOCATION=RESIDENCE', 'TIME=Evening', 'DOMESTIC=Y'})",frozenset({'ARREST=N'}),0.014595258270358137,0.845924049319522,0.01191917270479188,0.8166469194312796,0.9653903563661613,1.0,-0.00042730727213371837,0.8403237633235763,-0.03510426702428858,0.014045687968699056,-0.19001751901539238,0.41536852050707845,3,1
"frozenset({'CRIME=BATTERY', 'LOCATION=STREET'})",frozenset({'ARREST=N'}),0.028896536220104796,0.845924049319522,0.023587597489062202,0.8162776780371035,0.9649538616306432,1.0,-0.0008566774415570827,0.8386348976777805,-0.03605138896181477,0.027709919399482977,-0.1924140084905207,0.4220807511252217,2,1
"frozenset({'DOMESTIC=N', 'CRIME=THEFT'})","frozenset({'ARREST=N', 'TIME=Evening'})",0.2081812993930171,0.22744133363307797,0.045688000415031044,0.21946255762761144,0.9649194107420317,1.0,-0.0016610319563838544,0.9897778433521196,-0.04389892534127301,0.11716835744775211,-0.01032772830442506,0.21017036718271598,2,2
"frozenset({'ARREST=N', 'TIME=Evening'})","frozenset({'DOMESTIC=N', 'CRIME=THEFT'})",0.22744133363307797,0.2081812993930171,0.045688000415031044,0.20087817673782055,0.9649194107420317,1.0,-0.0016610319563838544,0.9908610646804967,-0.04494414662715398,0.11716835744775211,-0.009223225783374677,0.21017036718271598,2,2
"frozenset({'DAY=Monday', 'DOMESTIC=N'})",frozenset({'TIME=Evening'}),0.11564667024054508,0.2789830010202846,0.03112732806474484,0.26915887850467285,0.964785945811453,1.0,-0.0011361270569656655,0.9865577863277434,-0.039636464231238275,0.08563171227744674,-0.013625368790907177,0.19036658031632117,2,1
"frozenset({'ARREST=N', 'LOCATION=APARTMENT'})",frozenset({'TIME=Afternoon'}),0.17362131876113235,0.31149808912791604,0.05217286042851955,0.3004980079681275,0.9646865212220567,1.0,-0.0019098485974419765,0.984274410530503,-0.04241809103941672,0.12050647068221759,-0.015976834611621374,0.233994076986895,2,1
"frozenset({'DAY=Tuesday', 'DOMESTIC=N'})",frozenset({'TIME=Evening'}),0.11460476939837792,0.2789830010202846,0.030837670984142355,0.2690784261948772,0.9644975687078251,1.0,-0.0011351115138547932,0.9864491962197189,-0.03991441154248115,0.08501078575089087,-0.013736950501060318,0.18980722382096682,2,1
"frozenset({'TIME=Evening', 'CRIME=THEFT'})","frozenset({'LOCATION=STREET', 'DOMESTIC=N'})",0.05341795355110934,0.2548549985300984,0.013129679907309734,0.24579151829070897,0.9644367177741697,1.0,-0.00048415256643910207,0.9879827919478597,-0.03749495622149931,0.04448578417729863,-0.01216337789492041,0.14865487704187696,2,2
"frozenset({'DAY=Monday', 'TIME=Night'})",frozenset({'DOMESTIC=N'}),0.02796271637816245,0.8082599823611808,0.02178912964532139,0.7792207792207793,0.9640719523740753,1.0,-0.0008120150012628918,0.8684694916581812,-0.036923432114645646,0.026753722430129787,-0.15145092557101306,0.40308942489657845,2,1
"frozenset({'ARREST=N', 'DAY=Wednesday'})",frozenset({'TIME=Evening'}),0.12038061805039169,0.2789830010202846,0.03236809794732565,0.26888130723648773,0.9637910060940867,1.0,-0.0012160481410492668,0.9861832368891923,-0.040961408487176325,0.08819752853726633,-0.014010340668932104,0.19245153211075136,2,1
frozenset({'TIME=Evening'}),frozenset({'ARREST=N'}),0.2789830010202846,0.845924049319522,0.22744133363307797,0.8152515845097705,0.963740876223551,1.0,-0.008557096281313542,0.8339771156988698,-0.04959308325327832,0.2534262082652909,-0.19907366902028675,0.5420594531822678,1,1
frozenset({'ARREST=N'}),frozenset({'TIME=Evening'}),0.845924049319522,0.2789830010202846,0.22744133363307797,0.2688673218547649,0.963740876223551,1.0,-0.008557096281313542,0.9861643728041516,-0.1962621637659814,0.2534262082652909,-0.01402973741234121,0.5420594531822678,1,1
"frozenset({'ARREST=N', 'TIME=Morning', 'DAY=Saturday'})",frozenset({'DOMESTIC=N'}),0.023916163729745622,0.8082599823611808,0.01862884119874799,0.7789226319595083,0.9637030769283308,1.0,-0.0007016368756033176,0.8672982645772263,-0.037153233797851924,0.022898288872356256,-0.15300588141665503,0.4009853562670929,3,1
"frozenset({'LOCATION=STREET', 'ARREST=N', 'TIME=Afternoon'})","frozenset({'DOMESTIC=N', 'CRIME=THEFT'})",0.056180503916855445,0.2081812993930171,0.011270686703443028,0.20061562139284342,0.9636582247193551,1.0,-0.000425043602522426,0.9905356194058281,-0.03842189050572332,0.04453213077790303,-0.009554810961617956,0.12737721303059957,3,2
frozenset({'DAY=Thursday'}),"frozenset({'LOCATION=STREET', 'ARREST=N'})",0.1399000466909921,0.2337446175661888,0.03151209642554516,0.2252472187886279,0.963646654772041,1.0,-0.0011887864857327499,0.989032115813415,-0.042017963924068105,0.09210493062751142,-0.01108951267731538,0.1800307153924274,1,2
frozenset({'TIME=Night'}),frozenset({'DOMESTIC=N'}),0.19832863541252357,0.8082599823611808,0.15446071904127828,0.7788119891008173,0.9635661867431112,1.0,-0.005840380318965083,0.8668644238869444,-0.045041337475405896,0.18126471304488997,-0.15358292766945875,0.4849573780236137,1,1
"frozenset({'ARREST=Y', 'DAY=Saturday'})",frozenset({'DOMESTIC=N'}),0.022744565687308697,0.8082599823611808,0.017712314316841615,0.7787492872077553,0.9634886103513185,1.0,-0.0006712079443952287,0.8666187566991651,-0.03732943166656757,0.02177853615492157,-0.153909942832147,0.4003317085974323,2,1
"frozenset({'TIME=Evening', 'DOMESTIC=N', 'DAY=Thursday'})",frozenset({'ARREST=N'}),0.030742559703944523,0.845924049319522,0.025048852612101612,0.8147939811559556,0.9631999253495535,1.0,-0.000957017979106304,0.8319165416012748,-0.03792302202384846,0.0294132577949702,-0.20204365461371612,0.4222026061839246,3,1
"frozenset({'ARREST=N', 'DOMESTIC=N', 'DAY=Sunday'})",frozenset({'TIME=Evening'}),0.09265567987272381,0.2789830010202846,0.024897539211786883,0.2687103396789847,0.9631781818113249,1.0,-0.0009518204206803889,0.9859526779897442,-0.04042994537421556,0.0718043987831031,-0.014247460678231384,0.1789771344766435,3,1
"frozenset({'CRIME=BATTERY', 'DOMESTIC=N', 'DAY=Sunday'})",frozenset({'ARREST=N'}),0.013302609507669427,0.845924049319522,0.010838362702543795,0.8147546311342216,0.9631534081453604,1.0,-0.00041463459870029994,0.8317398249891766,-0.03732481430926082,0.012775238357309199,-0.20229904827872452,0.41378354240938015,3,1
"frozenset({'TIME=Evening', 'DAY=Friday'})","frozenset({'ARREST=N', 'DOMESTIC=N'})",0.0430594704895637,0.6856183097860861,0.028429626299133624,0.6602409638554217,0.962986189883724,1.0,-0.0010927350782048914,0.9253078116225129,-0.03861500748311073,0.04059935915245134,-0.08072145013724201,0.35085331964028865,2,2
"frozenset({'LOCATION=STREET', 'TIME=Evening', 'DAY=Wednesday'})",frozenset({'ARREST=N'}),0.013233437667525551,0.845924049319522,0.010777837342417902,0.8144397255798758,0.9627811459374245,1.0,-0.000416645835712803,0.8303283187199697,-0.037699175651064745,0.012704026253968414,-0.20434288155027075,0.41359031493105375,3,1
"frozenset({'TIME=Evening', 'DOMESTIC=N', 'DAY=Saturday'})",frozenset({'ARREST=N'}),0.032489148667577426,0.845924049319522,0.026453905615024125,0.8142381902860946,0.9625429031614408,1.0,-0.001029446584796926,0.8294274852176164,-0.038666276345576574,0.031050668561134653,-0.20565090718886728,0.4227551948829141,3,1
frozenset({'LOCATION=RESIDENCE'}),"frozenset({'ARREST=N', 'TIME=Evening'})",0.11572448856070694,0.22744133363307797,0.025329863212686116,0.2188807531380753,0.9623613687175564,1.0,-0.0009906687995669475,0.989040622761001,-0.0423557380350391,0.07969476862809108,-0.01108081608256384,0.16512476517174823,1,2
"frozenset({'TIME=Morning', 'CRIME=ASSAULT'})","frozenset({'ARREST=N', 'DOMESTIC=N'})",0.02162484652497968,0.6856183097860861,0.01426669202967472,0.659736105557777,0.9622498351358434,1.0,-0.0005596986941653649,0.9239349086075193,-0.03855238230423099,0.020587556381830546,-0.08232732704852548,0.3402723052806383,2,2
"frozenset({'TIME=Evening', 'DOMESTIC=N'})",frozenset({'ARREST=N'}),0.2221669808221073,0.845924049319522,0.18082815985612258,0.8139290509642142,0.9621774574430823,1.0,-0.007108232186007035,0.8280494697259031,-0.04810584287495969,0.20380449347320825,-0.20765731584975855,0.5138465558497177,2,1
frozenset({'ARREST=N'}),"frozenset({'TIME=Evening', 'DOMESTIC=N'})",0.845924049319522,0.2221669808221073,0.18082815985612258,0.21376406073522122,0.9621774574430823,1.0,-0.007108232186007035,0.9893124701285676,-0.2032694665820382,0.20380449347320825,-0.010802987118967133,0.5138465558497177,1,2
"frozenset({'LOCATION=SIDEWALK', 'DOMESTIC=N'})","frozenset({'ARREST=N', 'TIME=Afternoon'})",0.043271309250004324,0.262424991785844,0.010924827502723642,0.25247277450294736,0.9620759546750094,1.0,-0.0004306454717714573,0.9866864818518427,-0.039571414640084075,0.037062024258246194,-0.013493159573008465,0.14705153032984142,2,2
"frozenset({'CRIME=BATTERY', 'DOMESTIC=Y', 'TIME=Morning'})",frozenset({'ARREST=N'}),0.019640479360852198,0.845924049319522,0.01598301831324468,0.813779440898085,0.9620005975154686,1.0,-0.0006313355182639112,0.8273842126967038,-0.03873119561574487,0.018812813271251557,-0.20862833089440688,0.4163367968893575,3,1
"frozenset({'TIME=Evening', 'DAY=Saturday'})",frozenset({'ARREST=N'}),0.04081138568488768,0.845924049319522,0.03320248326906117,0.8135593220338984,0.9617403863719698,1.0,-0.0013208493678397923,0.8264073718316548,-0.03982265100076612,0.03890006027483298,-0.21005696958340697,0.4264046399354289,2,1
"frozenset({'TIME=Morning', 'DAY=Saturday'})",frozenset({'DOMESTIC=N'}),0.027664412817541978,0.8082599823611808,0.021503795804727895,0.7773089545241444,0.9617065937786271,1.0,-0.0008562420112110079,0.8610135949970554,-0.03934005015264729,0.026403796541070803,-0.16142184723972894,0.4019570013718942,2,1
"frozenset({'DOMESTIC=N', 'DAY=Thursday'})",frozenset({'TIME=Evening'}),0.11460909263838691,0.2789830010202846,0.030742559703944523,0.2682384006035458,0.961486540837814,1.0,-0.001231428904524469,0.985316802049191,-0.043283037847353205,0.08472536637674252,-0.01490200707048945,0.18921675031649451,2,1
"frozenset({'TIME=Evening', 'DAY=Sunday'})",frozenset({'ARREST=N'}),0.03966572708250471,0.845924049319522,0.03226001694710084,0.8132970027247958,0.9614302884272269,1.0,-0.0012941755257345755,0.8252462624012763,-0.04009891711643529,0.037804865691907066,-0.21175950205485403,0.425716417077202,2,1
"frozenset({'DOMESTIC=N', 'DAY=Thursday'})","frozenset({'ARREST=N', 'TIME=Evening'})",0.11460909263838691,0.22744133363307797,0.025048852612101612,0.21855903432666918,0.960946855329567,1.0,-0.0010179922640500862,0.9886334352861125,-0.04388650834063457,0.079018070235254,-0.011497248937972826,0.16434614074485104,2,2
"frozenset({'TIME=Evening', 'DAY=Tuesday'})",frozenset({'ARREST=N'}),0.038589240320265616,0.845924049319522,0.031365106265239424,0.8127940846963927,0.9608357692989344,1.0,-0.0012784601666438328,0.8230292853225298,-0.04067227412531331,0.036763960677004166,-0.2150235937328994,0.4249360035530883,2,1
frozenset({'DAY=Thursday'}),frozenset({'LOCATION=STREET'}),0.1399000466909921,0.2777638473377488,0.037335500717657844,0.26687268232385664,0.9607898395767503,1.0,-0.0015236744939628108,0.9851442379088876,-0.04529900557483619,0.09816648289816195,-0.015079783771202776,0.20064361287043742,1,1
"frozenset({'LOCATION=STREET', 'DOMESTIC=N', 'CRIME=THEFT'})","frozenset({'ARREST=N', 'TIME=Afternoon'})",0.04470662493298978,0.262424991785844,0.011270686703443028,0.25210327821293876,0.9606679474288469,1.0,-0.0004614489773696242,0.9861990121467011,-0.04109709992635321,0.03809454226638416,-0.013994120540901392,0.14752574991189268,3,2
"frozenset({'CRIME=BATTERY', 'LOCATION=SIDEWALK'})",frozenset({'ARREST=N'}),0.015753886592768083,0.845924049319522,0.012801113666626316,0.8125686059275522,0.9605692220019024,1.0,-0.000525477872448589,0.8220391863538241,-0.040036640409893555,0.01508006029986962,-0.21648701984089783,0.4138506522577368,2,1
"frozenset({'LOCATION=STREET', 'DOMESTIC=N', 'TIME=Afternoon'})",frozenset({'ARREST=N'}),0.06306310201117125,0.845924049319522,0.051221747626541234,0.8122300678686502,0.9601690228833475,1.0,-0.0021248469893988473,0.8205570984213698,-0.04239824319005053,0.05971533405911051,-0.2186842352882593,0.4363906524533547,3,1
"frozenset({'CRIME=BATTERY', 'DAY=Friday'})",frozenset({'ARREST=N'}),0.025684368893423487,0.845924049319522,0.02085098656337005,0.811816192560175,0.959679764646975,1.0,-0.0008760387751711174,0.8187524355927722,-0.04133919564094111,0.024508732792308432,-0.22137041250571118,0.4182324808274609,2,1
"frozenset({'TIME=Evening', 'DOMESTIC=N', 'DAY=Sunday'})",frozenset({'ARREST=N'}),0.030669064623791653,0.845924049319522,0.024897539211786883,0.8118127995489146,0.9596757536352736,1.0,-0.0010461601236130547,0.8187376735036037,-0.0415470747298175,0.029232908976467485,-0.22139243418557372,0.4206225786275204,3,1
frozenset({'LOCATION=SIDEWALK'}),"frozenset({'ARREST=N', 'TIME=Afternoon'})",0.049336814982620575,0.262424991785844,0.012424991785843983,0.2518401682439537,0.9596653372460494,1.0,-0.0005222214807099265,0.9858521894752809,-0.042339294167561055,0.04150839844596254,-0.014350843539992825,0.14959349971644811,1,2
"frozenset({'DAY=Tuesday', 'DOMESTIC=N'})","frozenset({'ARREST=N', 'TIME=Evening'})",0.11460476939837792,0.22744133363307797,0.025014266692029673,0.21826549473763626,0.9596562386050518,1.0,-0.0010515949006487633,0.9882622056034713,-0.045329110548807845,0.07890143457153766,-0.011877206605671166,0.1641233383323415,2,2
frozenset({'CRIME=BURGLARY'}),frozenset({'TIME=Morning'}),0.056310201117125216,0.21119027443927577,0.011409030383730784,0.20261036468330137,0.9593735564823966,1.0,-0.0004831364439257038,0.9892400034111721,-0.04294652281567006,0.04455061111486258,-0.010877033431446822,0.12831644129763842,1,1
"frozenset({'TIME=Evening', 'DOMESTIC=N', 'DAY=Tuesday'})",frozenset({'ARREST=N'}),0.030837670984142355,0.845924049319522,0.025014266692029673,0.8111593999719613,0.9589033443658138,1.0,-0.0010720608184591578,0.815904793024387,-0.04234892808353346,0.029368173143298003,-0.2256331970954735,0.420364872905554,3,1
"frozenset({'TIME=Evening', 'DAY=Wednesday'})","frozenset({'ARREST=N', 'DOMESTIC=N'})",0.03948847424213603,0.6856183097860861,0.025961056253999,0.6574337639588351,0.9588917836280589,1.0,-0.0011129647119257,0.9177252663515149,-0.04272604549762592,0.03713253935863664,-0.08965072300512603,0.3476494687288138,2,2
"frozenset({'LOCATION=STREET', 'TIME=Evening', 'DAY=Thursday'})",frozenset({'ARREST=N'}),0.01273626506649143,0.845924049319522,0.010328220381482699,0.810930074677529,0.9586322499400001,1.0,-0.00044569253677050405,0.8149151718217027,-0.041879068121327336,0.012174737292713506,-0.2271215883299231,0.41156973455702595,3,1
"frozenset({'ARREST=N', 'DOMESTIC=N', 'TIME=Morning'})",frozenset({'LOCATION=STREET'}),0.1472279385062341,0.2777638473377488,0.039190170681515556,0.26618705035971224,0.9583214407166544,1.0,-0.0017044279535815207,0.9842237766671854,-0.048525039058344384,0.10158114725624447,-0.016029102026204372,0.20363937025137474,3,1
"frozenset({'ARREST=N', 'DAY=Sunday'})",frozenset({'DOMESTIC=N'}),0.119641344008854,0.8082599823611808,0.09265567987272381,0.7744453277444533,0.9581636412111555,1.0,-0.004045630725540483,0.850082224949805,-0.04725328578816502,0.11093225120212838,-0.17635679308439509,0.4445406567796866,2,1
"frozenset({'CRIME=BATTERY', 'DOMESTIC=Y', 'TIME=Afternoon'})",frozenset({'ARREST=N'}),0.023125010808100022,0.845924049319522,0.018732598958963807,0.8100579547578988,0.957601282774175,1.0,-0.0008294038243818747,0.8111734844388554,-0.04335887967167677,0.022030149731804664,-0.23278191309688695,0.416101247385951,3,1
"frozenset({'DAY=Monday', 'TIME=Evening'})",frozenset({'ARREST=N'}),0.038917806560949036,0.845924049319522,0.03151209642554516,0.8097089535658742,0.9571887147755406,1.0,-0.001409412091126716,0.8096857606688048,-0.04446778516076436,0.03692839265991833,-0.23504703747537142,0.4234803194049161,2,1
"frozenset({'LOCATION=STREET', 'TIME=Evening', 'DAY=Sunday'})",frozenset({'ARREST=N'}),0.013419336987912221,0.845924049319522,0.010864302142597749,0.8096005154639175,0.9570605258417421,1.0,-0.000487437741400195,0.8092246208328319,-0.043498125707056266,0.01280444308570264,-0.23575083389186466,0.4112218165890082,3,1
"frozenset({'CRIME=BATTERY', 'DAY=Wednesday'})",frozenset({'ARREST=N'}),0.024279315890500978,0.845924049319522,0.019649125840870182,0.8092948717948718,0.9566992124717161,1.0,-0.0008893313719302229,0.8079276741564559,-0.04433049640480425,0.023101555352241537,-0.23773455469771304,0.4162614370933331,2,1
"frozenset({'DAY=Monday', 'CRIME=BATTERY'})",frozenset({'ARREST=N'}),0.025221782212461307,0.845924049319522,0.020410016082452832,0.8092218032224888,0.9566128352461936,1.0,-0.0009256960577675305,0.8076182356423255,-0.044459869389637835,0.02399101543840392,-0.2382087920596133,0.4166746419073567,2,1
"frozenset({'TIME=Evening', 'DAY=Sunday'})",frozenset({'DOMESTIC=N'}),0.03966572708250471,0.8082599823611808,0.030669064623791653,0.7731880108991825,0.9566080565320801,1.0,-0.0013911552482570172,0.8453698519155051,-0.04510337075958867,0.03752684645415207,-0.18291419753628765,0.4055662824972546,2,1
"frozenset({'CRIME=BATTERY', 'DOMESTIC=N', 'DAY=Saturday'})",frozenset({'ARREST=N'}),0.0127535580265274,0.845924049319522,0.010319573901464714,0.8091525423728814,0.9565309592791216,1.0,-0.0004689675475668363,0.807325141220977,-0.044005876019564905,0.012164173019690978,-0.23865831613719687,0.4106758577331088,3,1
"frozenset({'CRIME=BURGLARY', 'DOMESTIC=N'})",frozenset({'TIME=Morning'}),0.055004582634409535,0.21119027443927577,0.011110726823110312,0.20199638450051088,0.9564663194686627,1.0,-0.0005057060788684602,0.988478886861922,-0.04595117316239911,0.04355710726573225,-0.01165539627725738,0.12730320760337724,2,1
"frozenset({'ARREST=N', 'DAY=Thursday'})",frozenset({'LOCATION=STREET'}),0.1186253826067408,0.2777638473377488,0.03151209642554516,0.2656437916833704,0.9563656113977967,1.0,-0.00143774623921563,0.983495672104194,-0.049218150163324426,0.08636358250690174,-0.016781291838829156,0.1895465141236818,2,1
"frozenset({'DOMESTIC=N', 'CRIME=ASSAULT'})","frozenset({'ARREST=N', 'TIME=Evening'})",0.06491777197502896,0.22744133363307797,0.01411970186936898,0.21750133191262655,0.9562964147207859,1.0,-0.0006452827651196608,0.9872971007800597,-0.0465963139240455,0.05074659332805047,-0.012866339027941836,0.13979098225200412,2,2
"frozenset({'TIME=Night', 'DAY=Saturday'})",frozenset({'DOMESTIC=N'}),0.034417313711588016,0.8082599823611808,0.0265792795752849,0.7722647908554201,0.9554658249928353,1.0,-0.0012388577981624557,0.8419427911873355,-0.04604845863211735,0.03256873443873497,-0.1877291550768753,0.40257467894744986,2,1
"frozenset({'ARREST=N', 'DAY=Sunday', 'TIME=Night'})",frozenset({'DOMESTIC=N'}),0.03191848098639044,0.8082599823611808,0.02463814481124734,0.7719084383042124,0.9550249364681224,1.0,-0.0011602860678082798,0.8406274051231606,-0.046389141183998735,0.030210823733970875,-0.18958767452209072,0.4011956917901994,3,1
"frozenset({'ARREST=N', 'TIME=Evening', 'DAY=Sunday'})",frozenset({'DOMESTIC=N'}),0.03226001694710084,0.8082599823611808,0.024897539211786883,0.7717770034843205,0.9548623219347294,1.0,-0.0011769415168482351,0.8401432833945207,-0.046572284893038565,0.030525813632990565,-0.1902731590730489,0.4012904390860415,3,1
"frozenset({'LOCATION=STREET', 'TIME=Evening', 'DAY=Friday'})",frozenset({'ARREST=N'}),0.014335863869818596,0.845924049319522,0.011577636744081484,0.8075995174909529,0.9546950676489242,1.0,-0.0005494152711688956,0.8008085461700076,-0.04593359694598528,0.013641897639921146,-0.24873792216960805,0.4106429480089776,3,1
"frozenset({'CRIME=BATTERY', 'DOMESTIC=N', 'TIME=Night'})",frozenset({'ARREST=N'}),0.015779826032822037,0.845924049319522,0.012740588306500423,0.8073972602739726,0.9544559714592095,1.0,-0.0006079460287420034,0.7999675959939468,-0.04624046305324738,0.015007231173487054,-0.2500506333103606,0.4112292047297936,3,1
frozenset({'DAY=Sunday'}),frozenset({'DOMESTIC=N'}),0.14267989001677417,0.8082599823611808,0.11005672090891798,0.7713541193224859,0.9543391187933351,1.0,-0.0052657244793351266,0.8385894251436459,-0.052858336642442424,0.13088230001593804,-0.1924786671722046,0.453759559915312,1,1
frozenset({'CRIME=BATTERY'}),frozenset({'ARREST=N'}),0.18293790098051083,0.845924049319522,0.14763432306707938,0.807018787663949,0.9540085641413444,1.0,-0.007117246904368102,0.7983987084306179,-0.055715070969708444,0.16753256310250936,-0.25250703619706766,0.4907715559526988,1,1
"frozenset({'LOCATION=STREET', 'TIME=Evening'})",frozenset({'ARREST=N'}),0.09278537707299359,0.845924049319522,0.07487851695574732,0.8070077346006896,0.95399549788171,1.0,-0.0036108649354781586,0.7983529824974455,-0.05047213567210186,0.08668191440911661,-0.25257877395504036,0.4477622832987912,2,1
"frozenset({'LOCATION=STREET', 'TIME=Evening', 'DAY=Saturday'})",frozenset({'ARREST=N'}),0.013146972867345704,0.845924049319522,0.010600584502049216,0.8063137125945413,0.9531750672452876,1.0,-0.000520756022189749,0.7954923022399553,-0.047419159634927814,0.012493758216225581,-0.2570831888431729,0.4094225396707228,3,1
"frozenset({'LOCATION=STREET', 'TIME=Evening', 'DAY=Friday', 'DOMESTIC=N'})",frozenset({'ARREST=N'}),0.013319902467705397,0.845924049319522,0.01073892818233697,0.8062317429406037,0.9530781677021152,1.0,-0.0005286976496854737,0.7951557856726176,-0.04752515984105834,0.012656292990125646,-0.25761519694421375,0.40946332558924764,4,1
"frozenset({'ARREST=N', 'TIME=Afternoon', 'CRIME=ASSAULT'})",frozenset({'DOMESTIC=N'}),0.028299929098863853,0.8082599823611808,0.021797776125339376,0.7702413687748244,0.9529623952489988,1.0,-0.0010759240689309883,0.834528028898744,-0.048341310345122325,0.026753545826457465,-0.1982821012250665,0.3986050684971273,3,1
"frozenset({'CRIME=BURGLARY', 'ARREST=N'})",frozenset({'TIME=Morning'}),0.05448579383333045,0.21119027443927577,0.01095941342279558,0.201142585098786,0.9524235224980551,1.0,-0.0005474563299072786,0.9874224246366515,-0.05018052306963212,0.04302590040395126,-0.012737785824518566,0.1265180683938147,2,1
"frozenset({'LOCATION=STREET', 'CRIME=THEFT'})","frozenset({'ARREST=N', 'TIME=Afternoon'})",0.046453213896622686,0.262424991785844,0.011607899424144431,0.24988366682177757,0.9522098681275716,1.0,-0.0005825848511028311,0.9832808267073332,-0.050001875254899936,0.03904829772690914,-0.017003457037450268,0.14705843775019126,2,2
"frozenset({'LOCATION=STREET', 'TIME=Evening', 'DOMESTIC=N'})",frozenset({'ARREST=N'}),0.08569958669825514,0.845924049319522,0.06900323378352673,0.8051758058820562,0.9518299030861641,1.0,-0.0034921076212707097,0.790846082428564,-0.05244838678875368,0.07999258260621156,-0.2644685511106752,0.44337361759179034,3,1
"frozenset({'ARREST=N', 'DAY=Thursday'})",frozenset({'TIME=Evening'}),0.1186253826067408,0.2789830010202846,0.03149480346550919,0.26549801377601223,0.9516637673444057,1.0,-0.0015996617712988326,0.9816406388312201,-0.0544873952677595,0.08602467969534155,-0.018702731368822778,0.18919474614510734,2,1
"frozenset({'DAY=Monday', 'DOMESTIC=N'})","frozenset({'ARREST=N', 'TIME=Evening'})",0.11564667024054508,0.22744133363307797,0.025022913172047658,0.2163738317757009,0.9513390917974838,1.0,-0.0012799197376867043,0.9858765540175157,-0.054676357182165514,0.07867230294545405,-0.014325775296035088,0.16319651500587207,2,2
frozenset({'CRIME=MOTOR VEHICLE THEFT'}),"frozenset({'ARREST=N', 'DOMESTIC=N', 'TIME=Afternoon'})",0.07860514984349871,0.219525481176613,0.01641534231414391,0.20883291167088328,0.9512923536328463,1.0,-0.0008404910282099089,0.9864850678656115,-0.0526441937641031,0.05826926323220232,-0.013700087892490612,0.14180469483658387,1,3
"frozenset({'CRIME=BATTERY', 'TIME=Afternoon', 'LOCATION=APARTMENT'})",frozenset({'ARREST=N'}),0.014188873709512858,0.845924049319522,0.011417676863748769,0.8046922608165753,0.9512582854972448,1.0,-0.0005850326398856558,0.7888880969318702,-0.04940859634374085,0.013453211756915084,-0.26760690633967293,0.4090947722473117,3,1
"frozenset({'CRIME=BATTERY', 'DOMESTIC=Y'})",frozenset({'TIME=Morning'}),0.09777439604337074,0.21119027443927577,0.019640479360852198,0.20087548638132297,0.9511587923007381,1.0,-0.001008522172681707,0.9870923893809185,-0.05384912081858271,0.06788398607354722,-0.013076395642333831,0.14693723141993476,2,1
"frozenset({'TIME=Afternoon', 'CRIME=ASSAULT'})",frozenset({'DOMESTIC=N'}),0.03191415774638145,0.8082599823611808,0.024534387051031524,0.7687618531563262,0.9511319005433522,1.0,-0.0012605495261306873,0.8291885238487189,-0.050397906411648805,0.030079930458381036,-0.2059983601297945,0.39955821333394115,2,1
"frozenset({'ARREST=N', 'DAY=Tuesday'})","frozenset({'TIME=Evening', 'DOMESTIC=N'})",0.11838760440624621,0.2221669808221073,0.025014266692029673,0.21129126497224657,0.9510471096577169,1.0,-0.0012875499456680567,0.9862107323440789,-0.0551639164484703,0.07927439132996286,-0.013982070163793646,0.1619417269810541,2,2
"frozenset({'CRIME=BURGLARY', 'ARREST=N', 'DOMESTIC=N'})",frozenset({'TIME=Morning'}),0.05332284227091151,0.21119027443927577,0.010704342262265031,0.20074590562672287,0.9505452188066738,1.0,-0.0005569234308109849,0.9869323549468425,-0.05209527022240874,0.042174831368808334,-0.013240669421422931,0.1257158392002601,3,1
"frozenset({'ARREST=N', 'DAY=Thursday'})","frozenset({'TIME=Evening', 'DOMESTIC=N'})",0.1186253826067408,0.2221669808221073,0.025048852612101612,0.2111592988082656,0.9504531142606841,1.0,-0.0013057904905053146,0.9860457478966134,-0.055843072952247025,0.07933291343757701,-0.014151728896101588,0.1619535815686038,2,2
"frozenset({'DAY=Monday', 'TIME=Evening', 'DOMESTIC=N'})",frozenset({'ARREST=N'}),0.03112732806474484,0.845924049319522,0.025022913172047658,0.8038888888888889,0.9503085880293307,1.0,-0.0013084422289784993,0.7856564057361483,-0.05120611798383668,0.029368635231199352,-0.27282103563200133,0.4167347280356112,3,1
"frozenset({'TIME=Evening', 'DAY=Thursday'})","frozenset({'ARREST=N', 'DOMESTIC=N'})",0.03845089663997787,0.6856183097860861,0.025048852612101612,0.6514504160107937,0.9501648464056439,1.0,-0.0013137861519595083,0.9019712105685643,-0.051724907054388675,0.0358342249627371,-0.10868283630654069,0.34399255315543875,2,2
"frozenset({'CRIME=BATTERY', 'LOCATION=RESIDENCE'})",frozenset({'ARREST=N'}),0.026989987376139175,0.845924049319522,0.021689695125114566,0.8036200544609963,0.9499907883071111,1.0,-0.0011417842871918674,0.7845808809936572,-0.05132520216276714,0.025480586099189923,-0.2745658532151822,0.41463014692242683,2,1
"frozenset({'ARREST=N', 'DAY=Tuesday'})",frozenset({'TIME=Evening'}),0.11838760440624621,0.2789830010202846,0.031365106265239424,0.26493572889278416,0.9496482865403004,1.0,-0.0016630228956174137,0.9808897362045073,-0.05672963232886162,0.08569572407276166,-0.01948258105894623,0.1886811572823934,2,1
"frozenset({'DOMESTIC=Y', 'TIME=Night'})",frozenset({'ARREST=N'}),0.043867916371245264,0.845924049319522,0.03522575959326958,0.8029959593968662,0.9492530210517267,1.0,-0.0018831658587043637,0.78209538346914,-0.05295199270390879,0.04122063257583423,-0.2786164208824512,0.42231885576975764,2,1
"frozenset({'LOCATION=STREET', 'DAY=Friday'})","frozenset({'DOMESTIC=N', 'TIME=Afternoon'})",0.04049146592422225,0.2616900409843153,0.010055856260916181,0.2483450779414905,0.9490046965768,1.0,-0.0005403571163085461,0.9822458914972875,-0.05303318806820241,0.0344230513089935,-0.01807501426720063,0.14338583463742843,2,2
frozenset({'DAY=Sunday'}),"frozenset({'ARREST=N', 'DOMESTIC=N'})",0.14267989001677417,0.6856183097860861,0.09265567987272381,0.6493955094991365,0.9471676882458826,1.0,-0.005168265161041546,0.896684722334267,-0.06108782992318104,0.12595204513399155,-0.11521917915226738,0.39226864554275065,1,2
"frozenset({'LOCATION=STREET', 'TIME=Evening', 'DAY=Tuesday'})",frozenset({'ARREST=N'}),0.013025922147093917,0.845924049319522,0.010436301381707506,0.8011948224361102,0.9471238264009719,1.0,-0.0005826394270830228,0.7750097485814359,-0.05353666405499585,0.012299508834858457,-0.2903063501206047,0.40676599183123346,3,1
"frozenset({'TIME=Afternoon', 'ARREST=Y'})","frozenset({'LOCATION=STREET', 'DOMESTIC=N'})",0.04907309734207204,0.2548549985300984,0.011841354384630017,0.24130032596247028,0.9468141780784914,1.0,-0.0006651697663511286,0.9821343371673077,-0.0557774137139159,0.040540540540540536,-0.0181906508678038,0.14388171514408502,2,2
frozenset({'DAY=Saturday'}),frozenset({'TIME=Afternoon'}),0.14584882494336557,0.31149808912791604,0.04295571272934788,0.2945221721603035,0.9455023399496958,1.0,-0.0024759175420624308,0.9759369943353204,-0.06321503963462749,0.10365980887201101,-0.024656310606473338,0.21621128871158463,1,1
"frozenset({'TIME=Evening', 'DAY=Tuesday'})","frozenset({'ARREST=N', 'DOMESTIC=N'})",0.038589240320265616,0.6856183097860861,0.025014266692029673,0.6482186869818508,0.9454512485001983,1.0,-0.0014432230322799222,0.8936850212896166,-0.056614280816489594,0.03577589671611152,-0.11896247131564032,0.34235146621066004,2,2
"frozenset({'TIME=Evening', 'DAY=Saturday'})","frozenset({'ARREST=N', 'DOMESTIC=N'})",0.04081138568488768,0.6856183097860861,0.026453905615024125,0.6481991525423729,0.9454227567881203,1.0,-0.0015271276582766342,0.8936353976571357,-0.05676756361073517,0.03779260082762029,-0.11902460737535993,0.34339158265246134,2,2
frozenset({'TIME=Evening'}),"frozenset({'ARREST=N', 'DOMESTIC=N'})",0.2789830010202846,0.6856183097860861,0.18082815985612258,0.6481690970231363,0.9453789196869116,1.0,-0.010447693762454885,0.893559057927858,-0.07418768525524054,0.23071492004655447,-0.11912020937818706,0.45595687256935274,1,2
"frozenset({'ARREST=N', 'DOMESTIC=N'})",frozenset({'TIME=Evening'}),0.6856183097860861,0.2789830010202846,0.18082815985612258,0.2637446481155692,0.9453789196869115,1.0,-0.010447693762454885,0.9793028969287447,-0.1552481031397074,0.23071492004655447,-0.02113452654553035,0.45595687256935274,2,1
"frozenset({'ARREST=N', 'CRIME=ASSAULT'})",frozenset({'TIME=Evening'}),0.07785722932194304,0.2789830010202846,0.02051809708267764,0.26353489921705814,0.9446270857122823,1.0,-0.0012027464046825281,0.9790239866263811,-0.059768663241627794,0.06100727562536957,-0.021425433554391252,0.16854047342653902,2,1
"frozenset({'DAY=Monday', 'TIME=Evening', 'LOCATION=STREET'})",frozenset({'ARREST=N'}),0.012887578466806163,0.845924049319522,0.01029363446141076,0.7987252599798725,0.9442044597530747,1.0,-0.0006082781011529873,0.7655006816308414,-0.05648285234766591,0.012131309580218984,-0.30633456507128837,0.4054468845218243,3,1
"frozenset({'TIME=Evening', 'DOMESTIC=N', 'CRIME=THEFT'})",frozenset({'LOCATION=STREET'}),0.0501106749442302,0.2777638473377488,0.013129679907309734,0.26201363126563715,0.9432963784773616,1.0,-0.0007892539578909768,0.9786578496034783,-0.05951694078298374,0.04171531392937104,-0.021807570853458944,0.15464142473179288,3,1
"frozenset({'LOCATION=RESIDENCE', 'DOMESTIC=N'})",frozenset({'CRIME=THEFT'}),0.0670404828194442,0.2199794213775572,0.013907863108928355,0.2074546978783775,0.943064112903165,1.0,-0.0008396635105650443,0.9841968358582768,-0.06077851598934782,0.05092365409272948,-0.016056914192314007,0.13533908566854827,2,1
"frozenset({'LOCATION=STREET', 'CRIME=THEFT'})","frozenset({'DOMESTIC=N', 'TIME=Afternoon'})",0.046453213896622686,0.2616900409843153,0.011456586023829698,0.24662633783154952,0.9424368497322042,1.0,-0.0006997574246306575,0.9800050042771504,-0.060198597965825454,0.03861510214787398,-0.020402952674305953,0.14520277919810942,2,2
frozenset({'DAY=Saturday'}),"frozenset({'ARREST=N', 'TIME=Afternoon'})",0.14584882494336557,0.262424991785844,0.036068791395023087,0.24730258477590703,0.942374364167732,1.0,-0.0022055852927146194,0.9799090488367963,-0.06680800872177121,0.09690570771482332,-0.020502873391211974,0.192373389223261,1,2
"frozenset({'CRIME=BATTERY', 'DAY=Saturday'})",frozenset({'ARREST=N'}),0.02875819253981704,0.845924049319522,0.022913172047659396,0.7967528562838244,0.9418728039766078,1.0,-0.001414074636733105,0.7580719111882689,-0.059745495951027544,0.026900685713705644,-0.31913606775445846,0.41191970786430054,2,1
"frozenset({'CRIME=BATTERY', 'TIME=Evening'})",frozenset({'ARREST=N'}),0.05559254327563249,0.845924049319522,0.044291593892126516,0.7967182518080722,0.9418318966684635,1.0,-0.0027354754275672882,0.7579428652640653,-0.061381992680442955,0.051668574713919,-0.3193606613759768,0.4245385411409924,2,1
"frozenset({'CRIME=BATTERY', 'LOCATION=RESIDENCE', 'DOMESTIC=Y'})",frozenset({'ARREST=N'}),0.022943434727722343,0.845924049319522,0.018274335518010616,0.7964951950254381,0.9415682124963282,1.0,-0.0011340676921624132,0.7571121020937931,-0.05972194935832246,0.0214842260951771,-0.3208083680534238,0.4090490019252729,3,1
"frozenset({'DOMESTIC=N', 'CRIME=OTHER OFFENSE'})",frozenset({'ARREST=N'}),0.042493126048385704,0.845924049319522,0.03382502983035606,0.7960118018109675,0.9409967744164445,1.0,-0.0021209274247392315,0.7553179647074403,-0.06146079026169833,0.039580319111264,-0.3239457377229643,0.41799884817868493,2,1
"frozenset({'CRIME=BATTERY', 'LOCATION=SIDEWALK'})",frozenset({'DOMESTIC=N'}),0.015753886592768083,0.8082599823611808,0.011979698064917771,0.7604281009879253,0.9408211684147426,1.0,-0.0007535380346730021,0.8003443577043037,-0.060069151926231995,0.014752701911302771,-0.2494621725932893,0.3876248454896034,2,1
"frozenset({'ARREST=N', 'DAY=Saturday'})",frozenset({'TIME=Afternoon'}),0.12310425925605686,0.31149808912791604,0.036068791395023087,0.29299385425812113,0.9405959923491017,1.0,-0.0022779501267461977,0.9738273351918634,-0.06718324819511398,0.09050377505857848,-0.026876083533823033,0.20439261357773653,2,1
"frozenset({'LOCATION=STREET', 'ARREST=N', 'CRIME=THEFT'})","frozenset({'TIME=Afternoon', 'DOMESTIC=N'})",0.0458220208553098,0.2616900409843153,0.011270686703443028,0.24596660062270026,0.9399157862390436,1.0,-0.0007204798121671439,0.9791475545054108,-0.06278843904365115,0.038045619718926484,-0.021296530230443523,0.1445177206909903,3,2
"frozenset({'LOCATION=STREET', 'ARREST=N', 'TIME=Afternoon'})",frozenset({'CRIME=THEFT'}),0.056180503916855445,0.2199794213775572,0.011607899424144431,0.20661792997306658,0.9392602666157672,1.0,-0.000750655320185015,0.9831588185449703,-0.06412340457674413,0.043877567695651466,-0.017129665255867614,0.12969302253031018,3,1
"frozenset({'ARREST=N', 'DAY=Wednesday', 'DOMESTIC=N'})",frozenset({'TIME=Evening'}),0.09912324692617636,0.2789830010202846,0.025961056253999,0.2619068387997209,0.9387913881558606,1.0,-0.0016926446443403832,0.9768644893108146,-0.06748885847169049,0.07372259189235644,-0.02368343914876846,0.17748144469003108,3,1
"frozenset({'LOCATION=STREET', 'DOMESTIC=N', 'ARREST=Y'})",frozenset({'TIME=Afternoon'}),0.040495789164231244,0.31149808912791604,0.011841354384630017,0.29240952279278315,0.938720117389567,1.0,-0.0007730065577549843,0.9730231441066401,-0.06370144275744695,0.03481189628876461,-0.027724783379256792,0.16521186737540672,3,1
frozenset({'LOCATION=APARTMENT'}),frozenset({'TIME=Afternoon'}),0.19613675272796444,0.31149808912791604,0.057343455479274386,0.29236466231705166,0.9385761021377974,1.0,-0.003752768203241108,0.9729614593958607,-0.07528262041177473,0.1273474403778947,-0.027789940025916882,0.23822696558921477,1,1
"frozenset({'DAY=Monday', 'TIME=Evening'})","frozenset({'ARREST=N', 'DOMESTIC=N'})",0.038917806560949036,0.6856183097860861,0.025022913172047658,0.6429682292823817,0.9377932591721315,1.0,-0.0016598475828520712,0.8805426183278324,-0.064563090694111,0.03577189545311273,-0.13566337299950276,0.33973254296850236,2,2
"frozenset({'ARREST=N', 'DAY=Sunday'})","frozenset({'TIME=Evening', 'DOMESTIC=N'})",0.119641344008854,0.2221669808221073,0.024897539211786883,0.20810146708101468,0.9366894500296823,1.0,-0.0016828169681593272,0.9822382374049282,-0.07130102678993329,0.07856324347920987,-0.018082947617676037,0.1600841259007401,2,2
"frozenset({'CRIME=BATTERY', 'ARREST=N'})",frozenset({'TIME=Afternoon'}),0.14763432306707938,0.31149808912791604,0.04306379372957269,0.2916922896717327,0.9364175892326257,1.0,-0.0029240157955159538,0.9720378598631881,-0.07378267157254437,0.10350166251039068,-0.028766513416203173,0.2149698332830989,2,1
"frozenset({'DOMESTIC=N', 'TIME=Morning'})",frozenset({'LOCATION=STREET'}),0.16994224151347986,0.2777638473377488,0.044200805851937676,0.2600931084484469,0.9363821495897736,1.0,-0.0030030049760473784,0.9761176181880843,-0.07565725628887804,0.10954207469946645,-0.024466705002464027,0.2096119949314718,2,1
"frozenset({'DAY=Sunday', 'TIME=Night'})",frozenset({'DOMESTIC=N'}),0.037158247877289156,0.8082599823611808,0.028122676258495165,0.7568353694008144,0.936376148661797,1.0,-0.0019108485153749508,0.7885193548352397,-0.06591738730873821,0.034409432574968125,-0.26819968827391555,0.39581473321958544,2,1
"frozenset({'LOCATION=STREET', 'ARREST=N', 'DOMESTIC=N'})",frozenset({'CRIME=THEFT'}),0.21435920936586716,0.2199794213775572,0.04414892697182977,0.20595768711050158,0.9362588819479178,1.0,-0.0030056878714243285,0.9823413260988184,-0.07974574782631605,0.11314733973009505,-0.017976108132709428,0.203326700403314,3,1
frozenset({'CRIME=THEFT'}),"frozenset({'LOCATION=STREET', 'ARREST=N', 'DOMESTIC=N'})",0.2199794213775572,0.21435920936586716,0.04414892697182977,0.2006957136961264,0.9362588819479177,1.0,-0.0030056878714243285,0.982905764545661,-0.08027420833548533,0.11314733973009505,-0.017391530369384487,0.203326700403314,1,3
"frozenset({'CRIME=BATTERY', 'DAY=Sunday'})",frozenset({'ARREST=N'}),0.031187853424870734,0.845924049319522,0.024698670171373234,0.7919323537565844,0.9361742988553529,1.0,-0.0016838850873771398,0.7405089328507449,-0.06574528373555959,0.02897499619617589,-0.35042260212890286,0.41056481028470815,2,1
"frozenset({'CRIME=BATTERY', 'DAY=Friday', 'DOMESTIC=Y'})",frozenset({'ARREST=N'}),0.01327234682760648,0.845924049319522,0.010505473221851384,0.7915309446254072,0.935699777376149,1.0,-0.0007219241505306024,0.7390830759204178,-0.06510880443692173,0.012378444187479942,-0.35302787004647485,0.4019749382986288,3,1
"frozenset({'DAY=Monday', 'ARREST=N'})",frozenset({'TIME=Evening'}),0.12075241669116503,0.2789830010202846,0.03151209642554516,0.2609645197092836,0.9354136945795815,1.0,-0.0021757751634079656,0.9756189225124712,-0.07281050408939285,0.08557876322308712,-0.024990369625817868,0.18695899196788968,2,1
"frozenset({'DAY=Sunday', 'ARREST=Y'})",frozenset({'DOMESTIC=N'}),0.023038546007920175,0.8082599823611808,0.017401041036194165,0.7553011822105461,0.9344780128840161,1.0,-0.0012200937537946467,0.7835755782187636,-0.06696364848819782,0.021379892808388354,-0.2762010810408562,0.38841509845188216,2,1
"frozenset({'DOMESTIC=N', 'LOCATION=APARTMENT'})","frozenset({'ARREST=N', 'TIME=Evening'})",0.10277638473377489,0.22744133363307797,0.021832362045411315,0.21242586127119,0.9339808990651108,1.0,-0.0015432359644247627,0.980934528416431,-0.0730292664076954,0.07079571580777211,-0.019436028635211062,0.1542085207437514,2,2
"frozenset({'DAY=Sunday', 'TIME=Morning'})","frozenset({'ARREST=N', 'DOMESTIC=N'})",0.026012935134106904,0.6856183097860861,0.016635827554602522,0.6395213561575537,0.9327658655398006,1.0,-0.0011991170646189452,0.8721229276243064,-0.06890606981930163,0.023936600355814335,-0.14662734842212585,0.3318926670565748,2,2
"frozenset({'DAY=Monday', 'ARREST=N'})","frozenset({'TIME=Evening', 'DOMESTIC=N'})",0.12075241669116503,0.2221669808221073,0.025022913172047658,0.2072249471912928,0.9327441297733671,1.0,-0.0018042866712015132,0.9811522403765398,-0.07579245882933354,0.07871402926616983,-0.01920982172575682,0.15992802750796226,2,2
"frozenset({'DOMESTIC=Y', 'TIME=Night', 'LOCATION=APARTMENT'})",frozenset({'ARREST=N'}),0.02232088816642745,0.845924049319522,0.01759126359658983,0.7881076893279101,0.9316530130120777,1.0,-0.0012905125055626791,0.7271427178823653,-0.0697984686687879,0.020679700960038218,-0.37524584295125496,0.4044515060206339,3,1
"frozenset({'CRIME=CRIMINAL DAMAGE', 'LOCATION=APARTMENT'})","frozenset({'ARREST=N', 'DOMESTIC=N'})",0.019765853321112976,0.6856183097860861,0.01262386082625763,0.6386701662292213,0.9315243731289606,1.0,-0.000927970119243544,0.8700684549987981,-0.06976007547971191,0.018222552280627306,-0.1493348532000064,0.32854127017676504,2,2
"frozenset({'DOMESTIC=N', 'CRIME=OTHER OFFENSE', 'TIME=Afternoon'})",frozenset({'ARREST=N'}),0.014513116710187283,0.845924049319522,0.011434969823784738,0.7879058683348228,0.9314144324997378,1.0,-0.0008420246319437094,0.7264507955538829,-0.06952539273462795,0.01346871642368661,-0.37655572286564754,0.40071179734962215,3,1
"frozenset({'DOMESTIC=N', 'DAY=Sunday'})",frozenset({'TIME=Afternoon'}),0.11005672090891798,0.31149808912791604,0.031905511266363464,0.28990061672624423,0.9306657948941611,1.0,-0.00237694699244885,0.9695852821303669,-0.07724622937725596,0.08188263488999101,-0.03136879079146722,0.19616332118719362,2,1
"frozenset({'CRIME=BATTERY', 'DOMESTIC=Y', 'DAY=Saturday'})",frozenset({'ARREST=N'}),0.01600463451328964,0.845924049319522,0.012593598146194684,0.786871961102107,0.9301922102050205,1.0,-0.0009451070891662652,0.7229267039532693,-0.07086275094624207,0.014827596738234127,-0.38326609673093626,0.40087967372677374,3,1
"frozenset({'CRIME=BATTERY', 'TIME=Evening', 'LOCATION=APARTMENT'})",frozenset({'ARREST=N'}),0.018399709478271395,0.845924049319522,0.014461237830079375,0.7859492481203008,0.9291014349958886,1.0,-0.0011035189180827534,0.7198103689309706,-0.07213167007648272,0.017015973140706072,-0.3892547859308475,0.4015222223000351,3,1
"frozenset({'ARREST=N', 'DAY=Sunday', 'TIME=Morning'})",frozenset({'DOMESTIC=N'}),0.022173898006121708,0.8082599823611808,0.016635827554602522,0.7502437122246052,0.9282207811809612,1.0,-0.0012864468567040308,0.7677084703118686,-0.07328764513350525,0.02044220614328669,-0.30257778658318946,0.3854129925768372,3,1
"frozenset({'TIME=Afternoon', 'LOCATION=APARTMENT'})",frozenset({'CRIME=THEFT'}),0.057343455479274386,0.2199794213775572,0.011707333944351254,0.20416164053075994,0.9280942701469846,1.0,-0.0009070462117692375,0.9801243799590831,-0.07594767518652785,0.044076238220023115,-0.020278671204716516,0.1286908864957516,2,1
"frozenset({'CRIME=BATTERY', 'DOMESTIC=Y'})",frozenset({'ARREST=N'}),0.09777439604337074,0.845924049319522,0.07672886367959604,0.7847541563494872,0.9276886701362361,1.0,-0.005980849341182787,0.715813825100594,-0.07952453956032633,0.08850237113350655,-0.39701129670060376,0.4377291778941677,2,1
frozenset({'LOCATION=APARTMENT'}),frozenset({'TIME=Evening'}),0.19613675272796444,0.2789830010202846,0.05074619122555208,0.25872861929113034,0.9273992262787308,1.0,-0.003972628660868935,0.9726761584808721,-0.08874283577381888,0.11957905889304307,-0.028091406662832514,0.22031284600793366,1,1
"frozenset({'CRIME=BATTERY', 'LOCATION=APARTMENT'})",frozenset({'ARREST=N'}),0.0599330762446608,0.845924049319522,0.04692444705760285,0.7829474139796581,0.9255528491115442,1.0,-0.003774383487456269,0.7098554018888221,-0.07881935755860327,0.054631111647993225,-0.4087376067564538,0.4192093217269616,2,1
frozenset({'DAY=Saturday'}),"frozenset({'DOMESTIC=N', 'TIME=Afternoon'})",0.14584882494336557,0.2616900409843153,0.035286284953395475,0.2419373962532606,0.9245189283598354,1.0,-0.0028809000235480928,0.9739432539826832,-0.08724521658711845,0.09479124324952094,-0.02675386467411186,0.18838869779622108,1,2
"frozenset({'TIME=Evening', 'CRIME=THEFT'})",frozenset({'LOCATION=STREET'}),0.05341795355110934,0.2777638473377488,0.0137133173085237,0.256717384266753,0.9242289330569209,1.0,-0.0011242589867415907,0.971684440580877,-0.07970619513116055,0.04319583838328817,-0.02914069448533687,0.15304390124168948,2,1
"frozenset({'DAY=Monday', 'CRIME=BATTERY', 'DOMESTIC=Y'})",frozenset({'ARREST=N'}),0.013358811627786328,0.845924049319522,0.010440624621716499,0.7815533980582524,0.9239049282106938,1.0,-0.0008599154045572273,0.7053254631150769,-0.07704599440084942,0.012299841095220632,-0.41778519604763753,0.39694783497810127,3,1
frozenset({'DAY=Saturday'}),"frozenset({'ARREST=N', 'DOMESTIC=N', 'TIME=Afternoon'})",0.14584882494336557,0.219525481176613,0.029545022221453648,0.20257291913682712,0.9227763358088387,1.0,-0.0024725112532822772,0.9787409250994641,-0.08923318815535217,0.08797631307929969,-0.021720839862066087,0.16857938170004538,1,3
"frozenset({'ARREST=N', 'DOMESTIC=N', 'DAY=Tuesday'})",frozenset({'TIME=Evening'}),0.09726857696231864,0.2789830010202846,0.025014266692029673,0.25716698519934217,0.9218016304177751,1.0,-0.0021220128138904996,0.9706313324983316,-0.085900399821441,0.0712175668357048,-0.030257283603317937,0.17341465901581216,3,1
"frozenset({'ARREST=N', 'DOMESTIC=N', 'DAY=Thursday'})",frozenset({'TIME=Evening'}),0.09740692064260639,0.2789830010202846,0.025048852612101612,0.25715680617815456,0.9217651442478279,1.0,-0.002126022428917431,0.9706180321450659,-0.08595218476502764,0.07129497465176945,-0.030271401191671623,0.17347155521751167,3,1
"frozenset({'DOMESTIC=N', 'CRIME=ASSAULT'})",frozenset({'TIME=Evening'}),0.06491777197502896,0.2789830010202846,0.01668338319470144,0.25699254128929144,0.9211763453308244,1.0,-0.001427571650442671,0.9704034468655918,-0.08383717793144395,0.05098562519818202,-0.03049922506974324,0.15839662861213422,2,1
"frozenset({'DAY=Sunday', 'TIME=Morning'})",frozenset({'DOMESTIC=N'}),0.026012935134106904,0.8082599823611808,0.019359468760267694,0.744224696692704,0.9207739006434419,1.0,-0.0016657457323880909,0.7496424211389051,-0.08117029278658923,0.02375647228588405,-0.33396933231277853,0.3840883642216602,2,1
"frozenset({'CRIME=BATTERY', 'TIME=Evening', 'DOMESTIC=Y'})",frozenset({'ARREST=N'}),0.0306993273038546,0.845924049319522,0.02391184048973663,0.778904379664836,0.9207734196603136,1.0,-0.0020574587745254176,0.6968747297974998,-0.08153123388531545,0.02804212148712983,-0.43497813486590825,0.40358575212383874,3,1
"frozenset({'TIME=Afternoon', 'ARREST=Y'})",frozenset({'LOCATION=STREET'}),0.04907309734207204,0.2777638473377488,0.01255036574610476,0.2557483922121399,0.9207403867111653,1.0,-0.001080366572409024,0.9704193381710717,-0.08301031679643892,0.03993287205799414,-0.03048234991346972,0.150465987417997,2,1
"frozenset({'LOCATION=STREET', 'CRIME=MOTOR VEHICLE THEFT'})","frozenset({'ARREST=N', 'TIME=Afternoon', 'DOMESTIC=N'})",0.05928026700330295,0.219525481176613,0.011953758624863819,0.20164819136522755,0.9185639420282022,1.0,-0.001059770513314356,0.9776072533211183,-0.08612584407747781,0.04479546375050628,-0.02290566748846145,0.12805045355413294,2,3
"frozenset({'ARREST=N', 'DOMESTIC=N', 'DAY=Sunday'})",frozenset({'TIME=Afternoon'}),0.09265567987272381,0.31149808912791604,0.026484168295087072,0.2858342665173572,0.9176116210458677,1.0,-0.002377898932114309,0.9640646121658503,-0.09004410218128113,0.07012523180475744,-0.037274874920901827,0.18542809756223716,3,1
"frozenset({'ARREST=N', 'DAY=Saturday'})","frozenset({'DOMESTIC=N', 'TIME=Afternoon'})",0.12310425925605686,0.2616900409843153,0.029545022221453648,0.24,0.9171155275809089,1.0,-0.0026701364286076494,0.9714604723890589,-0.09343315269009446,0.08316701552840383,-0.02937796073241717,0.1764504138375378,2,2
"frozenset({'ARREST=N', 'TIME=Morning', 'CRIME=ASSAULT'})",frozenset({'DOMESTIC=N'}),0.019247064520033896,0.8082599823611808,0.01426669202967472,0.7412398921832885,0.9170810238778547,1.0,-0.0012899399997923847,0.7409952765000202,-0.08440888732184414,0.017543020270162513,-0.3495362679278466,0.37944550490998213,3,1
"frozenset({'DOMESTIC=N', 'DAY=Sunday'})","frozenset({'ARREST=N', 'TIME=Afternoon'})",0.11005672090891798,0.262424991785844,0.026484168295087072,0.24064108103861415,0.916989953590217,1.0,-0.002397465785412653,0.971312761062944,-0.0923278575743516,0.07654438224710117,-0.029534502260283823,0.17078099421858717,2,2
frozenset({'DAY=Sunday'}),frozenset({'CRIME=THEFT'}),0.14267989001677417,0.2199794213775572,0.028753869299808048,0.20152713389691845,0.9161181197537177,1.0,-0.0026327703482954337,0.9768905265739405,-0.09649488407875711,0.08611380850650611,-0.023656154704567462,0.16611938323287642,1,1
"frozenset({'CRIME=BATTERY', 'DOMESTIC=Y', 'DAY=Sunday'})",frozenset({'ARREST=N'}),0.017885243917201307,0.845924049319522,0.01386030746882944,0.7749576988155669,0.9161078934201695,1.0,-0.0012692504886768399,0.6846532846027255,-0.08528956008359456,0.016307222787385556,-0.4605932995417622,0.39567125597193004,3,1
"frozenset({'LOCATION=RESIDENCE', 'DOMESTIC=Y'})","frozenset({'ARREST=N', 'TIME=Afternoon'})",0.048684005741262734,0.262424991785844,0.01169868746433327,0.2402983749222982,0.9156840333194997,1.0,-0.001077212342419585,0.9708745958503344,-0.08825008179106913,0.03907242693773825,-0.0299991412630962,0.14243877082880366,2,2
frozenset({'CRIME=ASSAULT'}),"frozenset({'ARREST=N', 'DOMESTIC=N'})",0.09008767530738236,0.6856183097860861,0.05655230255762879,0.6277473845858528,0.9155930867448842,1.0,-0.00521345711917643,0.8445385665434496,-0.09199499660647914,0.07863729816166304,-0.18407854847035246,0.35511551864910496,1,2
"frozenset({'TIME=Evening', 'DAY=Sunday'})","frozenset({'ARREST=N', 'DOMESTIC=N'})",0.03966572708250471,0.6856183097860861,0.024897539211786883,0.6276839237057221,0.9155005266728662,1.0,-0.002298009546956175,0.8443946158409429,-0.08768361562178117,0.035548285546742386,-0.1842804078091946,0.33199895887030867,2,2
"frozenset({'LOCATION=STREET', 'ARREST=Y'})",frozenset({'TIME=Afternoon'}),0.044019229771559996,0.31149808912791604,0.01255036574610476,0.28511098016106856,0.915289660232838,1.0,-0.0011615402126188504,0.9630892233135814,-0.08826663293617489,0.036593513254591516,-0.038325396851004404,0.16270066301119546,2,1
frozenset({'CRIME=OTHER OFFENSE'}),frozenset({'TIME=Evening'}),0.06777543362097291,0.2789830010202846,0.017288636795960363,0.2550870702302736,0.9143462838143549,1.0,-0.0016195570710697549,0.967921175972341,-0.09131236303402945,0.05247411723024839,-0.033141979764451136,0.15852864304775832,1,1
"frozenset({'DAY=Monday', 'ARREST=N', 'DOMESTIC=N'})",frozenset({'TIME=Evening'}),0.0981375482041261,0.2789830010202846,0.025022913172047658,0.25497797356828195,0.9139552325259513,1.0,-0.0023557945387122844,0.9677794392644005,-0.09452283488871592,0.07106810898419753,-0.033293289181768666,0.17233564962835538,3,1
"frozenset({'TIME=Morning', 'CRIME=ASSAULT'})",frozenset({'DOMESTIC=N'}),0.02162484652497968,0.8082599823611808,0.015974371833226694,0.7387045181927229,0.9139441940880648,1.0,-0.0015041262376166258,0.7338053314685337,-0.08779089667185594,0.01962669442909956,-0.36275924569632406,0.37923421056113676,2,1
frozenset({'LOCATION=ALLEY'}),"frozenset({'ARREST=N', 'DOMESTIC=N'})",0.020410016082452832,0.6856183097860861,0.0127535580265274,0.6248676127938996,0.9113928316600226,1.0,-0.0012399227026307445,0.83805531309988,-0.09028663908062032,0.018396108755300573,-0.19323866142093088,0.3217345775727564,1,2
"frozenset({'ARREST=N', 'LOCATION=APARTMENT'})",frozenset({'TIME=Evening'}),0.17362131876113235,0.2789830010202846,0.04411434105175783,0.2540836653386454,0.9107496313733151,1.0,-0.0043230554973223145,0.9666191306925279,-0.10601387041155591,0.10799369225396087,-0.034533631962732285,0.20610460869944774,2,1
"frozenset({'CRIME=BATTERY', 'TIME=Evening', 'DOMESTIC=Y', 'LOCATION=APARTMENT'})",frozenset({'ARREST=N'}),0.015204835111626057,0.845924049319522,0.011707333944351254,0.76997441000853,0.9102169522522885,1.0,-0.0011548017425111069,0.6698209129088268,-0.09104305621212035,0.013782713586253931,-0.4929363666137365,0.3919070543416664,4,1
"frozenset({'CRIME=BATTERY', 'TIME=Night'})",frozenset({'ARREST=N'}),0.04008940460338596,0.845924049319522,0.030841994224151348,0.7693303138142996,0.9094555408764701,1.0,-0.00307059725275359,0.6679505800187342,-0.09397058250320622,0.03606527541858772,-0.4971167477269841,0.40289492248064385,2,1
frozenset({'CRIME=BATTERY'}),frozenset({'TIME=Afternoon'}),0.18293790098051083,0.31149808912791604,0.05177944558770125,0.2830438378825476,0.9086535287422461,1.0,-0.005205360996799795,0.9603124252934352,-0.10955798496984918,0.11697431389784159,-0.04132777381739891,0.22463550357459416,1,1
"frozenset({'LOCATION=RESIDENCE', 'ARREST=N', 'DOMESTIC=Y'})",frozenset({'TIME=Afternoon'}),0.04134314420599374,0.31149808912791604,0.01169868746433327,0.282965596570114,0.9084023512385488,1.0,-0.001179622954373653,0.9602076379859618,-0.09517194630634894,0.034292666235790595,-0.04144141375244936,0.16026090298721654,3,1
"frozenset({'CRIME=BATTERY', 'DOMESTIC=Y', 'LOCATION=APARTMENT'})",frozenset({'ARREST=N'}),0.05011932142424819,0.845924049319522,0.03851142200010376,0.7683947209522989,0.908349539855748,1.0,-0.0038857173282429366,0.665252326345915,-0.09602194187204842,0.044909606057856155,-0.503189031284987,0.4069602917529485,3,1
"frozenset({'DOMESTIC=N', 'CRIME=THEFT'})","frozenset({'LOCATION=STREET', 'ARREST=N'})",0.2081812993930171,0.2337446175661888,0.04414892697182977,0.212069610001246,0.9072705596790687,1.0,-0.0045123312392232676,0.9724912151630843,-0.11432225857557379,0.11098914236650761,-0.028286923735658182,0.20047318700813221,2,2
"frozenset({'TIME=Evening', 'CRIME=OTHER OFFENSE'})",frozenset({'ARREST=N'}),0.017288636795960363,0.845924049319522,0.013198851747453612,0.7634408602150539,0.9024933867634816,1.0,-0.0014260218981996652,0.6513210642402026,-0.09905211148282761,0.015527808152989346,-0.5353411011918495,0.3895218702947819,2,1
"frozenset({'DOMESTIC=N', 'CRIME=OTHER OFFENSE'})",frozenset({'TIME=Evening'}),0.042493126048385704,0.2789830010202846,0.010674079582202085,0.2511954420592125,0.9003969458373856,1.0,-0.0011807802455097872,0.9628907721428834,-0.10356554233134076,0.03434365915065863,-0.038539395049483234,0.14472806148613104,2,1
"frozenset({'ARREST=N', 'CRIME=ASSAULT'})",frozenset({'DOMESTIC=N'}),0.07785722932194304,0.8082599823611808,0.05655230255762879,0.7263590427008717,0.8986700548738652,1.0,-0.006376580240815305,0.7006992649467317,-0.10895317669457989,0.06817103994580087,-0.42714578140169956,0.3981635016239747,2,1
frozenset({'LOCATION=RESIDENCE'}),frozenset({'TIME=Evening'}),0.11572448856070694,0.2789830010202846,0.029000293980320613,0.25059772863120144,0.8982544732644148,1.0,-0.003284871129883009,0.9621227830851955,-0.11354894394573191,0.07929921622867682,-0.039368381645994655,0.17727388407354652,1,1
frozenset({'CRIME=BATTERY'}),"frozenset({'ARREST=N', 'TIME=Afternoon'})",0.18293790098051083,0.262424991785844,0.04306379372957269,0.23540115798180314,0.8970226363726285,1.0,-0.004943683432557404,0.9646561931316688,-0.12319331788618601,0.1070442211595293,-0.03663876013027064,0.1997502981059079,1,2
frozenset({'DAY=Sunday'}),frozenset({'TIME=Afternoon'}),0.14267989001677417,0.31149808912791604,0.039842979922873396,0.27924734115080446,0.8964656635056664,1.0,-0.0046015331743329835,0.9552540700597549,-0.11871946039037695,0.09616127046400734,-0.046841914986498,0.20357748171180373,1,1
"frozenset({'DAY=Friday', 'DOMESTIC=N', 'TIME=Afternoon'})",frozenset({'LOCATION=STREET'}),0.040426617324087366,0.2777638473377488,0.010055856260916181,0.24874344989840658,0.8955213296565026,1.0,-0.0011731965018732127,0.9613708560205994,-0.10840317960853593,0.03263462132053765,-0.040181313732869026,0.14247317399899395,3,1
"frozenset({'ARREST=N', 'DOMESTIC=N', 'CRIME=ASSAULT'})",frozenset({'TIME=Evening'}),0.05655230255762879,0.2789830010202846,0.01411970186936898,0.24967510129195014,0.8949473637420527,1.0,-0.0016574292127654166,0.9609397212077083,-0.11065292859481902,0.04392973394668174,-0.04064800104547744,0.1501432176897215,3,1
"frozenset({'ARREST=N', 'DAY=Sunday'})",frozenset({'TIME=Afternoon'}),0.119641344008854,0.31149808912791604,0.033288948069241014,0.27823950278239507,0.8932302074833486,1.0,-0.003979101970212652,0.9539201903211202,-0.1195452680633045,0.08367200573750896,-0.048305728452364534,0.1925533826575052,2,1
frozenset({'CRIME=ASSAULT'}),frozenset({'DOMESTIC=N'}),0.09008767530738236,0.8082599823611808,0.06491777197502896,0.7206065841251559,0.8915529654456456,1.0,-0.007896490879875692,0.6862724987216958,-0.11791796162159372,0.07789230154736769,-0.45714712721648787,0.40046225909777855,1,1
frozenset({'CRIME=THEFT'}),"frozenset({'LOCATION=STREET', 'ARREST=N'})",0.2199794213775572,0.2337446175661888,0.0458220208553098,0.20830139732327102,0.8911494925194883,1.0,-0.005596984867018803,0.9678624919168805,-0.1353920214398828,0.11233585229621305,-0.03320462188742349,0.20216797352430588,1,2
frozenset({'CRIME=CRIMINAL TRESPASS'}),"frozenset({'ARREST=N', 'DOMESTIC=N'})",0.023924810209763604,0.6856183097860861,0.014586611790340152,0.6096855800505964,0.8892492679211254,1.0,-0.0018166761476308638,0.8054575340943518,-0.11315818606227909,0.020989244101051952,-0.241530382013733,0.3154803500073903,1,2
frozenset({'DAY=Sunday'}),"frozenset({'ARREST=N', 'TIME=Afternoon'})",0.14267989001677417,0.262424991785844,0.033288948069241014,0.2333121231403206,0.8890621337266482,1.0,-0.004153820896416069,0.9620277435913445,-0.12705495029638536,0.08953071950141854,-0.039471061683628024,0.18008170529925865,1,2
frozenset({'LOCATION=SMALL RETAIL STORE'}),frozenset({'ARREST=N'}),0.03441299047157902,0.845924049319522,0.025840005533747212,0.7508793969849246,0.8876439883568114,1.0,-0.0032707707151650445,0.6184793582534566,-0.11589623411746977,0.030240017809078586,-0.6168688358879618,0.39071294054920097,1,1
"frozenset({'LOCATION=SMALL RETAIL STORE', 'DOMESTIC=N'})",frozenset({'ARREST=N'}),0.03409739395092258,0.845924049319522,0.02559790409324364,0.7507290478001775,0.8874662546880878,1.0,-0.003245901468963766,0.6181063189302796,-0.11604530962875263,0.02995926834821767,-0.6178446480382882,0.3904946671522135,2,1
"frozenset({'LOCATION=SIDEWALK', 'TIME=Afternoon'})","frozenset({'ARREST=N', 'DOMESTIC=N'})",0.01803655731751604,0.6856183097860861,0.010924827502723642,0.6057046979865772,0.883443002237729,1.0,-0.0014413664396715677,0.7973254781595435,-0.1184443216037267,0.01577068537264251,-0.2541929580731417,0.3108194841665982,2,2
"frozenset({'CRIME=BATTERY', 'DOMESTIC=Y', 'TIME=Night'})",frozenset({'ARREST=N'}),0.024309578570563924,0.845924049319522,0.018101405917650925,0.7446203094433577,0.8802448754617449,1.0,-0.002462651224011587,0.603321079858167,-0.1223737242313942,0.02124248496993988,-0.6574922265853651,0.3830093457023656,3,1
"frozenset({'LOCATION=RESIDENCE', 'DOMESTIC=N'})","frozenset({'ARREST=N', 'TIME=Evening'})",0.0670404828194442,0.22744133363307797,0.013410690507894237,0.200038692203521,0.8795177596269086,1.0,-0.0018370863119656043,0.9657450414632697,-0.12803139321283788,0.04771280031993109,-0.035469981274590036,0.12950099372859242,2,2
"frozenset({'LOCATION=SMALL RETAIL STORE', 'DOMESTIC=N', 'TIME=Afternoon'})",frozenset({'ARREST=N'}),0.01581873519290297,0.845924049319522,0.011763536064468155,0.7436458048647171,0.8790928753744741,1.0,-0.0016179124650255554,0.6010276157141459,-0.1226121865391298,0.013839792072510133,-0.6638170590743854,0.3787759711351168,3,1
"frozenset({'LOCATION=SMALL RETAIL STORE', 'TIME=Afternoon'})",frozenset({'ARREST=N'}),0.015991664793262663,0.845924049319522,0.011888910024728933,0.7434441741011084,0.8788545197398626,1.0,-0.0016388238125482554,0.6005552598177956,-0.12287237118697905,0.013986511916508152,-0.6651257043413344,0.37874926049141605,2,1
"frozenset({'LOCATION=RESIDENCE', 'DOMESTIC=Y'})",frozenset({'TIME=Afternoon'}),0.048684005741262734,0.31149808912791604,0.013315579227696404,0.2735103454400142,0.87804822882139,1.0,-0.001849395531799431,0.9477105510732842,-0.12739762536915272,0.03838819438385701,-0.05517449274728239,0.15812862522653015,2,1
"frozenset({'CRIME=BATTERY', 'TIME=Night', 'LOCATION=APARTMENT'})",frozenset({'ARREST=N'}),0.014893561830978608,0.845924049319522,0.011054524702993411,0.7422351233671989,0.8774252534423953,1.0,-0.0015442974298586886,0.5977383447007283,-0.12419776132078784,0.013008949058034057,-0.672972813046942,0.37765155531570266,3,1
"frozenset({'LOCATION=RESIDENCE', 'TIME=Afternoon'})","frozenset({'ARREST=N', 'DOMESTIC=N'})",0.03618119563525689,0.6856183097860861,0.021689695125114566,0.599474250209105,0.8743556606534355,1.0,-0.0031167950723699767,0.7849225433771616,-0.1297489785418718,0.03098041879449923,-0.27401105808155124,0.3155547417110006,2,2
frozenset({'LOCATION=SIDEWALK'}),"frozenset({'ARREST=N', 'DOMESTIC=N'})",0.049336814982620575,0.6856183097860861,0.029570961661507602,0.5993690851735016,0.874202273507698,1.0,-0.004255262037105561,0.7847165023449664,-0.13146798757611367,0.041921782778972926,-0.27434557195076503,0.3212497204994686,1,2
"frozenset({'ARREST=N', 'CRIME=THEFT'})",frozenset({'TIME=Evening'}),0.20035191173673197,0.2789830010202846,0.04885261210161344,0.24383402024038153,0.8740103137060045,1.0,-0.0070421654948512324,0.9535168445543175,-0.1527350687801812,0.11348343945206583,-0.04874917072640605,0.20947182873450018,2,1
frozenset({'TIME=Morning'}),"frozenset({'LOCATION=STREET', 'ARREST=N'})",0.21119027443927577,0.2337446175661888,0.043072440209590675,0.2039508700102354,0.8725371823908767,1.0,-0.0062921497229163,0.9625729789361914,-0.156256397598233,0.10718204703401683,-0.03888226854775402,0.19411111850891855,1,2
frozenset({'CRIME=THEFT'}),frozenset({'TIME=Evening'}),0.2199794213775572,0.2789830010202846,0.05341795355110934,0.24283159404909302,0.8704171693652293,1.0,-0.007952565587507315,0.9522544698285581,-0.16027042920349568,0.11989365211822468,-0.0501394655359695,0.21715272966157367,1,1
"frozenset({'LOCATION=RESIDENCE', 'ARREST=N'})",frozenset({'TIME=Evening'}),0.10464834765766856,0.2789830010202846,0.025329863212686116,0.24204742625795259,0.8676063608633757,1.0,-0.0038652468686643307,0.9512692798442792,-0.14561449971239257,0.07069427351046116,-0.05122705125482229,0.1664204991697939,2,1
"frozenset({'DOMESTIC=N', 'TIME=Afternoon'})",frozenset({'LOCATION=STREET'}),0.2616900409843153,0.2777638473377488,0.06306310201117125,0.24098395863276667,0.867585760143006,1.0,-0.009624930582605329,0.9515426727494063,-0.17130768991526737,0.13237682974417614,-0.05092501748826464,0.23401125588099914,2,1
frozenset({'LOCATION=STREET'}),"frozenset({'DOMESTIC=N', 'TIME=Afternoon'})",0.2777638473377488,0.2616900409843153,0.06306310201117125,0.2270385531292316,0.867585760143006,1.0,-0.009624930582605329,0.9551704836051453,-0.17445512695419868,0.13237682974417614,-0.04693352355869761,0.23401125588099914,1,2
"frozenset({'ARREST=N', 'DOMESTIC=N', 'CRIME=THEFT'})",frozenset({'TIME=Evening'}),0.1889428813530012,0.2789830010202846,0.045688000415031044,0.24180853011166029,0.8667500501010045,1.0,-0.007023851646248802,0.9509695474230287,-0.1593453387864292,0.10820440885867286,-0.0515583834517474,0.2027873909953011,3,1
"frozenset({'ARREST=N', 'CRIME=THEFT'})","frozenset({'LOCATION=STREET', 'DOMESTIC=N'})",0.20035191173673197,0.2548549985300984,0.04414892697182977,0.2203569039552899,0.8646363823594604,1.0,-0.006911759199337467,0.9557514268389928,-0.163726153307682,0.10740316151491885,-0.04629715626724497,0.19679422805906988,2,2
"frozenset({'DOMESTIC=N', 'CRIME=THEFT'})",frozenset({'TIME=Evening'}),0.2081812993930171,0.2789830010202846,0.0501106749442302,0.24070689870000414,0.8628013098278434,1.0,-0.007968368716736063,0.949589819458721,-0.1672377913770199,0.11465566700298732,-0.05308626894295638,0.21016299824898088,2,1
"frozenset({'LOCATION=STREET', 'DAY=Friday', 'DOMESTIC=N'})",frozenset({'TIME=Afternoon'}),0.03753436975807149,0.31149808912791604,0.010055856260916181,0.26791061967288643,0.8600714708168546,1.0,-0.0016360281953437285,0.9404615466002885,-0.14459642579101037,0.029665340271400876,-0.06330769568935544,0.1500964301384473,3,1
"frozenset({'ARREST=N', 'DOMESTIC=Y'})",frozenset({'TIME=Afternoon'}),0.16030573953343594,0.31149808912791604,0.04289951060923098,0.2676105717367853,0.8591082291580017,1.0,-0.00703542093167174,0.9400762549301056,-0.16339445142699321,0.10002116743440614,-0.06374349395129644,0.20266527587560967,2,1
"frozenset({'LOCATION=STREET', 'DAY=Friday'})",frozenset({'TIME=Afternoon'}),0.04049146592422225,0.31149808912791604,0.010816746502498833,0.26713645099295324,0.8575861628584637,1.0,-0.0017962677588845254,0.9394680794329748,-0.1475370495143347,0.031704597293324546,-0.06443212057141945,0.1509306859417106,2,1
frozenset({'DAY=Sunday'}),"frozenset({'DOMESTIC=N', 'TIME=Afternoon'})",0.14267989001677417,0.2616900409843153,0.031905511266363464,0.22361603490591764,0.854507240951215,1.0,-0.005432394999763772,0.9509598242748564,-0.1656943838870766,0.08566056132042621,-0.051569135176177165,0.17276851703168705,1,2
frozenset({'DOMESTIC=Y'}),"frozenset({'ARREST=N', 'TIME=Afternoon'})",0.19174001763881923,0.262424991785844,0.04289951060923098,0.2237379089535749,0.852578511791132,1.0,-0.007417861944653742,0.9501623442926117,-0.17623048871098715,0.1043109882370255,-0.05245172680937184,0.1936056639214424,1,2
"frozenset({'ARREST=N', 'TIME=Evening', 'CRIME=ASSAULT'})",frozenset({'DOMESTIC=N'}),0.02051809708267764,0.8082599823611808,0.01411970186936898,0.6881584492203962,0.8514072999260331,1.0,-0.0024642549167610463,0.6148635971039432,-0.15123465726534574,0.01733205262236185,-0.6263769797237632,0.35281385342858945,3,1
"frozenset({'ARREST=N', 'TIME=Morning'})",frozenset({'LOCATION=STREET'}),0.18279523406021408,0.2777638473377488,0.043072440209590675,0.23563218390804597,0.8483184048841586,1.0,-0.007701467277978685,0.9448803801746745,-0.17951941208778865,0.10317082263275619,-0.05833502418066491,0.19535037264321659,2,1
"frozenset({'CRIME=BURGLARY', 'ARREST=N'})","frozenset({'DOMESTIC=N', 'TIME=Afternoon'})",0.05448579383333045,0.2616900409843153,0.012092102305151573,0.221931286201698,0.8480692859649164,1.0,-0.002166287316155627,0.9489007152227896,-0.15929119844905326,0.03976569941851372,-0.05385103410446163,0.1340695072365811,2,2
"frozenset({'ARREST=N', 'DAY=Sunday'})","frozenset({'DOMESTIC=N', 'TIME=Afternoon'})",0.119641344008854,0.2616900409843153,0.026484168295087072,0.22136301221363014,0.8458977322216774,1.0,-0.004824779922008495,0.9482081773621709,-0.17145417463265583,0.07463541222480781,-0.05462072978732291,0.16128367689533665,2,2
"frozenset({'TIME=Evening', 'CRIME=ASSAULT'})",frozenset({'DOMESTIC=N'}),0.02445656873086966,0.8082599823611808,0.01668338319470144,0.6821636910022981,0.84399043115989,1.0,-0.0030838826163262813,0.6032665627268079,-0.15929764913674885,0.020444491536648037,-0.6576420139712845,0.35140240049507815,2,1
"frozenset({'ARREST=N', 'CRIME=OTHER OFFENSE'})",frozenset({'TIME=Evening'}),0.05609836235668459,0.2789830010202846,0.013198851747453612,0.23528051787916154,0.843350731115171,1.0,-0.0024516377351376222,0.9428516153139964,-0.16442847799874588,0.041005184409165396,-0.06061227849407829,0.14129555639351765,2,1
frozenset({'CRIME=BURGLARY'}),"frozenset({'DOMESTIC=N', 'TIME=Afternoon'})",0.056310201117125216,0.2616900409843153,0.012424991785843983,0.22065259117082536,0.8431829898488588,1.0,-0.002310827052331552,0.9473438297881287,-0.16463379019821936,0.040660988653405394,-0.05558295579298578,0.13406619745387677,1,2
"frozenset({'LOCATION=SMALL RETAIL STORE', 'DOMESTIC=N', 'CRIME=THEFT'})",frozenset({'ARREST=N'}),0.023254708008369793,0.845924049319522,0.01657530219447663,0.7127718906860011,0.8425956103971377,1.0,-0.0030964145697066625,0.5364236496506738,-0.1605502619918286,0.019440810490127476,-0.8641981960549527,0.36618310278746036,3,1
"frozenset({'LOCATION=SMALL RETAIL STORE', 'CRIME=THEFT'})",frozenset({'ARREST=N'}),0.02328497068843274,0.845924049319522,0.016588271914503606,0.7124025250649832,0.8421589688081972,1.0,-0.0031090447785417953,0.5357347129535533,-0.16099814802675697,0.019455627782453935,-0.866595491800243,0.3660060859843414,2,1
"frozenset({'TIME=Evening', 'CRIME=ASSAULT'})","frozenset({'ARREST=N', 'DOMESTIC=N'})",0.02445656873086966,0.6856183097860861,0.01411970186936898,0.577337811560898,0.8420688352693327,1.0,-0.002648169447057121,0.7438131415893398,-0.1612520070013571,0.020288234563299787,-0.3444236785911769,0.2989659629533929,2,2
"frozenset({'ARREST=N', 'TIME=Morning'})","frozenset({'LOCATION=STREET', 'DOMESTIC=N'})",0.18279523406021408,0.2548549985300984,0.039190170681515556,0.21439383189063904,0.8412384812037308,1.0,-0.007396108426209302,0.9484968826850824,-0.18761133673529254,0.0983540746688077,-0.05429972228176277,0.18408410848136703,2,2
"frozenset({'ARREST=N', 'DOMESTIC=N', 'CRIME=THEFT'})",frozenset({'LOCATION=STREET'}),0.1889428813530012,0.2777638473377488,0.04414892697182977,0.23366282262493135,0.841228348701577,1.0,-0.008332574679859636,0.9424521920443993,-0.18877657575869078,0.10448020789637921,-0.06106177951665205,0.19630346535221727,3,1
"frozenset({'ARREST=N', 'CRIME=CRIMINAL DAMAGE', 'LOCATION=APARTMENT'})",frozenset({'DOMESTIC=N'}),0.018585608798658067,0.8082599823611808,0.01262386082625763,0.67922772737846,0.840357981591793,1.0,-0.002398143013517545,0.5977449860981027,-0.16217495848956,0.015504205250191147,-0.6729542250579057,0.3474231460375775,3,1
"frozenset({'ARREST=N', 'DOMESTIC=N', 'TIME=Afternoon'})",frozenset({'LOCATION=STREET'}),0.219525481176613,0.2777638473377488,0.051221747626541234,0.2333293946197172,0.8400279476831942,1.0,-0.009754494613745342,0.9420423159487231,-0.19614214212138031,0.11482956803225462,-0.061523440157683525,0.20886846701833656,3,1
"frozenset({'CRIME=BURGLARY', 'DOMESTIC=N'})","frozenset({'ARREST=N', 'TIME=Afternoon'})",0.055004582634409535,0.262424991785844,0.012092102305151573,0.21983808850113964,0.8377178065439055,1.0,-0.0023424748408671266,0.9454127372061965,-0.17012108705751572,0.039602418338595714,-0.057739081192321504,0.1329582034077501,2,2
"frozenset({'LOCATION=STREET', 'ARREST=N'})","frozenset({'DOMESTIC=N', 'TIME=Afternoon'})",0.2337446175661888,0.2616900409843153,0.051221747626541234,0.21913551704366804,0.8373857721884119,1.0,-0.00994689092421782,0.9455033173239781,-0.20218971352758122,0.11530900243309002,-0.057637748781529344,0.20743496705960804,2,2
frozenset({'CRIME=BURGLARY'}),"frozenset({'ARREST=N', 'TIME=Afternoon'})",0.056310201117125216,0.262424991785844,0.012368789665727083,0.21965451055662188,0.8370182621016308,1.0,-0.002408414399893725,0.9451903268387821,-0.17104347289365324,0.04037253933535596,-0.0579879751251057,0.13339358861713568,1,2
frozenset({'DOMESTIC=Y'}),frozenset({'TIME=Afternoon'}),0.19174001763881923,0.31149808912791604,0.04980804814360074,0.2597686636152511,0.833933409808423,1.0,-0.009918600960244363,0.9301172174562229,-0.197674414043771,0.10984725691729753,-0.07513330710606511,0.2098335351607594,1,1
"frozenset({'DAY=Friday', 'TIME=Afternoon'})","frozenset({'LOCATION=STREET', 'DOMESTIC=N'})",0.04731786189842115,0.2548549985300984,0.010055856260916181,0.21251713111009593,0.8338746829993905,1.0,-0.002003337363653341,0.9462364591122024,-0.17294941080082527,0.03442407020971156,-0.05681829353546649,0.1259871491004254,2,2
frozenset({'CRIME=MOTOR VEHICLE THEFT'}),"frozenset({'DOMESTIC=N', 'TIME=Afternoon'})",0.07860514984349871,0.2616900409843153,0.017115707195600672,0.2177428225717743,0.8320638483327876,1.0,-0.0034544776885227536,0.943819986980467,-0.17968859500403098,0.052960376702250046,-0.05952407640705737,0.14157366302466562,1,2
frozenset({'LOCATION=ALLEY'}),frozenset({'ARREST=N'}),0.020410016082452832,0.845924049319522,0.01436180330987255,0.7036644778648592,0.8318293804637671,1.0,-0.0029035201412725177,0.5199375004735787,-0.171075072416181,0.016857125459232347,-0.9233080881628315,0.3603210644489907,1,1
"frozenset({'LOCATION=RESIDENCE', 'TIME=Morning'})","frozenset({'ARREST=N', 'DOMESTIC=N'})",0.026518754215159007,0.6856183097860861,0.015083784391374271,0.5687968699054451,0.8296115517727503,1.0,-0.0030979590512556932,0.7290802600272772,-0.1742213643836964,0.021639356463276974,-0.37159110570705456,0.29539856737048165,2,2
frozenset({'TIME=Morning'}),frozenset({'LOCATION=STREET'}),0.21119027443927577,0.2777638473377488,0.0486450965811818,0.23033776867963154,0.8292575541681305,1.0,-0.010015926567386459,0.9383806600763596,-0.2069934411806665,0.11047944465718186,-0.0656656115638893,0.20273444956262082,1,1
frozenset({'LOCATION=DEPARTMENT STORE'}),frozenset({'ARREST=N'}),0.02232088816642745,0.845924049319522,0.015641482352534285,0.7007553747821035,0.8283904156003189,1.0,-0.0032402937496182234,0.5148829342157333,-0.1748424937641627,0.01834555356110621,-0.9421890560874663,0.35962289230342925,1,1
"frozenset({'TIME=Afternoon', 'LOCATION=APARTMENT'})","frozenset({'ARREST=N', 'DOMESTIC=N'})",0.057343455479274386,0.6856183097860861,0.03256696698773929,0.567928226779252,0.8283446032187304,1.0,-0.006748756035254488,0.7276145068918781,-0.1802156665087434,0.04584347614410906,-0.3743541264338724,0.30771418432771125,2,2
"frozenset({'ARREST=N', 'CRIME=MOTOR VEHICLE THEFT'})","frozenset({'DOMESTIC=N', 'TIME=Afternoon'})",0.07579504383765369,0.2616900409843153,0.01641534231414391,0.21657540497376226,0.8276027783065041,1.0,-0.0034194658141396585,0.942413556713723,-0.18393513988664653,0.051127029865618186,-0.061105278968063635,0.13965179691783386,2,2
"frozenset({'DOMESTIC=N', 'LOCATION=DEPARTMENT STORE'})",frozenset({'ARREST=N'}),0.02221280716620264,0.845924049319522,0.015537724592318468,0.6994939665239392,0.8268992554197105,1.0,-0.0032526231924693665,0.5127216545312796,-0.1763397089224556,0.018223950753753555,-0.9503759811240682,0.3589308601152269,2,1
"frozenset({'CRIME=CRIMINAL DAMAGE', 'DOMESTIC=N'})","frozenset({'ARREST=N', 'TIME=Afternoon'})",0.09622667612015148,0.262424991785844,0.020876926003424005,0.21695570132087338,0.8267341454198214,1.0,-0.004375358686985818,0.9419326715721318,-0.18824116979652455,0.06180724433636247,-0.061647005333142386,0.1482547900848284,2,2
"frozenset({'CRIME=CRIMINAL DAMAGE', 'LOCATION=APARTMENT'})",frozenset({'DOMESTIC=N'}),0.019765853321112976,0.8082599823611808,0.013185882027426635,0.6671041119860017,0.825358333388202,1.0,-0.0027900662292498265,0.5759759268361901,-0.17753800597444322,0.016182174141416285,-0.7361836726283946,0.3417090118705556,2,1
frozenset({'LOCATION=SIDEWALK'}),frozenset({'ARREST=N'}),0.049336814982620575,0.845924049319522,0.03438705103152507,0.6969856291622853,0.8239340514351783,1.0,-0.007348147279101394,0.5084773710716064,-0.18352634626817307,0.03994435711882367,-0.9666558570591236,0.36881795550791185,1,1
"frozenset({'ARREST=N', 'CRIME=THEFT'})",frozenset({'LOCATION=STREET'}),0.20035191173673197,0.2777638473377488,0.0458220208553098,0.22870767969272596,0.8233889395066859,1.0,-0.00982849697015794,0.9363974379707561,-0.21150203216467733,0.10599741981938735,-0.06792261431970106,0.1968376139128854,2,1
"frozenset({'DAY=Friday', 'TIME=Afternoon'})",frozenset({'LOCATION=STREET'}),0.04731786189842115,0.2777638473377488,0.010816746502498833,0.2285975331201462,0.8229923919587041,1.0,-0.0023264448662028998,0.9362637321909676,-0.18417998945771,0.03441919330875475,-0.0680751220170432,0.1337698867331497,2,1
"frozenset({'LOCATION=STREET', 'DOMESTIC=N', 'CRIME=THEFT'})",frozenset({'TIME=Afternoon'}),0.04470662493298978,0.31149808912791604,0.011456586023829698,0.2562614834155304,0.8226743352839547,1.0,-0.0024694422141550675,0.9257311481378521,-0.1840965504469685,0.0332317570194249,-0.08022723661350592,0.14652023818253343,3,1
frozenset({'CRIME=CRIMINAL DAMAGE'}),"frozenset({'ARREST=N', 'TIME=Afternoon'})",0.11144015771179552,0.262424991785844,0.024032891209988413,0.2156573689723397,0.8217867037158193,1.0,-0.005211791262142686,0.940373478422015,-0.19617941492412413,0.06869832795758722,-0.06340727694494395,0.15361870441994357,1,2
frozenset({'TIME=Morning'}),"frozenset({'LOCATION=STREET', 'DOMESTIC=N'})",0.21119027443927577,0.2548549985300984,0.044200805851937676,0.2092937563971341,0.8212268058474689,1.0,-0.00962209122985503,0.9423790535340106,-0.21628452561859607,0.10477986390095927,-0.061144129052853415,0.19136443545047543,1,2
"frozenset({'DOMESTIC=N', 'LOCATION=APARTMENT'})",frozenset({'TIME=Evening'}),0.10277638473377489,0.2789830010202846,0.023501132688882355,0.2286627686871661,0.8196297546836562,1.0,-0.00517173155816153,0.934762344808026,-0.19696204925135774,0.06559830091229425,-0.06979063240440216,0.15645067584689154,2,1
"frozenset({'LOCATION=STREET', 'ARREST=N', 'DOMESTIC=N', 'CRIME=THEFT'})",frozenset({'TIME=Afternoon'}),0.04414892697182977,0.31149808912791604,0.011270686703443028,0.25528789659224443,0.8195488367423371,1.0,-0.002481619685329858,0.9245209091158083,-0.1872253900934716,0.03272782053052462,-0.0816413021489999,0.14573504916771496,4,1
frozenset({'CRIME=OTHER OFFENSE'}),"frozenset({'DOMESTIC=N', 'TIME=Afternoon'})",0.06777543362097291,0.2616900409843153,0.014513116710187283,0.21413535753013968,0.8182785891457525,1.0,-0.0032230392918148575,0.9394874372961761,-0.19239127436279516,0.046080355794704264,-0.06441018825965121,0.1347972718661255,1,2
"frozenset({'LOCATION=ALLEY', 'DOMESTIC=N'})",frozenset({'ARREST=N'}),0.01844726511837031,0.845924049319522,0.0127535580265274,0.6913522381063979,0.8172745988987253,1.0,-0.002851427181275186,0.4991967209974179,-0.1855224264762962,0.014975683551115306,-1.0032182863740655,0.3532143596533962,2,1
"frozenset({'LOCATION=STREET', 'CRIME=THEFT'})",frozenset({'TIME=Afternoon'}),0.046453213896622686,0.31149808912791604,0.011806768464558078,0.254164727780363,0.8159431362546521,1.0,-0.002663318898090244,0.9231286538957503,-0.19130804729562204,0.034109359778183,-0.08327262487177754,0.14603395440814074,2,1
"frozenset({'ARREST=N', 'DOMESTIC=Y', 'LOCATION=APARTMENT'})",frozenset({'TIME=Afternoon'}),0.07718712712054922,0.31149808912791604,0.01960589344078026,0.25400470482804977,0.8154294157603749,1.0,-0.004437749162544368,0.9229306341850131,-0.19696787084191347,0.053121083271837045,-0.08350504681540079,0.1584726794000905,3,1
"frozenset({'LOCATION=SIDEWALK', 'TIME=Afternoon'})",frozenset({'ARREST=N'}),0.01803655731751604,0.845924049319522,0.012424991785843983,0.6888782358581017,0.8143499837984851,1.0,-0.00283256581597284,0.4952271696756196,-0.18841750574513974,0.014591276711327279,-1.0192753169318503,0.35178315300870067,2,1
"frozenset({'LOCATION=STREET', 'ARREST=N', 'CRIME=THEFT'})",frozenset({'TIME=Afternoon'}),0.0458220208553098,0.31149808912791604,0.011607899424144431,0.25332578545145773,0.8132498859324624,1.0,-0.0026655725122640885,0.9220914522786477,-0.19397868177655403,0.033576770127304104,-0.08449112886669399,0.14529526934261666,3,1
frozenset({'CRIME=MOTOR VEHICLE THEFT'}),"frozenset({'ARREST=N', 'TIME=Afternoon'})",0.07860514984349871,0.262424991785844,0.016752555034845313,0.21312286877131226,0.8121287051243751,1.0,-0.003875400767159875,0.9373445725413982,-0.20068235438435417,0.051661156143344704,-0.06684353789847608,0.13848018366491016,1,2
"frozenset({'ARREST=N', 'DOMESTIC=N', 'LOCATION=APARTMENT'})",frozenset({'TIME=Evening'}),0.09643419164058312,0.2789830010202846,0.021832362045411315,0.22639648525060524,0.8115063800397794,1.0,-0.0050711381394438065,0.9320239440914194,-0.20449692825697277,0.061745754215217594,-0.07293380855665348,0.1523267235104586,3,1
"frozenset({'TIME=Night', 'ARREST=Y'})",frozenset({'DOMESTIC=N'}),0.025066145572137582,0.8082599823611808,0.016423988794161896,0.6552259399793032,0.810662354042548,1.0,-0.003835973583836815,0.5561323773235987,-0.19326482204035494,0.020105209678443658,-0.7981330359014981,0.33777306027779275,2,1
"frozenset({'DOMESTIC=N', 'LOCATION=DEPARTMENT STORE', 'CRIME=THEFT'})",frozenset({'ARREST=N'}),0.01885364967921559,0.845924049319522,0.01291784114686911,0.6851639532217382,0.8099591846016171,1.0,-0.0030309145342246498,0.48938472026042573,-0.1929878727439975,0.015164279696714408,-1.043382146193389,0.3502173199713401,3,1
"frozenset({'LOCATION=DEPARTMENT STORE', 'CRIME=THEFT'})",frozenset({'ARREST=N'}),0.018862296159233575,0.845924049319522,0.012922164386878102,0.6850790740316297,0.8098588455816108,1.0,-0.003033905559604831,0.48925281864550624,-0.1930907698977154,0.015169277771856903,-1.0439330380732288,0.35017743571208254,2,1
"frozenset({'DOMESTIC=N', 'CRIME=MOTOR VEHICLE THEFT'})","frozenset({'ARREST=N', 'TIME=Afternoon'})",0.07725197572068411,0.262424991785844,0.01641534231414391,0.2124909060383905,0.8097205399240215,1.0,-0.003857506779796835,0.9365923693702923,-0.20297612656530242,0.05078036189533655,-0.06770034937647328,0.13752170876457012,2,2
"frozenset({'LOCATION=SIDEWALK', 'DOMESTIC=N'})",frozenset({'ARREST=N'}),0.043271309250004324,0.845924049319522,0.029570961661507602,0.6833849535418124,0.8078561592988646,1.0,-0.007033279478613343,0.48663496066926604,-0.19910391500325927,0.03439986320522234,-1.0549283977145953,0.35917097362017714,2,1
"frozenset({'LOCATION=RESIDENCE', 'ARREST=N', 'TIME=Afternoon'})",frozenset({'DOMESTIC=N'}),0.03338838258944784,0.8082599823611808,0.021689695125114566,0.6496180240839051,0.803724096529148,1.0,-0.005296798397700898,0.5472313955005914,-0.20168821636363668,0.026452180973621633,-0.8273805344907689,0.3382265358575893,3,1
"frozenset({'DOMESTIC=N', 'CRIME=ASSAULT'})",frozenset({'LOCATION=STREET'}),0.06491777197502896,0.2777638473377488,0.014491500510142322,0.22322855620671286,0.8036631057146779,1.0,-0.0035403095942364085,0.929792358399894,-0.2071440156483514,0.04415580994032643,-0.07550894666517612,0.13770028722412095,2,1
"frozenset({'LOCATION=STREET', 'CRIME=MOTOR VEHICLE THEFT'})","frozenset({'DOMESTIC=N', 'TIME=Afternoon'})",0.05928026700330295,0.2616900409843153,0.012416345305825999,0.20945157526254377,0.8003803831231677,1.0,-0.003096710195829506,0.933921232289951,-0.20956268803086303,0.04024043378963445,-0.07075411225850982,0.12844916903914552,2,2
"frozenset({'DOMESTIC=Y', 'LOCATION=APARTMENT'})","frozenset({'ARREST=N', 'TIME=Afternoon'})",0.09336036799418956,0.262424991785844,0.01960589344078026,0.21000231535077565,0.8002374847063016,1.0,-0.004894200363218311,0.9336419872441206,-0.2158918997408181,0.05831972325458777,-0.07107436647290433,0.1423563907028503,2,2
frozenset({'LOCATION=RESIDENCE'}),"frozenset({'ARREST=N', 'DOMESTIC=N'})",0.11572448856070694,0.6856183097860861,0.06330520345167483,0.5470337716676629,0.797869257369072,1.0,-0.01603762479617632,0.6940510584450349,-0.22269262322743413,0.0857750389540401,-0.440816187558908,0.3196833917075049,1,2
"frozenset({'TIME=Afternoon', 'CRIME=OTHER OFFENSE'})",frozenset({'DOMESTIC=N'}),0.022506787486814117,0.8082599823611808,0.014513116710187283,0.6448328851325394,0.7978037997734101,1.0,-0.003678218946911938,0.5398585894146528,-0.20589321898563487,0.017780155291675055,-0.8523369260166079,0.3313944428551062,2,1
"frozenset({'LOCATION=SIDEWALK', 'DOMESTIC=N', 'TIME=Afternoon'})",frozenset({'ARREST=N'}),0.016190533833676312,0.845924049319522,0.010924827502723642,0.6747663551401869,0.7976677760645087,1.0,-0.0027711344385045484,0.4737392736439983,-0.204979465498098,0.012834773245567255,-1.11086573487566,0.34384051112829633,3,1
"frozenset({'LOCATION=STREET', 'ARREST=N', 'CRIME=MOTOR VEHICLE THEFT'})","frozenset({'TIME=Afternoon', 'DOMESTIC=N'})",0.05727428363913051,0.2616900409843153,0.011953758624863819,0.20871074879227056,0.7975494520434573,1.0,-0.0030343510080075436,0.9330468698883709,-0.21214095001138192,0.03893598445376968,-0.07175752073380776,0.12719491116242032,3,2
frozenset({'CRIME=THEFT'}),"frozenset({'LOCATION=STREET', 'DOMESTIC=N'})",0.2199794213775572,0.2548549985300984,0.04470662493298978,0.2032309415718413,0.7974375340644523,1.0,-0.011356230178839452,0.9352082558776825,-0.24565527714827567,0.10393800506573393,-0.06928055191462268,0.1893253944500428,1,2
"frozenset({'LOCATION=RESIDENCE', 'TIME=Night'})","frozenset({'ARREST=N', 'DOMESTIC=N'})",0.024024244729970428,0.6856183097860861,0.01312103342729175,0.5461579989202807,0.7965919099953483,1.0,-0.0033504286383578604,0.692711757541126,-0.20737676681890335,0.018837944026168296,-0.44360188651862237,0.2826477589579618,2,2
"frozenset({'LOCATION=STREET', 'DOMESTIC=N'})",frozenset({'TIME=Afternoon'}),0.2548549985300984,0.31149808912791604,0.06306310201117125,0.24744698897370654,0.7943772293000904,1.0,-0.016323743035652247,0.9148882547598078,-0.2578183568166691,0.1253017222866469,-0.09302966214440832,0.22494899828966236,2,1
frozenset({'TIME=Afternoon'}),"frozenset({'LOCATION=STREET', 'DOMESTIC=N'})",0.31149808912791604,0.2548549985300984,0.06306310201117125,0.20245100760561816,0.7943772293000902,1.0,-0.016323743035652247,0.9342937030524554,-0.27323360306470873,0.1253017222866469,-0.07032723942468397,0.22494899828966236,1,2
frozenset({'LOCATION=STREET'}),frozenset({'TIME=Afternoon'}),0.2777638473377488,0.31149808912791604,0.06873086966296021,0.24744353997727594,0.7943661570124874,1.0,-0.017792038011566716,0.9148840617902532,-0.26385172302839077,0.13203989933805638,-0.09303467156613414,0.23404486997198332,1,1
frozenset({'TIME=Afternoon'}),frozenset({'LOCATION=STREET'}),0.31149808912791604,0.2777638473377488,0.06873086966296021,0.22064619996669071,0.7943661570124874,1.0,-0.017792038011566716,0.9267115302849399,-0.27324706372370156,0.13203989933805638,-0.07908444787832263,0.23404486997198332,1,1
frozenset({'CRIME=CRIMINAL TRESPASS'}),frozenset({'ARREST=N'}),0.023924810209763604,0.845924049319522,0.016073806353433518,0.6718467654499459,0.7942164145710158,1.0,-0.0041647659784107526,0.4695244003666109,-0.20976951606036914,0.018826746335164696,-1.1298147640872054,0.3454241212170182,1,1
"frozenset({'LOCATION=RESIDENCE', 'ARREST=N'})","frozenset({'DOMESTIC=N', 'TIME=Afternoon'})",0.10464834765766856,0.2616900409843153,0.021689695125114566,0.2072626621498802,0.7920158572725461,1.0,-0.005695735262361595,0.9313424810012854,-0.2267804183347536,0.06293276467636728,-0.07371887399026517,0.145072906466062,2,2
"frozenset({'DOMESTIC=Y', 'LOCATION=APARTMENT'})",frozenset({'TIME=Afternoon'}),0.09336036799418956,0.31149808912791604,0.023025576287893198,0.24663116462144014,0.7917581944464563,1.0,-0.006055999942575902,0.9138975207623489,-0.22486345013553824,0.06030275925317874,-0.094214588924398,0.1602750005086882,2,1
"frozenset({'CRIME=OTHER OFFENSE', 'TIME=Morning'})",frozenset({'DOMESTIC=N'}),0.017729607276877585,0.8082599823611808,0.011326888823559929,0.6388685686417946,0.7904245942938549,1.0,-0.0030032432413198105,0.530942479633219,-0.21255412166089158,0.013903777369744956,-0.8834431946202741,0.326441243140305,2,1
"frozenset({'ARREST=N', 'DOMESTIC=N', 'CRIME=ASSAULT'})",frozenset({'LOCATION=STREET'}),0.05655230255762879,0.2777638473377488,0.012368789665727083,0.218714165583671,0.7874104844095281,1.0,-0.0033393954684882987,0.9244198740679949,-0.22249729242151925,0.03841867085632948,-0.08175952081104416,0.13162202076752383,3,1
"frozenset({'CRIME=BATTERY', 'ARREST=N', 'DOMESTIC=Y'})",frozenset({'TIME=Afternoon'}),0.07672886367959604,0.31149808912791604,0.018732598958963807,0.24414018480955602,0.7837614204731136,1.0,-0.005168295458186721,0.9108857185357992,-0.23007460435138177,0.05069793019528005,-0.09783255972818117,0.15213865399918206,3,1
"frozenset({'LOCATION=RESIDENCE', 'TIME=Afternoon'})",frozenset({'DOMESTIC=N'}),0.03618119563525689,0.8082599823611808,0.022865616407560484,0.6319751463735214,0.7818958752941397,1.0,-0.006378196138398681,0.5209974700062591,-0.2244539095637841,0.027831422301972775,-0.9193951171931531,0.33013253700196954,2,1
"frozenset({'CRIME=BATTERY', 'ARREST=N', 'LOCATION=APARTMENT'})",frozenset({'TIME=Afternoon'}),0.04692444705760285,0.31149808912791604,0.011417676863748769,0.24332043486272345,0.7811297833124248,1.0,-0.0031991987280785804,0.9098989091203702,-0.22719794921227424,0.03290350713262319,-0.09902318815475189,0.13998725901244205,3,1
"frozenset({'CRIME=CRIMINAL TRESPASS', 'DOMESTIC=N'})",frozenset({'ARREST=N'}),0.02208743320594186,0.845924049319522,0.014586611790340152,0.6604032100215306,0.7806885388265908,1.0,-0.004097679146304661,0.45370261211905577,-0.2231594908673643,0.01709185224210249,-1.2040869355576702,0.3388233079887536,2,1
"frozenset({'ARREST=N', 'CRIME=OTHER OFFENSE'})","frozenset({'DOMESTIC=N', 'TIME=Afternoon'})",0.05609836235668459,0.2616900409843153,0.011434969823784738,0.20383785450061656,0.7789285894637229,1.0,-0.003245412920489023,0.9273361754125956,-0.2311728837917871,0.03732607039033615,-0.07835758650855437,0.12376723638116685,2,2
"frozenset({'LOCATION=STREET', 'CRIME=MOTOR VEHICLE THEFT'})","frozenset({'ARREST=N', 'TIME=Afternoon'})",0.05928026700330295,0.262424991785844,0.012113718505196535,0.20434655775962662,0.7786855831413603,1.0,-0.0034429050762078816,0.9270053632110455,-0.23202484356787317,0.039128066917093744,-0.07874241043882307,0.12525362351993458,2,2
"frozenset({'LOCATION=STREET', 'DOMESTIC=N', 'CRIME=MOTOR VEHICLE THEFT'})","frozenset({'ARREST=N', 'TIME=Afternoon'})",0.058579902121846196,0.262424991785844,0.011953758624863819,0.20405904059040592,0.7775899665719775,1.0,-0.003419071708277214,0.92667050174333,-0.23302456916449854,0.03867890216266122,-0.07913222458113907,0.12480509236156101,3,2
"frozenset({'CRIME=BATTERY', 'ARREST=N', 'LOCATION=STREET'})",frozenset({'DOMESTIC=N'}),0.023587597489062202,0.8082599823611808,0.01482438999083473,0.628482404692082,0.7775745656194532,1.0,-0.004240521139617318,0.516099425869461,-0.22658118617041478,0.01814439317614189,-0.9376111459828166,0.32341176028182306,3,1
frozenset({'CRIME=OTHER OFFENSE'}),frozenset({'DOMESTIC=N'}),0.06777543362097291,0.8082599823611808,0.042493126048385704,0.6269694456847611,0.7757026938945892,1.0,-0.012287044734623241,0.5140061998159658,-0.23674377544797717,0.050978968387749284,-0.9455018253827263,0.33977151606221184,1,1
"frozenset({'DOMESTIC=N', 'CRIME=THEFT'})",frozenset({'LOCATION=STREET'}),0.2081812993930171,0.2777638473377488,0.04470662493298978,0.2147485151804627,0.7731334269694854,1.0,-0.013118613730186392,0.9197514001877143,-0.2703856654047178,0.10132076580901805,-0.08725031546122944,0.18785021830557325,2,1
"frozenset({'CRIME=BATTERY', 'LOCATION=STREET'})",frozenset({'DOMESTIC=N'}),0.028896536220104796,0.8082599823611808,0.018049527037543017,0.6246259724715739,0.7728032886730896,1.0,-0.005306386818018108,0.5107972410912186,-0.23238620629791332,0.022035615888866603,-0.9577239647256024,0.323478655346866,2,1
"frozenset({'ARREST=N', 'TIME=Afternoon', 'LOCATION=APARTMENT'})",frozenset({'DOMESTIC=N'}),0.05217286042851955,0.8082599823611808,0.03256696698773929,0.6242127941663904,0.7722920938667149,1.0,-0.009602268261948266,0.5102356191544145,-0.23726807454387683,0.039338458003467504,-0.9598788529449298,0.33225274089487383,3,1
"frozenset({'LOCATION=STREET', 'ARREST=N'})",frozenset({'TIME=Afternoon'}),0.2337446175661888,0.31149808912791604,0.056180503916855445,0.24034993619028241,0.7715936135055493,1.0,-0.016630497798947888,0.9063408846688977,-0.27866530571647996,0.11487394363707083,-0.10333762595882201,0.21035289514782538,2,1
"frozenset({'ARREST=N', 'TIME=Afternoon'})",frozenset({'LOCATION=STREET'}),0.262424991785844,0.2777638473377488,0.056180503916855445,0.21408214032717746,0.7707343571853067,1.0,-0.016711671439157708,0.9189715487098332,-0.28739392603896746,0.1160734223571971,-0.08817297053855963,0.20817104884029963,2,1
frozenset({'LOCATION=STREET'}),"frozenset({'ARREST=N', 'TIME=Afternoon'})",0.2777638473377488,0.262424991785844,0.056180503916855445,0.20225995735342184,0.7707343571853066,1.0,-0.016711671439157708,0.9245806513199225,-0.29171705413354093,0.1160734223571971,-0.08157141139868063,0.20817104884029963,1,2
"frozenset({'LOCATION=RESIDENCE', 'DOMESTIC=N'})",frozenset({'TIME=Evening'}),0.0670404828194442,0.2789830010202846,0.014405035709962474,0.214870703553234,0.7701928173667145,1.0,-0.004298119376854901,0.9183417333206116,-0.24231911146437912,0.04343858368315387,-0.08891925926541754,0.13325240094678328,2,1
"frozenset({'LOCATION=STREET', 'ARREST=N', 'DOMESTIC=N'})",frozenset({'TIME=Afternoon'}),0.21435920936586716,0.31149808912791604,0.051221747626541234,0.23895286691002962,0.7671086123802966,1.0,-0.015550736477897273,0.9046770967740967,-0.27872384327909894,0.10791805951524314,-0.10536676960852258,0.20169483127880872,3,1
"frozenset({'LOCATION=RESIDENCE', 'ARREST=N', 'TIME=Morning'})",frozenset({'DOMESTIC=N'}),0.024331194770608886,0.8082599823611808,0.015083784391374271,0.6199360341151385,0.7670007765374095,1.0,-0.00458214666474452,0.5044940716555747,-0.23743015578136528,0.01845094555146592,-0.9821838475095387,0.31929903969913925,3,1
"frozenset({'LOCATION=STREET', 'DOMESTIC=N'})","frozenset({'ARREST=N', 'TIME=Afternoon'})",0.2548549985300984,0.262424991785844,0.051221747626541234,0.20098388464800676,0.7658717383595187,1.0,-0.015658573269301132,0.9231040451408538,-0.290909864488135,0.10990417706371808,-0.08330150351297928,0.1980850627009329,2,2
"frozenset({'TIME=Evening', 'CRIME=OTHER OFFENSE'})",frozenset({'DOMESTIC=N'}),0.017288636795960363,0.8082599823611808,0.010674079582202085,0.6174043510877719,0.7638685133020445,1.0,-0.0032996336895497,0.5011557715932274,-0.23929163066752127,0.01309904661859969,-0.9953875754456419,0.3153052981870606,2,1
"frozenset({'CRIME=BATTERY', 'DOMESTIC=N'})",frozenset({'LOCATION=STREET'}),0.08516350493714009,0.2777638473377488,0.018049527037543017,0.21193969237017107,0.7630211577263387,1.0,-0.005605815746564376,0.9164732009336308,-0.25344830770783466,0.05233600340967496,-0.0911393797235735,0.13846062425167022,2,1
"frozenset({'ARREST=N', 'TIME=Afternoon', 'CRIME=OTHER OFFENSE'})",frozenset({'DOMESTIC=N'}),0.018542376398568143,0.8082599823611808,0.011434969823784738,0.6166938680345069,0.7629894854288725,1.0,-0.0035520909970563237,0.5002268465041944,-0.24041177336621747,0.014024315883797012,-0.9990930254712249,0.3154207531307394,3,1
"frozenset({'LOCATION=RESIDENCE', 'DAY=Wednesday'})",frozenset({'DOMESTIC=N'}),0.016471544434260812,0.8082599823611808,0.010137997821087036,0.615485564304462,0.7614945410342298,1.0,-0.0031752923928100134,0.49865492641904524,-0.24153503072315724,0.012445468151277452,-1.0053948071489598,0.3140142777367772,2,1
frozenset({'CRIME=THEFT'}),frozenset({'LOCATION=STREET'}),0.2199794213775572,0.2777638473377488,0.046453213896622686,0.21117072499656075,0.7602527363461608,1.0,-0.014649116520339421,0.9155798035754977,-0.2878947731477184,0.10293427342485177,-0.09220408324301906,0.18920534101934686,1,1
"frozenset({'CRIME=BATTERY', 'LOCATION=APARTMENT'})",frozenset({'TIME=Afternoon'}),0.0599330762446608,0.31149808912791604,0.014188873709512858,0.23674529322657434,0.7600216549943437,1.0,-0.0044801650162566795,0.9020604848709669,-0.25143114314886644,0.0397177882928128,-0.10857311319101036,0.14114786451147182,2,1
"frozenset({'LOCATION=RESIDENCE', 'ARREST=N', 'DOMESTIC=N'})",frozenset({'TIME=Evening'}),0.06330520345167483,0.2789830010202846,0.013410690507894237,0.2118418356894079,0.7593359986618148,1.0,-0.004250385131253687,0.9148125739589266,-0.2528168889344517,0.04077715848143864,-0.09312008652484714,0.12995587778643738,3,1
"frozenset({'CRIME=BATTERY', 'DOMESTIC=Y'})",frozenset({'TIME=Afternoon'}),0.09777439604337074,0.31149808912791604,0.023125010808100022,0.23651397240891406,0.759279047492937,1.0,-0.0073315267250460385,0.9017871787967251,-0.260024677601291,0.05988647432237262,-0.1089090902072067,0.1553760113529609,2,1
"frozenset({'DAY=Wednesday', 'LOCATION=APARTMENT'})","frozenset({'ARREST=N', 'DOMESTIC=N'})",0.027988655818216406,0.6856183097860861,0.014508793470178291,0.5183812171763978,0.7560784328209286,1.0,-0.004680741425091745,0.6527604433755223,-0.24919493546708338,0.020753585188025257,-0.5319555744353163,0.26977141810209965,2,2
"frozenset({'DAY=Friday', 'LOCATION=APARTMENT'})","frozenset({'ARREST=N', 'DOMESTIC=N'})",0.028083767098414234,0.6856183097860861,0.014521763190205268,0.5170874384236454,0.7541914080226029,1.0,-0.004732981740235592,0.6510116224512544,-0.2511276093094339,0.02076969689474791,-0.536070886468508,0.26913398713708864,2,2
"frozenset({'CRIME=BATTERY', 'ARREST=N', 'DOMESTIC=N'})",frozenset({'LOCATION=STREET'}),0.07090545938748335,0.2777638473377488,0.01482438999083473,0.20907261752332174,0.7526991706343212,1.0,-0.004870583205883142,0.9131510283544234,-0.26124352163622966,0.04440501936001865,-0.09510909909622045,0.131221548998863,3,1
"frozenset({'DAY=Tuesday', 'LOCATION=APARTMENT'})","frozenset({'ARREST=N', 'DOMESTIC=N'})",0.026609542255347847,0.6856183097860861,0.013726287028550678,0.5158407798537774,0.7523731097769552,1.0,-0.004517702356742351,0.6493353366666578,-0.25268573547802936,0.019651046921129674,-0.5400363164177512,0.26793054195508736,2,2
"frozenset({'LOCATION=RESIDENCE', 'ARREST=N', 'TIME=Night'})",frozenset({'DOMESTIC=N'}),0.021598907084925727,0.8082599823611808,0.01312103342729175,0.6074859887910329,0.7515972608422056,1.0,-0.0043364988321911,0.4884921612052733,-0.25250177197248713,0.016065171132449,-1.0471157562337665,0.31185983409662416,3,1
"frozenset({'DAY=Thursday', 'LOCATION=APARTMENT'})","frozenset({'ARREST=N', 'DOMESTIC=N'})",0.027526069137254222,0.6856183097860861,0.014132671589395957,0.5134286163028114,0.7488548788363046,1.0,-0.00473970540754323,0.6461162755300163,-0.256430940125092,0.020218075664710213,-0.5477090391813595,0.26702082373571484,2,2
"frozenset({'TIME=Morning', 'LOCATION=APARTMENT'})","frozenset({'ARREST=N', 'DOMESTIC=N'})",0.04618517301606516,0.6856183097860861,0.02370864820931399,0.513338949733221,0.748724096784089,1.0,-0.007956752051138556,0.6459972295740032,-0.2602762431998178,0.03348230639607297,-0.5479942548042204,0.27395945084224566,2,2
"frozenset({'LOCATION=RESIDENCE', 'ARREST=N'})",frozenset({'DOMESTIC=N'}),0.10464834765766856,0.8082599823611808,0.06330520345167483,0.6049326613236388,0.7484382185499779,1.0,-0.02127786818023908,0.48533502739362727,-0.27293914583000656,0.07451150010177081,-1.0604323684821488,0.3416277421093715,2,1
"frozenset({'CRIME=BATTERY', 'LOCATION=STREET'})","frozenset({'ARREST=N', 'DOMESTIC=N'})",0.028896536220104796,0.6856183097860861,0.01482438999083473,0.513016157989228,0.7482532929280867,1.0,-0.004987604331065935,0.6455690376005532,-0.2573102508882937,0.021187069029435752,-0.549021005897051,0.26731904318506855,2,2
"frozenset({'LOCATION=RESIDENCE', 'TIME=Morning'})",frozenset({'DOMESTIC=N'}),0.026518754215159007,0.8082599823611808,0.01602192747332561,0.6041734594065863,0.747498914447807,1.0,-0.0054121203408592986,0.48440414670367266,-0.25760757350072494,0.01956860363809172,-1.0643919066443002,0.31199809969746295,2,1
"frozenset({'ARREST=N', 'CRIME=OTHER OFFENSE'})",frozenset({'DOMESTIC=N'}),0.05609836235668459,0.8082599823611808,0.03382502983035606,0.6029593094944513,0.745996737006598,1.0,-0.011517031538548952,0.4829228394567776,-0.26509737479670104,0.040726879011394566,-1.0707241784730326,0.3224042523819759,2,1
"frozenset({'LOCATION=RESIDENCE', 'DAY=Friday'})",frozenset({'DOMESTIC=N'}),0.017236757915852455,0.8082599823611808,0.010328220381482699,0.599197391522448,0.7413423955148746,1.0,-0.0036035612675481502,0.4783901441339,-0.26200560098026526,0.01267004322346265,-1.0903440680418843,0.305987865463348,2,1
"frozenset({'TIME=Afternoon', 'CRIME=OTHER OFFENSE'})","frozenset({'ARREST=N', 'DOMESTIC=N'})",0.022506787486814117,0.6856183097860861,0.011434969823784738,0.5080676142912025,0.7410356564860707,1.0,-0.003996095771639389,0.6390750016609278,-0.26335669389992905,0.016413279553211296,-0.5647615653891077,0.26237297316594316,2,2
"frozenset({'TIME=Afternoon', 'LOCATION=APARTMENT'})",frozenset({'DOMESTIC=N'}),0.057343455479274386,0.8082599823611808,0.03431787919138119,0.5984620024125453,0.7404325532290368,1.0,-0.012030541122826283,0.4775140056254785,-0.2710770987769957,0.04128290072445302,-1.0941794129999094,0.32046048178202,2,1
"frozenset({'CRIME=BATTERY', 'DOMESTIC=Y', 'LOCATION=APARTMENT'})",frozenset({'TIME=Afternoon'}),0.05011932142424819,0.31149808912791604,0.011391737423694814,0.22729233157940137,0.729674882487206,1.0,-0.004220335428346319,0.8910250784483221,-0.2805863890262015,0.03252684853721763,-0.1223028668749173,0.1319315707749891,3,1
"frozenset({'CRIME=BURGLARY', 'ARREST=N'})",frozenset({'TIME=Afternoon'}),0.05448579383333045,0.31149808912791604,0.012368789665727083,0.22700944219630248,0.7287667248035076,1.0,-0.004603430997972946,0.8906989922727238,-0.2824485835507172,0.034978115754211794,-0.12271374356041637,0.13335843785826892,2,1
"frozenset({'CRIME=BURGLARY', 'ARREST=N', 'DOMESTIC=N'})",frozenset({'TIME=Afternoon'}),0.05332284227091151,0.31149808912791604,0.012092102305151573,0.22677152586346686,0.7280029437687613,1.0,-0.004517861169106631,0.8904249311834208,-0.2829821947234599,0.03428158207601515,-0.12305930009276393,0.1327953560034039,3,1
frozenset({'CRIME=OTHER OFFENSE'}),"frozenset({'ARREST=N', 'DOMESTIC=N'})",0.06777543362097291,0.6856183097860861,0.03382502983035606,0.49907507813995017,0.727919705492787,1.0,-0.012643048413874453,0.6276024140434902,-0.2861999922104228,0.04700736592927266,-0.5933654454214772,0.2742050759104874,1,2
frozenset({'CRIME=BURGLARY'}),frozenset({'TIME=Afternoon'}),0.056310201117125216,0.31149808912791604,0.012731941826482438,0.22610364683301343,0.7258588566819889,1.0,-0.0048085782199107086,0.8896564870147713,-0.2858236887485975,0.03585691326157892,-0.12402934682743089,0.1334884525177114,1,1
"frozenset({'CRIME=BURGLARY', 'DOMESTIC=N'})",frozenset({'TIME=Afternoon'}),0.055004582634409535,0.31149808912791604,0.012424991785843983,0.2258901202546569,0.7251733738947451,1.0,-0.004708830598053142,0.8894110886410321,-0.28624429824707026,0.0350911466282463,-0.12433947897809705,0.132888989511662,2,1
"frozenset({'ARREST=N', 'CRIME=CRIMINAL DAMAGE'})",frozenset({'TIME=Afternoon'}),0.10640358310131945,0.31149808912791604,0.024032891209988413,0.2258654314968308,0.7250941157590204,1.0,-0.009111621602436015,0.889382723475764,-0.2978887818466765,0.06101750727182921,-0.1243753376408491,0.15150902174963674,2,1
"frozenset({'DAY=Monday', 'LOCATION=APARTMENT'})","frozenset({'ARREST=N', 'DOMESTIC=N'})",0.028779808739862002,0.6856183097860861,0.014296954709737665,0.4967703169595914,0.7245581249348263,1.0,-0.005435009114453347,0.6247280333594104,-0.28130788838829246,0.020421269737370247,-0.6006965376959368,0.25881148060806436,2,2
"frozenset({'CRIME=CRIMINAL DAMAGE', 'DOMESTIC=N'})",frozenset({'TIME=Afternoon'}),0.09622667612015148,0.31149808912791604,0.02171563456516852,0.22567166861353222,0.7244720802151072,1.0,-0.008258791169389535,0.8891601701300172,-0.29617535210641793,0.0562567899022254,-0.12465676443173943,0.14769260441724189,2,1
frozenset({'CRIME=CRIMINAL DAMAGE'}),frozenset({'TIME=Afternoon'}),0.11144015771179552,0.31149808912791604,0.025143963892299444,0.22562749738138652,0.7243302776368976,1.0,-0.009569432287038455,0.8891094512574376,-0.2998755183843566,0.06320845967417647,-0.12472092000116951,0.1531734888783355,1,1
"frozenset({'ARREST=N', 'DOMESTIC=N', 'CRIME=CRIMINAL DAMAGE'})",frozenset({'TIME=Afternoon'}),0.09253895239248103,0.31149808912791604,0.020876926003424005,0.2256014949778089,0.7242468023139819,1.0,-0.007948780836733029,0.889079597141467,-0.29556207547525376,0.05448616689985105,-0.12475868664083602,0.14631126766877453,3,1
"frozenset({'ARREST=N', 'DAY=Wednesday', 'LOCATION=APARTMENT'})",frozenset({'DOMESTIC=N'}),0.02483701385166099,0.8082599823611808,0.014508793470178291,0.5841601392515231,0.7227379209657371,1.0,-0.005565970907469624,0.4610910009774033,-0.28233008812592914,0.01772416634098423,-1.1687692838945845,0.3010553955028349,3,1
"frozenset({'ARREST=N', 'DAY=Friday', 'LOCATION=APARTMENT'})",frozenset({'DOMESTIC=N'}),0.024884569491759906,0.8082599823611808,0.014521763190205268,0.5835649756775538,0.722001569312856,1.0,-0.00559143850827017,0.4604320156566722,-0.2830845249184434,0.017739260855329172,-1.17187329724192,0.3007658369511397,3,1
"frozenset({'ARREST=N', 'DAY=Tuesday', 'LOCATION=APARTMENT'})",frozenset({'DOMESTIC=N'}),0.023669739049233057,0.8082599823611808,0.013726287028550678,0.5799086757990868,0.7174779012379058,1.0,-0.005405015837876186,0.4564246072054501,-0.2874029231277538,0.016776129812899918,-1.1909423466948852,0.2984455952474897,3,1
frozenset({'LOCATION=APARTMENT'}),"frozenset({'ARREST=N', 'DOMESTIC=N'})",0.19613675272796444,0.6856183097860861,0.09643419164058312,0.4916681361311938,0.7171164029802457,1.0,-0.03804075725169537,0.6184575718335291,-0.3291843206252124,0.1227959108400174,-0.6169257933657754,0.3161605093698488,1,2
frozenset({'LOCATION=RESIDENCE'}),frozenset({'DOMESTIC=N'}),0.11572448856070694,0.8082599823611808,0.0670404828194442,0.5793111177525403,0.7167385870820808,1.0,-0.02649499026338946,0.45577628915335333,-0.30888132968734566,0.0782320475436136,-1.1940588481634107,0.33112766208716893,1,1
frozenset({'CRIME=MOTOR VEHICLE THEFT'}),frozenset({'TIME=Afternoon'}),0.07860514984349871,0.31149808912791604,0.017491829076383004,0.22252777472225277,0.7143792610261317,1.0,-0.006993524895480354,0.8855646394649286,-0.3026136735662318,0.046943890100710074,-0.12922304644437357,0.13934083179014986,1,1
"frozenset({'ARREST=N', 'DAY=Thursday', 'LOCATION=APARTMENT'})",frozenset({'DOMESTIC=N'}),0.024512770850986562,0.8082599823611808,0.014132671589395957,0.5765432098765433,0.7133140603995757,1.0,-0.005680020146246108,0.45279712620245943,-0.29178794047448137,0.017263595939965567,-1.2084945820810475,0.29701425699195244,3,1
"frozenset({'DOMESTIC=N', 'CRIME=MOTOR VEHICLE THEFT'})",frozenset({'TIME=Afternoon'}),0.07725197572068411,0.31149808912791604,0.017115707195600672,0.2215568862275449,0.7112624249086903,1.0,-0.006948135622748593,0.8844601470433694,-0.3055250871672425,0.046055233707917455,-0.13063319284974534,0.13825165690381297,2,1
"frozenset({'ARREST=N', 'CRIME=MOTOR VEHICLE THEFT'})",frozenset({'TIME=Afternoon'}),0.07579504383765369,0.31149808912791604,0.016752555034845313,0.2210244125028519,0.7095530284684626,1.0,-0.006857456285950438,0.883855568676091,-0.3069552076622663,0.0452111213524834,-0.13140657301948017,0.13740250770037948,2,1
"frozenset({'ARREST=N', 'TIME=Morning', 'LOCATION=APARTMENT'})",frozenset({'DOMESTIC=N'}),0.04141663928614661,0.8082599823611808,0.02370864820931399,0.5724425887265135,0.7082406666407377,1.0,-0.009766763929566262,0.44845443578610544,-0.30057611703585446,0.02870407687919059,-1.2298809426359636,0.3008877684722765,3,1
"frozenset({'LOCATION=RESIDENCE', 'TIME=Night'})",frozenset({'DOMESTIC=N'}),0.024024244729970428,0.8082599823611808,0.01374790322859564,0.5722512146841822,0.70800389376257,1.0,-0.0056699323930909495,0.4482537980727465,-0.29704868418698316,0.016795715508043985,-1.2308790339300402,0.2946302367488531,2,1
"frozenset({'ARREST=N', 'DOMESTIC=N', 'CRIME=MOTOR VEHICLE THEFT'})",frozenset({'TIME=Afternoon'}),0.07457589015511785,0.31149808912791604,0.01641534231414391,0.2201159420289855,0.7066365724593429,1.0,-0.0068149049641886665,0.8828259839844979,-0.30968312476975207,0.04440675983860593,-0.1327260616941241,0.1364069967181512,3,1
"frozenset({'CRIME=BATTERY', 'ARREST=N', 'TIME=Afternoon'})",frozenset({'DOMESTIC=N'}),0.04306379372957269,0.8082599823611808,0.024331194770608886,0.5650035137034435,0.6990368520446739,1.0,-0.010475546389661066,0.4407852101777702,-0.31030429358946393,0.029421297506403887,-1.2686786600591624,0.2975533462546326,3,1
"frozenset({'DAY=Monday', 'ARREST=N', 'LOCATION=APARTMENT'})",frozenset({'DOMESTIC=N'}),0.025641136493333563,0.8082599823611808,0.014296954709737665,0.5575788231326926,0.6898508342623002,1.0,-0.00642774982008475,0.43338797432005965,-0.31573404616838086,0.01744373117559249,-1.3074013568763536,0.28763369126702615,3,1
"frozenset({'ARREST=N', 'LOCATION=APARTMENT'})",frozenset({'DOMESTIC=N'}),0.17362131876113235,0.8082599823611808,0.09643419164058312,0.5554282868525896,0.6871901355675305,1.0,-0.043896972398814654,0.4312915373795776,-0.35518760180442993,0.10891016595788312,-1.3186172538319592,0.3373695722147328,2,1
"frozenset({'DAY=Friday', 'LOCATION=APARTMENT'})",frozenset({'DOMESTIC=N'}),0.028083767098414234,0.8082599823611808,0.015593926712435367,0.5552647783251231,0.6869878386197231,1.0,-0.007105058387164432,0.43113297147170976,-0.3191699735760699,0.018999610210381043,-1.3194700154488612,0.2872789923921812,2,1
"frozenset({'DAY=Wednesday', 'LOCATION=APARTMENT'})",frozenset({'DOMESTIC=N'}),0.027988655818216406,0.8082599823611808,0.01552475487229149,0.5546802594995366,0.6862646569228155,1.0,-0.007097355585653262,0.4305670739485659,-0.3198794680348658,0.018915929203539822,-1.3225185122247798,0.2869439423911778,2,1
"frozenset({'CRIME=BATTERY', 'TIME=Afternoon'})","frozenset({'ARREST=N', 'DOMESTIC=N'})",0.05177944558770125,0.6856183097860861,0.024331194770608886,0.46990064289888955,0.6853676983123441,1.0,-0.011169741194891458,0.5930618213406911,-0.32620878584961954,0.034121912476203185,-0.6861648550219839,0.2526943011706108,2,2
"frozenset({'CRIME=OTHER OFFENSE', 'LOCATION=APARTMENT'})","frozenset({'ARREST=N', 'DOMESTIC=N'})",0.022394383246580316,0.6856183097860861,0.010514119701869369,0.46949806949806955,0.6847805299198524,1.0,-0.00483987948835287,0.5926117741295758,-0.32012872007364723,0.015074037573526222,-0.6874453793443326,0.24241665356244554,2,2
"frozenset({'CRIME=BATTERY', 'TIME=Afternoon'})",frozenset({'DOMESTIC=N'}),0.05177944558770125,0.8082599823611808,0.028654434779601223,0.5533940051765884,0.6846732700534686,1.0,-0.013196818997785909,0.4293270127612895,-0.32691657720396433,0.034465903299949044,-1.3292268370637348,0.2944230037543377,2,1
"frozenset({'LOCATION=STREET', 'CRIME=MOTOR VEHICLE THEFT'})",frozenset({'TIME=Afternoon'}),0.05928026700330295,0.31149808912791604,0.012597921386203676,0.21251458576429405,0.6822339949476396,1.0,-0.005867768508317847,0.8743043343098736,-0.33115907599341426,0.035171997585998795,-0.14376649040559022,0.1264787995717601,2,1
"frozenset({'TIME=Morning', 'LOCATION=APARTMENT'})",frozenset({'DOMESTIC=N'}),0.04618517301606516,0.8082599823611808,0.025416328012865964,0.5503135823270617,0.6808620918227614,1.0,-0.011913299114446944,0.42638605504485966,-0.32949925390766416,0.03065795443286174,-1.3452924601269876,0.290879657918988,2,1
"frozenset({'LOCATION=STREET', 'DOMESTIC=N', 'CRIME=MOTOR VEHICLE THEFT'})",frozenset({'TIME=Afternoon'}),0.058579902121846196,0.31149808912791604,0.012416345305825999,0.21195571955719558,0.6804398709173346,1.0,-0.005831182266429445,0.8736842940922213,-0.3328266322732611,0.03471533905475644,-0.14457820377671302,0.12590791029766735,3,1
"frozenset({'LOCATION=STREET', 'ARREST=N', 'CRIME=MOTOR VEHICLE THEFT'})",frozenset({'TIME=Afternoon'}),0.05727428363913051,0.31149808912791604,0.012113718505196535,0.21150362318840582,0.6789885093052763,1.0,-0.005727111404562885,0.8731833539377147,-0.33400028776225615,0.033964459744478655,-0.1452348415603571,0.12519610182903332,3,1
"frozenset({'LOCATION=APARTMENT', 'DAY=Saturday'})","frozenset({'ARREST=N', 'DOMESTIC=N'})",0.02881007141992495,0.6856183097860861,0.013406367267885244,0.4653361344537815,0.6787101916793429,1.0,-0.006346345203860123,0.5879987604786759,-0.3276975034199726,0.019124031772657753,-0.7006838572005212,0.24244491177474717,2,2
"frozenset({'LOCATION=STREET', 'ARREST=N', 'DOMESTIC=N', 'CRIME=MOTOR VEHICLE THEFT'})",frozenset({'TIME=Afternoon'}),0.056634444117799644,0.31149808912791604,0.011953758624863819,0.21106870229007635,0.6775922859783625,1.0,-0.005687762496652517,0.8727019866883697,-0.3352738697113027,0.03356112007962421,-0.14586653319615603,0.12472188237248502,4,1
"frozenset({'DAY=Thursday', 'LOCATION=APARTMENT'})",frozenset({'DOMESTIC=N'}),0.027526069137254222,0.8082599823611808,0.015070814671347294,0.5475106015391864,0.677394172033281,1.0,-0.007177405484002445,0.4237447734489281,-0.32873542837382397,0.018363025316322338,-1.3599111131468036,0.28307830017587376,2,1
"frozenset({'DAY=Tuesday', 'LOCATION=APARTMENT'})",frozenset({'DOMESTIC=N'}),0.026609542255347847,0.8082599823611808,0.014534732910232244,0.5462225832656377,0.6758006027589666,1.0,-0.0069726952437143015,0.42254200091905914,-0.3301361513657337,0.01771805006587615,-1.3666286376855517,0.28210266398047096,2,1
"frozenset({'LOCATION=RESIDENCE', 'TIME=Evening'})","frozenset({'ARREST=N', 'DOMESTIC=N'})",0.029000293980320613,0.6856183097860861,0.013410690507894237,0.462432915921288,0.6744757386446808,1.0,-0.006472442034192789,0.5848231774694771,-0.332018542283784,0.019125127161749748,-0.7099185506412177,0.2409964553122888,2,2
"frozenset({'LOCATION=APARTMENT', 'CRIME=ASSAULT'})","frozenset({'ARREST=N', 'DOMESTIC=N'})",0.02379943624950283,0.6856183097860861,0.01075622114237294,0.45195277020890096,0.6591900533547753,1.0,-0.005561108112872897,0.5736397761443806,-0.34624191150934036,0.015395467990049873,-0.7432542888174966,0.23382056093001216,2,2
"frozenset({'ARREST=N', 'LOCATION=APARTMENT', 'DAY=Saturday'})",frozenset({'DOMESTIC=N'}),0.02532121673266813,0.8082599823611808,0.013406367267885244,0.5294519378521427,0.6550515297138028,1.0,-0.007059758921824737,0.40748232340731644,-0.3507665301066954,0.016345743306995304,-1.4540941841062567,0.2730193198035459,3,1
"frozenset({'LOCATION=RESIDENCE', 'ARREST=N', 'TIME=Evening'})",frozenset({'DOMESTIC=N'}),0.025329863212686116,0.8082599823611808,0.013410690507894237,0.5294418842805939,0.6550390911769851,1.0,-0.007062424285602567,0.40747361746312716,-0.35078108634970157,0.016350928239349756,-1.4541466174567519,0.2730169674295346,3,1
"frozenset({'DAY=Monday', 'LOCATION=APARTMENT'})",frozenset({'DOMESTIC=N'}),0.028779808739862002,0.8082599823611808,0.015114047071437217,0.5251614841520205,0.6497432702505685,1.0,-0.0081475206330018,0.40380047371769046,-0.35693115934048364,0.018388579724171305,-1.4764705964637657,0.27193048559992217,2,1
frozenset({'LOCATION=APARTMENT'}),frozenset({'DOMESTIC=N'}),0.19613675272796444,0.8082599823611808,0.10277638473377489,0.5240037030506084,0.648310833749098,1.0,-0.055753103566508935,0.40281829683898823,-0.40292400881685636,0.11399075530323374,-1.4825088826581112,0.32558064237025786,1,1
"frozenset({'TIME=Night', 'LOCATION=APARTMENT'})","frozenset({'ARREST=N', 'DOMESTIC=N'})",0.04186193300707282,0.6856183097860861,0.018326214398118525,0.4377775482804916,0.6385149609220309,1.0,-0.010375093354569109,0.559176691098701,-0.3714127039995857,0.025842360988337712,-0.788343498430067,0.2322535093993117,2,2
"frozenset({'ARREST=N', 'LOCATION=APARTMENT', 'CRIME=ASSAULT'})",frozenset({'DOMESTIC=N'}),0.020859633043388035,0.8082599823611808,0.01075622114237294,0.5156476683937824,0.637972533153768,1.0,-0.006103785493336577,0.39586888536897846,-0.3669102619907463,0.013143575601973649,-1.5260889071085433,0.26447777066356537,3,1
"frozenset({'ARREST=N', 'TIME=Night', 'LOCATION=APARTMENT'})",frozenset({'DOMESTIC=N'}),0.035917477994708354,0.8082599823611808,0.018326214398118525,0.5102311025517573,0.6312710188387805,1.0,-0.010704445732342548,0.39149080033013267,-0.37728337728608086,0.022190696554395734,-1.5543384395156399,0.26645238273979815,3,1
"frozenset({'TIME=Evening', 'LOCATION=APARTMENT'})","frozenset({'ARREST=N', 'DOMESTIC=N'})",0.05074619122555208,0.6856183097860861,0.021832362045411315,0.43022661441472143,0.6275016408895976,1.0,-0.01296015581073321,0.5517661901511546,-0.38475007830557445,0.030554765635871898,-0.8123618624150443,0.23103496633882634,2,2
"frozenset({'ARREST=N', 'CRIME=OTHER OFFENSE', 'LOCATION=APARTMENT'})",frozenset({'DOMESTIC=N'}),0.021002299963684783,0.8082599823611808,0.010514119701869369,0.500617538081515,0.6193768700747181,1.0,-0.006461198896322724,0.38395424801705835,-0.3856396613003167,0.01284170173669231,-1.6044769791310445,0.25681293844869624,3,1
"frozenset({'LOCATION=RESIDENCE', 'TIME=Evening'})",frozenset({'DOMESTIC=N'}),0.029000293980320613,0.8082599823611808,0.014405035709962474,0.4967203339296362,0.614555149048157,1.0,-0.009034741391040522,0.3809810540050945,-0.39243900884631017,0.017506160255972427,-1.6248024396158762,0.2572713069595763,2,1
"frozenset({'CRIME=BATTERY', 'ARREST=N', 'DAY=Friday'})",frozenset({'DOMESTIC=N'}),0.02085098656337005,0.8082599823611808,0.010345513341518668,0.49616421314534526,0.6138671021369808,1.0,-0.006507504690404026,0.380560537066677,-0.391139378133203,0.012635502964828632,-1.6277028293787401,0.2544819739218492,3,1
"frozenset({'DAY=Saturday', 'LOCATION=APARTMENT'})",frozenset({'DOMESTIC=N'}),0.02881007141992495,0.8082599823611808,0.014271015269683713,0.4953481392557023,0.6128574345702915,1.0,-0.009015012548009184,0.37994513159235543,-0.3941009964555582,0.017344472467423287,-1.631958977363352,0.25650230285795217,2,1
"frozenset({'ARREST=N', 'TIME=Evening', 'LOCATION=APARTMENT'})",frozenset({'DOMESTIC=N'}),0.04411434105175783,0.8082599823611808,0.021832362045411315,0.4949039592316739,0.6123078836414791,1.0,-0.013823494474957579,0.3796110089224896,-0.3984550072181937,0.026286886227233214,-1.6342755518035668,0.26095775901965707,3,1
"frozenset({'DAY=Sunday', 'LOCATION=APARTMENT'})","frozenset({'ARREST=N', 'DOMESTIC=N'})",0.028338838258944784,0.6856183097860861,0.011841354384630017,0.41784897025171625,0.6094483829961976,1.0,-0.007588272003768975,0.5400345857841211,-0.3974154019186141,0.016865244296665742,-0.8517332525064427,0.21756001470231046,2,2
"frozenset({'CRIME=ASSAULT', 'LOCATION=APARTMENT'})",frozenset({'DOMESTIC=N'}),0.02379943624950283,0.8082599823611808,0.011672748024279317,0.4904632152588556,0.6068136811945815,1.0,-0.007563383898949885,0.37630260146228156,-0.3989478532967791,0.014228349195307806,-1.6574357873532648,0.2524525193898861,2,1
"frozenset({'CRIME=BATTERY', 'DAY=Tuesday'})",frozenset({'DOMESTIC=N'}),0.023488162968855378,0.8082599823611808,0.01143929306379373,0.48702374378796254,0.602558278791947,1.0,-0.007545249123109856,0.3737795177006476,-0.40314746201742685,0.013945104983556793,-1.6753739909335523,0.2505883654192304,2,1
"frozenset({'CRIME=BATTERY', 'DAY=Thursday'})",frozenset({'DOMESTIC=N'}),0.02431822505058191,0.8082599823611808,0.011793798744531101,0.48497777777777773,0.6000269571196704,1.0,-0.007861649405907459,0.3722946493677452,-0.40589570685276366,0.014368936129868214,-1.6860445125877164,0.24978468417871486,2,1
"frozenset({'CRIME=OTHER OFFENSE', 'LOCATION=APARTMENT'})",frozenset({'DOMESTIC=N'}),0.022394383246580316,0.8082599823611808,0.010859978902588757,0.484942084942085,0.5999827970270372,1.0,-0.0072405049052817715,0.3722688498384871,-0.40546513169896825,0.013247198417930124,-1.6862306648376861,0.24918916482003184,2,1
"frozenset({'CRIME=BATTERY', 'DAY=Friday'})",frozenset({'DOMESTIC=N'}),0.025684368893423487,0.8082599823611808,0.012412022065817006,0.4832519777815183,0.5978917530591924,1.0,-0.008347625482939523,0.3710512849486075,-0.40837951567915315,0.015108379335568103,-1.6950452418956188,0.24930422506271313,2,1
"frozenset({'CRIME=BATTERY', 'ARREST=N'})",frozenset({'DOMESTIC=N'}),0.14763432306707938,0.8082599823611808,0.07090545938748335,0.480277606957744,0.5942117851173363,1.0,-0.04842145597061909,0.36892775875298833,-0.44480960675565884,0.08012017293177988,-1.7105577617149144,0.2840018308060114,2,1
"frozenset({'ARREST=N', 'DAY=Sunday', 'LOCATION=APARTMENT'})",frozenset({'DOMESTIC=N'}),0.024754872291490135,0.8082599823611808,0.011841354384630017,0.47834439399231576,0.5918199644066527,1.0,-0.008167018257043083,0.3675605426849276,-0.4142489600062178,0.014420039590616182,-1.7206402316616412,0.24649741081537835,3,1
"frozenset({'CRIME=BATTERY', 'DAY=Wednesday'})",frozenset({'DOMESTIC=N'}),0.024279315890500978,0.8082599823611808,0.011599252944126446,0.47774216524216523,0.5910748715364215,1.0,-0.008024746489271409,0.36713669930433296,-0.41487901300327357,0.014129232713676337,-1.7237810926961121,0.24604652938156765,2,1
"frozenset({'CRIME=BATTERY', 'DAY=Friday'})","frozenset({'ARREST=N', 'DOMESTIC=N'})",0.025684368893423487,0.6856183097860861,0.010345513341518668,0.40279414240026934,0.5874903523593786,1.0,-0.007264160247112669,0.5264209756372218,-0.41882949953698234,0.014759123457323128,-0.8996203538233266,0.2089417306657975,2,2
"frozenset({'DAY=Monday', 'CRIME=BATTERY'})",frozenset({'DOMESTIC=N'}),0.025221782212461307,0.8082599823611808,0.011862970584674979,0.4703462461432979,0.5819244505576895,1.0,-0.00852278666148654,0.36201011744494216,-0.42430311919943786,0.014438533625892543,-1.7623537349120892,0.24251170894968507,2,1
"frozenset({'TIME=Night', 'LOCATION=APARTMENT'})",frozenset({'DOMESTIC=N'}),0.04186193300707282,0.8082599823611808,0.019541044840645373,0.4667974801197976,0.5775338261287363,1.0,-0.014294280393256233,0.3596007342236464,-0.43293305891047235,0.02352696231521965,-1.7808619527958756,0.2454870812292586,2,1
frozenset({'CRIME=BATTERY'}),frozenset({'DOMESTIC=N'}),0.18293790098051083,0.8082599823611808,0.08516350493714009,0.46553231714522036,0.5759685340170554,1.0,-0.06269787968255902,0.35874950682643414,-0.47397225116749786,0.09399588687474053,-1.787460277914216,0.2854493958945612,1,1
"frozenset({'TIME=Evening', 'LOCATION=APARTMENT'})",frozenset({'DOMESTIC=N'}),0.05074619122555208,0.8082599823611808,0.023501132688882355,0.46311126256602486,0.572973143137845,1.0,-0.01751498293597948,0.35713175611622655,-0.43981500806175566,0.02812805613192658,-1.800087034754074,0.24609373362740178,2,1
"frozenset({'CRIME=BATTERY', 'ARREST=N', 'TIME=Evening'})",frozenset({'DOMESTIC=N'}),0.044291593892126516,0.8082599823611808,0.020379753402389886,0.46012689116642264,0.5692808022268376,1.0,-0.015419369495608876,0.3551575629560121,-0.441860422941222,0.024489838327584054,-1.8156517115302278,0.24267062263461886,3,1
"frozenset({'CRIME=BATTERY', 'ARREST=N', 'TIME=Morning'})",frozenset({'DOMESTIC=N'}),0.02943694122122884,0.8082599823611808,0.01345392290798416,0.4570421500954619,0.565464281381714,1.0,-0.010338778684253376,0.35313978363611576,-0.4418912363443058,0.0163227627010186,-1.8317398558255489,0.2368438444545999,3,1
frozenset({'CRIME=BATTERY'}),"frozenset({'ARREST=N', 'DOMESTIC=N'})",0.18293790098051083,0.6856183097860861,0.07090545938748335,0.38759305210918116,0.56531899247281,1.0,-0.054520115078588866,0.5133542186232063,-0.4848202823215007,0.0888928635306743,-0.9479726935564229,0.24550566098828713,1,2
"frozenset({'CRIME=BATTERY', 'ARREST=N', 'DAY=Saturday'})",frozenset({'DOMESTIC=N'}),0.022913172047659396,0.8082599823611808,0.010319573901464714,0.4503773584905661,0.5572184301081845,1.0,-0.008200226133615169,0.34885756727969175,-0.4485079588354777,0.012571759625006583,-1.8664993790954918,0.2315725001238808,3,1
"frozenset({'CRIME=BATTERY', 'TIME=Evening'})",frozenset({'DOMESTIC=N'}),0.05559254327563249,0.8082599823611808,0.02489321597177789,0.44777976514503465,0.5540046209351224,1.0,-0.020040012075598003,0.34721657327384536,-0.46016787114626634,0.02967154149790269,-1.8800468553997056,0.2392891455046354,2,1
"frozenset({'CRIME=BATTERY', 'TIME=Morning'})","frozenset({'ARREST=N', 'DOMESTIC=N'})",0.03547650751379114,0.6856183097860861,0.01345392290798416,0.37923470631245426,0.5531280318793937,1.0,-0.010869420210734702,0.5064421181577106,-0.45581647801461833,0.019012359255389993,-0.9745593112154846,0.19942887854575603,2,2
"frozenset({'DAY=Sunday', 'LOCATION=APARTMENT'})",frozenset({'DOMESTIC=N'}),0.028338838258944784,0.8082599823611808,0.012667093226347554,0.4469870327993898,0.5530238321258966,1.0,-0.01023805568496351,0.34671884568895445,-0.45409273322522636,0.015373959765350347,-1.8841812680038503,0.2313295428656737,2,1
"frozenset({'CRIME=BATTERY', 'TIME=Morning'})",frozenset({'DOMESTIC=N'}),0.03547650751379114,0.8082599823611808,0.015836028152938938,0.4463806970509383,0.5522736579719317,1.0,-0.012838213184394185,0.3463391117640657,-0.45667383398551814,0.01912793733681462,-1.8873435486582395,0.2329867188138242,2,1
"frozenset({'CRIME=BATTERY', 'DAY=Saturday'})",frozenset({'DOMESTIC=N'}),0.02875819253981704,0.8082599823611808,0.0127535580265274,0.44347564642212867,0.5486794547548888,1.0,-0.010490538168444561,0.344531225643821,-0.45855611567706805,0.015472650124043448,-1.9024945362537549,0.2296273379123058,2,1
"frozenset({'CRIME=BATTERY', 'ARREST=N', 'DAY=Sunday'})",frozenset({'DOMESTIC=N'}),0.024698670171373234,0.8082599823611808,0.010838362702543795,0.4388237353404516,0.5429239909397838,1.0,-0.009124584014514957,0.34167520922351036,-0.463288476150018,0.01318342684959745,-1.92675609176503,0.22611661796039947,3,1
"frozenset({'CRIME=BATTERY', 'TIME=Evening'})","frozenset({'ARREST=N', 'DOMESTIC=N'})",0.05559254327563249,0.6856183097860861,0.020379753402389886,0.36659149233999533,0.5346874304660452,1.0,-0.01773551215495911,0.4963332295224947,-0.479567539170238,0.02827257787853707,-1.014775438191124,0.19815806322855783,2,2
"frozenset({'CRIME=BATTERY', 'DAY=Sunday'})",frozenset({'DOMESTIC=N'}),0.031187853424870734,0.8082599823611808,0.013302609507669427,0.4265317438314389,0.5277160234822043,1.0,-0.011905284351399686,0.33435158019009953,-0.48018705350140073,0.0161020230881137,-1.9908636873540069,0.22149503691087877,2,1
"frozenset({'CRIME=BATTERY', 'DAY=Saturday'})","frozenset({'ARREST=N', 'DOMESTIC=N'})",0.02875819253981704,0.6856183097860861,0.010319573901464714,0.35883944678292246,0.5233807814947079,1.0,-0.009397569460187476,0.490332239930353,-0.4839026724596087,0.014657300404042888,-1.039433507660113,0.18694546603439358,2,2
"frozenset({'CRIME=BATTERY', 'ARREST=N', 'TIME=Night'})",frozenset({'DOMESTIC=N'}),0.030841994224151348,0.8082599823611808,0.012740588306500423,0.41309223437061954,0.5110883173553238,1.0,-0.012187761401095787,0.32669531546103087,-0.49674181540242784,0.01541769555936885,-2.060956042754408,0.21442760865126184,3,1
"frozenset({'CRIME=BATTERY', 'DAY=Sunday'})","frozenset({'ARREST=N', 'DOMESTIC=N'})",0.031187853424870734,0.6856183097860861,0.010838362702543795,0.3475187136124203,0.5068690678941271,1.0,-0.010544600648472274,0.4818248381566125,-0.5010516356257498,0.015352488732118362,-1.0754430257805838,0.1816634359037516,2,2
"frozenset({'CRIME=BATTERY', 'ARREST=Y'})",frozenset({'DOMESTIC=N'}),0.035303577913431444,0.8082599823611808,0.014258045549656735,0.4038697036492775,0.4996779655841026,1.0,-0.014276423711939936,0.3216411224401392,-0.5093064134526102,0.017192753812068293,-2.1090551867667684,0.2107550618194504,2,1
"frozenset({'CRIME=BATTERY', 'TIME=Night'})",frozenset({'DOMESTIC=N'}),0.04008940460338596,0.8082599823611808,0.015779826032822037,0.39361587404292026,0.48699166435661567,1.0,-0.01662283542478094,0.3162022378738699,-0.5232233324798299,0.018953162322151832,-2.162532962207847,0.20656953995689448,2,1
"frozenset({'CRIME=BATTERY', 'TIME=Night'})","frozenset({'ARREST=N', 'DOMESTIC=N'})",0.04008940460338596,0.6856183097860861,0.012740588306500423,0.31780437830259894,0.4635295962293574,1.0,-0.014745441518003596,0.4608380356233993,-0.5466281907427457,0.0178698117211897,-1.1699597747986419,0.1681935019157409,2,2
