CLUSTER,RECORD_COUNT,CENTER_LATITUDE,CENTER_LONGITUDE,TOP_CRIME_TYPE,TOP_CRIME_COUNT,CLUSTER_PERCENTAGE
9,18179,41.88933250346757,-87.62895701250069,THEFT,7094,7.874401157401391
11,13068,41.893515697914296,-87.74335722927908,BATTERY,2889,5.660524469163397
29,13047,41.89643054145995,-87.66932972506201,THEFT,4032,5.651428125893391
1,10340,41.870960297574086,-87.70662144451711,BATTERY,2234,4.478866162469354
13,8997,41.94855464373925,-87.65118645771469,THEFT,3286,3.897133352392338
15,8946,41.7615308519165,-87.57203110428013,BATTERY,2001,3.875042233022325
2,7369,41.75680898926204,-87.61702439272669,BATTERY,1787,3.1919501693652483
20,4220,41.802328252787206,-87.60118399338981,THEFT,1020,1.8279318380677634
17,3641,41.75019783640813,-87.65619776331282,BATTERY,789,1.5771326593376127
31,3047,41.86093401218214,-87.65623960205973,THEFT,686,1.3198360925574586
16,2842,41.77870596602182,-87.61087275579733,BATTERY,603,1.231038455874072
61,2694,42.01203557302301,-87.67034015992836,THEFT,641,1.1669308937807001
30,2547,41.849339981444054,-87.71614825824184,BATTERY,576,1.103256490890662
51,2535,41.779573800824856,-87.69566744274636,BATTERY,577,1.0980585804506588
65,1896,41.93518993252848,-87.71595453551055,THEFT,578,0.8212698495204929
40,1558,41.82081404332221,-87.61019266324261,THEFT,310,0.6748620387937382
5,1556,41.96569877339396,-87.71611753573585,BATTERY,321,0.6739957203870711
42,1455,41.87981033859244,-87.73433890426048,BATTERY,313,0.6302466408503782
4,1374,41.771462129448324,-87.6572406582147,BATTERY,306,0.5951607453803571
147,1130,41.914033364127434,-87.7115794933292,THEFT,243,0.48946989976696037
161,1104,41.81201171379348,-87.62146290381703,BATTERY,211,0.4782077604802869
194,998,41.99675358629058,-87.6893690086974,BATTERY,209,0.432292884926926
24,974,41.79241313075667,-87.6627099356694,BATTERY,233,0.42189706404691985
55,888,41.829405952363736,-87.62020375693807,BATTERY,182,0.3846453725602308
57,877,41.79225524392474,-87.6212953240513,BATTERY,212,0.37988062132356126
84,860,41.854244978009305,-87.62469387282093,THEFT,161,0.3725169148668902
28,851,41.76564342583549,-87.66200473355464,THEFT,159,0.3686184820368878
292,817,41.691175963208075,-87.62147234862668,BATTERY,150,0.3538910691235457
214,808,41.656088178335395,-87.60201454670792,BATTERY,241,0.3499926362935433
46,790,41.80891472218734,-87.66731774468987,BATTERY,178,0.3421957706335387
27,781,41.68221885753265,-87.64528378554546,BATTERY,150,0.3382973378035363
248,762,41.7231677251601,-87.6287976755525,BATTERY,162,0.33006731294019803
104,737,41.909228495936226,-87.65103404485075,THEFT,441,0.3192383328568582
10,722,41.98434568945845,-87.6572877449169,THEFT,191,0.3127409448068543
157,668,41.779119157772456,-87.65254169369162,BATTERY,149,0.28935034782684027
132,658,41.76771378133435,-87.68690256801976,BATTERY,153,0.28501875579350433
76,625,41.7362005852624,-87.6040931544512,BATTERY,142,0.27072450208349574
202,593,41.99250726216864,-87.65839208042833,THEFT,199,0.2568634075768208
7,592,41.77862543922466,-87.66642954463683,BATTERY,111,0.2564302483734872
78,555,41.85279959780901,-87.63295101235495,THEFT,192,0.24040335785014424
295,547,41.784039221753204,-87.62156151489945,BATTERY,151,0.2369380842234755
90,542,41.83566565944834,-87.64777992053136,THEFT,135,0.23477228820680754
63,495,41.86810801607071,-87.64022781929697,THEFT,223,0.21441380565012866
22,491,41.84919940504277,-87.6944249437332,BATTERY,113,0.21268116883679428
85,489,41.70170076681595,-87.6230814612863,BATTERY,91,0.21181485043012707
117,470,41.934776351525535,-87.74406614447447,THEFT,128,0.2035848255667888
356,430,41.95386460432559,-87.7464840892372,THEFT,277,0.1862584574334451
359,419,41.80321135068019,-87.58591885934844,THEFT,155,0.18149370619677554
230,414,41.979046092502415,-87.69235091351932,THEFT,127,0.17932791018010757
291,408,41.92941827127206,-87.76184652892893,BATTERY,88,0.17672895496010604
459,390,41.79406861473846,-87.7028305988359,THEFT,192,0.16893208930010137
66,378,41.80914513305291,-87.59407325775132,THEFT,109,0.16373417886009822
262,364,41.75780375296978,-87.62393023778021,THEFT,80,0.15766995001342796
434,362,41.803682487950276,-87.70384426682597,THEFT,334,0.15680363160676075
289,358,41.894255350567036,-87.76990997739665,BATTERY,101,0.15507099479342637
206,353,41.82139505728329,-87.68954841139093,BATTERY,72,0.1529051987767584
25,346,41.83791840774566,-87.61867229561561,THEFT,74,0.14987308435342325
153,346,41.730173429118494,-87.55177491408381,BATTERY,73,0.14987308435342325
115,343,41.84531561839942,-87.6230189153411,THEFT,58,0.1485736067434225
114,340,41.76156022020882,-87.6539943657647,NARCOTICS,65,0.1472741291334217
311,339,41.73560153028318,-87.6506212200708,BATTERY,82,0.1468409699300881
249,326,41.6788824058681,-87.62115546283742,BATTERY,58,0.1412099002867514
252,325,41.968223671969234,-87.68839184405846,THEFT,178,0.14077674108341778
168,301,41.69240444886711,-87.6124455449402,BATTERY,87,0.13038092020341155
258,301,41.87574173853821,-87.71327486765449,BATTERY,67,0.13038092020341155
138,292,41.94157704850685,-87.66941802152739,THEFT,155,0.12648248737340922
125,289,41.97631910750865,-87.90517322593772,THEFT,110,0.12518300976340843
82,287,41.97934879010801,-87.66871314104529,THEFT,105,0.12431669135674127
483,280,41.902689835646434,-87.70900603876785,BATTERY,57,0.12128457693340611
69,276,41.75461278009783,-87.74152321610144,THEFT,214,0.11955194012007173
97,265,41.711187969996224,-87.62765497269811,BATTERY,61,0.1147871888834022
575,264,41.72188317246212,-87.66283950330303,THEFT,72,0.11435402968006862
505,260,41.9160364217,-87.74815575396539,THEFT,53,0.11262139286673425
377,259,41.91845267634363,-87.72993546289962,BATTERY,62,0.11218823366340065
353,256,41.735943005503906,-87.5457790152539,BATTERY,74,0.11088875605339986
3,256,41.788924041585936,-87.74142512255469,THEFT,68,0.11088875605339986
288,253,41.77186887037945,-87.62143992766008,BATTERY,51,0.10958927844339908
234,253,41.737242918790514,-87.58631095684981,THEFT,52,0.10958927844339908
245,249,41.737083517337354,-87.55317901672692,BATTERY,57,0.10785664163006471
183,247,41.79470276510526,-87.63168966321052,THEFT,48,0.10699032322339752
424,241,41.94623895829046,-87.71400753752697,THEFT,67,0.10439136800339598
108,238,41.929724485298316,-87.68424588604623,THEFT,200,0.10309189039339518
62,238,42.00667694718487,-87.66634768562605,BATTERY,50,0.10309189039339518
36,236,41.70723803646187,-87.62302212716101,THEFT,52,0.102225571986728
73,234,41.86830707208547,-87.63044693975215,THEFT,176,0.10135925358006082
286,232,41.88172019418534,-87.71030716856465,BATTERY,60,0.10049293517339364
210,229,41.73622121337118,-87.62833420445853,THEFT,78,0.09919345756339285
96,228,41.82974274200877,-87.67377269892984,THEFT,67,0.09876029836005927
107,224,41.794094694035714,-87.64445611603571,BATTERY,59,0.09702766154672489
452,223,41.93103416797758,-87.78884999173094,THEFT,133,0.09659450234339129
595,219,41.9531402694064,-87.6767356368904,THEFT,58,0.09486186553005692
330,217,41.925385031221204,-87.66661401481106,THEFT,97,0.09399554712338973
164,216,41.82521339556944,-87.63271612670833,BATTERY,64,0.09356238792005614
253,214,41.97486057973364,-87.89037210895793,THEFT,106,0.09269606951338895
637,210,41.80193820235714,-87.66687826209524,BATTERY,55,0.09096343270005458
442,207,41.84227457953624,-87.61806112974396,THEFT,49,0.08966395509005379
218,205,41.7076279884,-87.61082547199513,BATTERY,45,0.08879763668338661
129,205,41.93217336306829,-87.67744300780976,THEFT,134,0.08879763668338661
48,205,41.69596336105853,-87.59641222700489,THEFT,163,0.08879763668338661
53,200,41.86185841705,-87.62596607632,BATTERY,35,0.08663184066671865
243,199,41.782386117216085,-87.59277133068342,BATTERY,60,0.08619868146338505
414,197,41.960898100340096,-87.72953601145684,BATTERY,34,0.08533236305671786
94,191,41.80215566494765,-87.65665094843979,BATTERY,41,0.08273340783671632
562,190,41.9246492987,-87.71569687742107,THEFT,51,0.08230024863338271
300,190,41.801217470868416,-87.68644601423684,THEFT,51,0.08230024863338271
241,188,41.99174374740426,-87.69717363670213,BATTERY,35,0.08143393022671552
135,185,41.74295478407027,-87.55780651848649,BATTERY,46,0.08013445261671474
804,185,41.92096814044865,-87.77939187517298,BATTERY,32,0.08013445261671474
109,184,41.77841038724456,-87.7262619073913,BATTERY,39,0.07970129341338116
626,184,41.93907343086956,-87.76682841999457,THEFT,38,0.07970129341338116
327,179,41.97530907960894,-87.659958574419,THEFT,94,0.07753549739671318
131,179,41.88004413793855,-87.77228857798883,BATTERY,51,0.07753549739671318
630,178,41.67047708662921,-87.63805744375843,BATTERY,37,0.0771023381933796
391,177,41.92563439861582,-87.73611543690396,BATTERY,36,0.07666917899004601
26,176,41.76476900014773,-87.64245773475568,BATTERY,57,0.0762360197867124
18,172,41.96954011087791,-87.76253407805233,BATTERY,36,0.07450338297337804
969,169,41.89930235033728,-87.77203966321893,CRIMINAL DAMAGE,38,0.07320390536337726
284,168,41.73615958454167,-87.62424699747024,BATTERY,44,0.07277074616004367
181,166,41.832157251518076,-87.61132339321085,THEFT,44,0.07190442775337648
386,163,41.69219872965645,-87.60501438739263,ASSAULT,30,0.0706049501433757
8,161,41.86790870844099,-87.77252945213043,BATTERY,52,0.06973863173670851
92,161,41.814993326472056,-87.7030300920559,THEFT,61,0.06973863173670851
1050,160,41.809034467875,-87.6842528075875,THEFT,53,0.06930547253337492
306,159,41.72212983925786,-87.57743684444026,ASSAULT,41,0.06887231333004133
176,156,41.84823149110897,-87.68353331573077,BATTERY,33,0.06757283572004054
91,156,41.83910732291667,-87.63449525809617,THEFT,34,0.06757283572004054
152,155,41.680660414006454,-87.62799414295483,BATTERY,33,0.06713967651670695
438,155,41.86619391448387,-87.66654162007742,THEFT,57,0.06713967651670695
752,155,41.918692463632254,-87.78664734248387,THEFT,29,0.06713967651670695
60,152,41.91927316774342,-87.76775174935526,BATTERY,37,0.06584019890670617
485,152,41.774649365019734,-87.60150067213158,CRIMINAL DAMAGE,34,0.06584019890670617
111,152,41.94591270009868,-87.7667090775,BATTERY,44,0.06584019890670617
846,151,41.81431205247682,-87.5989747564702,CRIMINAL DAMAGE,36,0.06540703970337257
594,147,41.96135553686395,-87.64678626509524,THEFT,46,0.0636744028900382
199,147,41.853198821829935,-87.68410893182313,BATTERY,26,0.0636744028900382
217,146,41.9961231089726,-87.67398663212329,BATTERY,33,0.06324124368670461
21,144,42.01821138008333,-87.69099648607639,THEFT,38,0.06237492528003742
450,143,41.943354320664334,-87.74879092581119,THEFT,27,0.06194176607670383
423,142,41.82322045090141,-87.62122370520423,BATTERY,25,0.06150860687337024
273,140,41.70263330734286,-87.53678596972144,THEFT,42,0.060642288466703054
188,140,41.97292946335,-87.65112901327856,BATTERY,41,0.060642288466703054
242,140,41.88578263786428,-87.71128198647142,BATTERY,31,0.060642288466703054
760,140,41.81714612975,-87.6332308373357,BATTERY,28,0.060642288466703054
520,136,41.728885071632355,-87.65686657112501,BATTERY,29,0.05890965165336868
118,135,41.9543877148,-87.72828090541482,THEFT,26,0.058476492450035084
820,135,41.690864765037034,-87.66990404859999,BATTERY,32,0.058476492450035084
198,134,41.97901960673134,-87.90646819858209,THEFT,50,0.058043333246701495
783,134,41.71915076770149,-87.56684968267164,BATTERY,31,0.058043333246701495
290,134,41.70148949952985,-87.56347489188059,BATTERY,35,0.058043333246701495
443,134,41.83610569713433,-87.66586828379852,THEFT,43,0.058043333246701495
947,133,41.790300556917295,-87.6550990910376,BATTERY,23,0.0576101740433679
888,133,41.93955408087218,-87.7007273188421,THEFT,30,0.0576101740433679
371,131,41.814467071022904,-87.66869298452671,BATTERY,27,0.056743855636700716
647,130,41.78300138339231,-87.58757990706154,BATTERY,46,0.05631069643336713
354,129,41.86334544357364,-87.70371683827906,THEFT,32,0.055877537230033525
156,128,41.83700065624219,-87.727296306,BATTERY,46,0.05544437802669993
324,127,41.808343400598424,-87.69072789818898,BATTERY,29,0.05501121882336634
486,127,41.81675453099213,-87.72394276515747,THEFT,84,0.05501121882336634
317,126,41.81261891176984,-87.72375695622222,THEFT,100,0.054578059620032746
403,125,41.847154075352,-87.725028074144,BATTERY,35,0.05414490041669916
337,125,41.736355497080005,-87.611568648344,THEFT,28,0.05414490041669916
360,122,41.9250921647541,-87.672711799,THEFT,96,0.05284542280669837
410,122,41.7649102922377,-87.59542533385246,BATTERY,30,0.05284542280669837
32,121,41.98713642013223,-87.66544727313224,THEFT,29,0.052412263603364775
133,120,41.720628367025,-87.64327495339167,BATTERY,29,0.05197910440003119
568,119,41.92410704557983,-87.77387942663866,THEFT,23,0.05154594519669759
793,118,41.76327327145763,-87.59956258277118,BATTERY,33,0.051112785993364
333,118,41.833642357398304,-87.61652432081355,THEFT,38,0.051112785993364
174,116,41.87414671300862,-87.66833062134482,THEFT,32,0.05024646758669682
122,115,41.930886841426094,-87.69735191605218,THEFT,45,0.04981330838336322
296,115,41.884578181930436,-87.72162259190434,BATTERY,19,0.04981330838336322
50,114,41.68452732721053,-87.6282838018421,BATTERY,26,0.049380149180029635
81,114,41.976759168324556,-87.90098765022806,THEFT,30,0.049380149180029635
699,113,41.65371813473452,-87.61726429166372,CRIMINAL DAMAGE,20,0.04894698997669603
116,113,41.72240753686725,-87.58437349625663,THEFT,42,0.04894698997669603
880,112,41.802520580250004,-87.67572550491965,BATTERY,29,0.048513830773362444
589,112,41.99412370117857,-87.71346858592857,THEFT,90,0.048513830773362444
64,111,41.97765404112612,-87.67954793104505,THEFT,25,0.04808067157002885
511,111,41.931264975378376,-87.6870930109099,THEFT,24,0.04808067157002885
664,110,41.76645475304545,-87.60570854296364,BATTERY,27,0.047647512366695254
1388,110,41.7063884489,-87.66901734772728,BATTERY,32,0.047647512366695254
388,109,41.673508551587155,-87.61734997907338,THEFT,21,0.047214353163361665
779,108,41.81996912215741,-87.69850364633332,BATTERY,23,0.04678119396002807
163,108,41.809419786018516,-87.6327015031574,BATTERY,35,0.04678119396002807
170,107,41.86486847698131,-87.73418257547662,THEFT,21,0.046348034756694474
882,106,41.92373559360377,-87.79422541621699,BATTERY,26,0.04591487555336088
643,106,41.978984194698114,-87.65994169931133,THEFT,55,0.04591487555336088
383,106,41.849716275754716,-87.67714723430188,CRIMINAL DAMAGE,20,0.04591487555336088
88,106,41.8090022635,-87.64553407601886,THEFT,45,0.04591487555336088
134,106,41.92408877775472,-87.74659479296226,THEFT,48,0.04591487555336088
596,104,41.92179529335577,-87.66451162384615,THEFT,34,0.045048557146693695
247,102,41.9603135105,-87.76869569046079,THEFT,35,0.04418223874002651
784,102,41.93752044545098,-87.7603495987549,BATTERY,16,0.04418223874002651
512,100,41.6805725096,-87.6621731416,THEFT,62,0.04331592033335933
182,100,41.99061515446,-87.68319093161999,THEFT,77,0.04331592033335933
559,99,41.87075596964647,-87.73721134741415,BATTERY,17,0.042882761130025725
667,99,41.69306748948485,-87.62728594142423,BATTERY,19,0.042882761130025725
477,99,41.84074171091919,-87.65782042637373,THEFT,29,0.042882761130025725
446,99,41.89785076690909,-87.76147390910101,BATTERY,28,0.042882761130025725
971,99,41.76588324928283,-87.64937192227273,BATTERY,22,0.042882761130025725
646,98,41.82945480755102,-87.60694777237755,BATTERY,22,0.042449601926692136
737,98,41.69229357686735,-87.64223017640816,THEFT,19,0.042449601926692136
320,97,41.92191165113402,-87.64261757990721,THEFT,90,0.04201644272335854
453,96,41.81300464015625,-87.61269593281251,CRIMINAL DAMAGE,21,0.04158328352002495
102,96,41.882658816145835,-87.77008015276043,BATTERY,25,0.04158328352002495
919,96,41.75059250688542,-87.67282980398959,THEFT,20,0.04158328352002495
238,94,41.72717998896808,-87.58535058825531,THEFT,20,0.04071696511335776
571,94,41.86323682175532,-87.64642901277658,THEFT,27,0.04071696511335776
329,93,41.98983673519355,-87.67076114858065,BATTERY,30,0.04028380591002417
67,93,41.9532812185914,-87.76861593270968,BATTERY,25,0.04028380591002417
463,93,41.92434079248387,-87.72644572659141,THEFT,32,0.04028380591002417
19,93,41.952835782784945,-87.7874978364516,THEFT,53,0.04028380591002417
293,93,42.011297135075274,-87.68967562316129,BATTERY,15,0.04028380591002417
432,92,41.84218267475,-87.64073292410869,THEFT,17,0.03985064670669058
458,92,41.83402122154348,-87.67441391773912,THEFT,72,0.03985064670669058
745,91,41.88268048297802,-87.77256772513186,BATTERY,20,0.03941748750335699
1005,91,41.971862190065934,-87.72740471261538,THEFT,19,0.03941748750335699
402,91,41.903267005395605,-87.74840251732967,BATTERY,17,0.03941748750335699
232,90,41.886391659944444,-87.70200173955556,OTHER OFFENSE,16,0.03898432830002339
0,90,41.78649039008889,-87.72356766437778,BATTERY,17,0.03898432830002339
205,90,41.74999800735555,-87.6829751243,THEFT,22,0.03898432830002339
274,89,41.787149501820224,-87.64415333164045,BATTERY,24,0.0385511690966898
322,89,41.739734001988765,-87.6385357271573,BATTERY,21,0.0385511690966898
451,88,41.721535269647724,-87.53777731713636,BATTERY,22,0.0381180098933562
554,88,41.704027845375,-87.56526559029545,CRIMINAL DAMAGE,18,0.0381180098933562
482,88,41.975624906045454,-87.69811433971591,BATTERY,25,0.0381180098933562
349,87,41.725986502206894,-87.56836451908046,BATTERY,24,0.03768485069002261
1037,87,41.799134360655174,-87.74310805914942,PROSTITUTION,19,0.03768485069002261
45,87,41.79663518451724,-87.72325808834482,THEFT,20,0.03768485069002261
500,86,41.677465083430235,-87.62756230298838,BATTERY,13,0.03725169148668902
231,85,41.8501732006,-87.6392035834353,THEFT,21,0.036818532283355423
730,85,42.01657347834118,-87.67529812595293,THEFT,42,0.036818532283355423
522,84,41.7779074542619,-87.6340643357619,BATTERY,28,0.036385373080021835
308,84,41.70650059557143,-87.64303146285714,BATTERY,14,0.036385373080021835
478,84,41.72113924610714,-87.65731148214286,BATTERY,22,0.036385373080021835
987,84,41.946693030642855,-87.70197972157142,THEFT,64,0.036385373080021835
519,83,41.84483940521687,-87.63361631153012,THEFT,24,0.03595221387668824
1226,83,41.786869966506025,-87.649006145747,BATTERY,15,0.03595221387668824
318,82,41.791188560743905,-87.57985674241463,THEFT,19,0.035519054673354644
275,81,41.99280416162963,-87.67893531502469,THEFT,20,0.03508589547002105
1041,80,41.9168718823375,-87.736897258875,BATTERY,16,0.03465273626668746
874,80,41.855236351399995,-87.7036984375375,BATTERY,16,0.03465273626668746
850,80,41.820575034575,-87.6278414929875,BATTERY,18,0.03465273626668746
364,80,41.77486603,-87.5933402750125,BATTERY,16,0.03465273626668746
215,79,41.69232277174683,-87.63536385449366,THEFT,17,0.034219577063353865
433,79,41.83928813132911,-87.64607854179748,THEFT,26,0.034219577063353865
101,78,41.867853713500004,-87.63248773616667,THEFT,42,0.03378641786002027
739,78,41.7755979698718,-87.64093964265385,BATTERY,33,0.03378641786002027
661,78,41.78412833205128,-87.64641053470513,BATTERY,22,0.03378641786002027
625,78,41.82957118179487,-87.64058575798718,THEFT,15,0.03378641786002027
106,77,41.70259187496104,-87.5270784539091,THEFT,21,0.03335325865668668
99,77,41.838139288779225,-87.60836283983116,THEFT,22,0.03335325865668668
470,77,41.96762996058442,-87.76734596845455,THEFT,31,0.03335325865668668
341,76,41.74181970496053,-87.64859996817104,CRIMINAL DAMAGE,15,0.032920099453353086
473,76,41.92388336563158,-87.75899327244737,BATTERY,17,0.032920099453353086
507,76,41.868180939,-87.709271389,NARCOTICS,68,0.032920099453353086
285,76,41.70776090430263,-87.58069194693421,MOTOR VEHICLE THEFT,34,0.032920099453353086
514,75,41.994918636213335,-87.88193940156,DECEPTIVE PRACTICE,35,0.0324869402500195
600,75,41.79991434132,-87.72353875861333,BATTERY,22,0.0324869402500195
1022,75,41.807794530639995,-87.72288317344,THEFT,50,0.0324869402500195
313,75,41.714355022746666,-87.64296788354667,BATTERY,14,0.0324869402500195
549,75,41.91382455168,-87.65377615644,THEFT,37,0.0324869402500195
669,74,41.748499480594596,-87.7404227225,THEFT,34,0.0320537810466859
1187,74,41.974576830000004,-87.76690631791892,THEFT,16,0.0320537810466859
996,73,41.9604070869452,-87.77875454157534,CRIMINAL DAMAGE,16,0.031620621843352306
267,73,41.97942170593151,-87.83783182950684,BATTERY,18,0.031620621843352306
689,73,41.65142707564384,-87.52725212178083,BATTERY,23,0.031620621843352306
319,72,41.92635929522223,-87.78555003369443,THEFT,50,0.03118746264001871
374,72,41.85812496934722,-87.62165675415278,THEFT,22,0.03118746264001871
889,72,41.89780797204167,-87.73631947433334,MOTOR VEHICLE THEFT,16,0.03118746264001871
720,72,41.77030134191667,-87.62826723313889,BATTERY,31,0.03118746264001871
358,71,42.008322979577464,-87.66167263023944,BATTERY,17,0.03075430343668512
1267,71,41.71076931390141,-87.64242552301408,BATTERY,23,0.03075430343668512
279,71,41.72171110433803,-87.61565474388732,CRIMINAL DAMAGE,11,0.03075430343668512
87,70,41.761409444442855,-87.62208431587143,CRIMINAL DAMAGE,18,0.030321144233351527
1058,70,41.92318311011429,-87.8037525326,BATTERY,17,0.030321144233351527
1168,70,41.97537018517143,-87.74406646034285,THEFT,55,0.030321144233351527
938,70,41.884372816485715,-87.61926293025715,THEFT,34,0.030321144233351527
684,70,41.920576186214284,-87.67086774442858,THEFT,51,0.030321144233351527
150,69,41.790754583,-87.739927261,CRIMINAL DAMAGE,68,0.02988798503001793
492,69,41.86449133097101,-87.63915791897101,THEFT,29,0.02988798503001793
866,69,41.779316916231885,-87.70881054736232,BATTERY,14,0.02988798503001793
790,69,41.92369534055073,-87.7862129017971,BURGLARY,19,0.02988798503001793
715,68,41.767531110632355,-87.63032625008823,BATTERY,15,0.02945482582668434
936,68,41.81437586323529,-87.60436442751471,BATTERY,16,0.02945482582668434
1092,68,41.95423787192647,-87.70773066245589,THEFT,15,0.02945482582668434
1280,68,41.954556055764705,-87.68784658895589,THEFT,25,0.02945482582668434
543,68,41.77522849283824,-87.5969240119706,THEFT,13,0.02945482582668434
641,68,41.85199284029412,-87.68897466705883,THEFT,40,0.02945482582668434
1152,67,41.769657005179106,-87.68411035482089,CRIMINAL DAMAGE,12,0.029021666623350748
103,67,42.0074599818806,-87.6708756970597,BATTERY,19,0.029021666623350748
348,67,41.7977546321194,-87.67594338434328,BATTERY,14,0.029021666623350748
192,67,41.83257007898507,-87.68448588279104,BATTERY,15,0.029021666623350748
257,67,41.74365413580597,-87.54748008541792,CRIMINAL DAMAGE,14,0.029021666623350748
406,66,41.823517451,-87.63844254348484,DECEPTIVE PRACTICE,20,0.028588507420017156
355,65,41.91339128790769,-87.66969137375384,THEFT,13,0.028155348216683564
343,65,41.961659839215386,-87.69251090875385,BATTERY,19,0.028155348216683564
740,65,41.851945863107694,-87.67132527844615,THEFT,15,0.028155348216683564
574,65,41.77361810798462,-87.6827369338923,THEFT,12,0.028155348216683564
490,64,41.73257030503125,-87.58372883117188,MOTOR VEHICLE THEFT,13,0.027722189013349965
1399,64,41.8797598936875,-87.69527795553125,BATTERY,16,0.027722189013349965
724,64,41.73368172245313,-87.55368793535938,BATTERY,19,0.027722189013349965
708,64,41.762769032078126,-87.64620785495312,BATTERY,12,0.027722189013349965
124,64,41.778246385203126,-87.59989835564062,THEFT,18,0.027722189013349965
532,64,41.91200010179688,-87.66195862264063,BURGLARY,22,0.027722189013349965
1028,64,41.931441271359375,-87.77648408514062,BATTERY,14,0.027722189013349965
303,64,41.67541194715625,-87.63250788275,CRIMINAL DAMAGE,13,0.027722189013349965
1448,63,41.881348623,-87.674525788,BATTERY,19,0.027289029810016373
1094,63,41.69913188133334,-87.61389772231746,CRIMINAL DAMAGE,12,0.027289029810016373
555,63,41.88060311907936,-87.76834804166666,BATTERY,19,0.027289029810016373
158,63,41.88616824279365,-87.71535602128571,BATTERY,12,0.027289029810016373
1098,63,41.88203844326984,-87.7289975424762,NARCOTICS,17,0.027289029810016373
847,62,41.854362779080645,-87.6757891916613,THEFT,17,0.02685587060668278
323,62,41.762764118129034,-87.57319698732259,MOTOR VEHICLE THEFT,13,0.02685587060668278
1304,62,41.895680074709674,-87.72958379033871,ASSAULT,15,0.02685587060668278
671,62,41.72172812427419,-87.59495052227419,THEFT,11,0.02685587060668278
375,61,41.73588569570492,-87.66323675359016,CRIMINAL DAMAGE,11,0.026422711403349185
747,61,41.92434059603279,-87.76607251770493,THEFT,19,0.026422711403349185
301,61,41.84111549163934,-87.62682920337706,BATTERY,15,0.026422711403349185
1066,61,41.76306402759017,-87.62985565890165,BATTERY,17,0.026422711403349185
246,61,41.99465760567213,-87.69569857801639,CRIMINAL DAMAGE,15,0.026422711403349185
370,60,41.78636147595,-87.65548581428334,BATTERY,11,0.025989552200015593
698,60,41.778581856533336,-87.7115623863,BATTERY,12,0.025989552200015593
591,60,41.76089328533333,-87.64319476398333,BATTERY,18,0.025989552200015593
683,60,41.98135500711667,-87.80652271751666,THEFT,16,0.025989552200015593
70,60,41.71149339238333,-87.6040999216,THEFT,11,0.025989552200015593
605,60,41.977799155583334,-87.84646853723332,BATTERY,18,0.025989552200015593
263,60,41.83101362611667,-87.63075535124999,BATTERY,26,0.025989552200015593
120,60,41.91007136888333,-87.65935465636667,BURGLARY,26,0.025989552200015593
454,60,41.783721608516665,-87.66240430196667,BATTERY,25,0.025989552200015593
1285,59,41.97061153369492,-87.71573309362712,BATTERY,17,0.025556392996682
662,59,41.747167377762715,-87.64594062735594,BATTERY,12,0.025556392996682
527,59,41.82073553771187,-87.70272332567797,BATTERY,10,0.025556392996682
481,59,41.80736608683051,-87.70401688003389,THEFT,14,0.025556392996682
12,59,41.84085165549153,-87.71091139005085,BATTERY,11,0.025556392996682
362,59,41.863215519372886,-87.6148082769322,BATTERY,23,0.025556392996682
240,58,41.875561288948276,-87.66751106213793,BATTERY,20,0.02512323379334841
351,58,41.96553027353448,-87.66763413215519,THEFT,36,0.02512323379334841
1483,58,41.797886498051724,-87.61751057853448,BATTERY,14,0.02512323379334841
224,58,41.925268215844824,-87.6783069227069,THEFT,28,0.02512323379334841
997,58,41.936268606810344,-87.66862316005172,THEFT,21,0.02512323379334841
688,58,41.96030710270689,-87.7478654457931,THEFT,11,0.02512323379334841
200,58,41.68393708560345,-87.72180077256897,BATTERY,14,0.02512323379334841
550,58,41.84095374403448,-87.72340497101723,BATTERY,12,0.02512323379334841
189,58,41.96906276787931,-87.67458846425862,THEFT,32,0.02512323379334841
487,57,41.92523020792982,-87.7517364007544,BATTERY,12,0.024690074590014818
806,57,41.811164904105254,-87.60159386570176,MOTOR VEHICLE THEFT,13,0.024690074590014818
79,57,41.77932810540351,-87.59646305050877,THEFT,14,0.024690074590014818
1212,57,41.922597236403504,-87.75361157945615,BATTERY,13,0.024690074590014818
1184,57,41.70231806807018,-87.6691183424386,BATTERY,15,0.024690074590014818
908,56,41.79945267601786,-87.64805938514287,OTHER OFFENSE,16,0.024256915386681222
665,56,41.85553625701785,-87.69784457669643,BATTERY,21,0.024256915386681222
145,56,41.73536557635714,-87.66754510392857,BATTERY,11,0.024256915386681222
570,56,41.80851983942857,-87.70809477226786,BATTERY,11,0.024256915386681222
418,56,41.777328404732145,-87.64079709223215,BATTERY,14,0.024256915386681222
508,56,41.796210338499996,-87.68408851548214,THEFT,26,0.024256915386681222
1166,55,41.72115122389091,-87.65027043378181,BATTERY,16,0.023823756183347627
510,55,41.954145355818184,-87.66921742578182,BATTERY,18,0.023823756183347627
515,55,41.77815484665455,-87.74077381752727,BATTERY,13,0.023823756183347627
378,55,41.77737270236364,-87.76315243154546,BATTERY,14,0.023823756183347627
464,54,41.7929241965,-87.7338216047963,BATTERY,11,0.023390596980014035
169,54,41.77770965766667,-87.77135642403702,THEFT,14,0.023390596980014035
465,54,41.84744287188889,-87.70849472703703,BATTERY,18,0.023390596980014035
995,54,41.91740597351851,-87.65557286333333,THEFT,20,0.023390596980014035
425,54,41.69218232957408,-87.65237480422222,BATTERY,15,0.023390596980014035
617,53,41.91362127184906,-87.77397861235849,MOTOR VEHICLE THEFT,12,0.02295743777668044
393,53,41.6754493795283,-87.64138592373585,BATTERY,19,0.02295743777668044
1291,53,41.841398141037736,-87.62908266820754,BATTERY,9,0.02295743777668044
1194,53,41.94174594383019,-87.68792881390567,THEFT,13,0.02295743777668044
584,53,41.851229376603776,-87.61896403784905,THEFT,26,0.02295743777668044
824,52,41.69300975871154,-87.6614806259423,BATTERY,12,0.022524278573346847
340,52,41.755033249961535,-87.73067290642308,BATTERY,22,0.022524278573346847
281,52,41.93594215078846,-87.68273297961538,CRIMINAL DAMAGE,11,0.022524278573346847
1449,52,41.997040268846156,-87.70732670186538,BATTERY,12,0.022524278573346847
260,52,41.764625831365386,-87.72168874284615,THEFT,16,0.022524278573346847
445,52,41.79024747025,-87.70360476011538,BATTERY,10,0.022524278573346847
195,52,41.699971634211536,-87.64261371996153,THEFT,11,0.022524278573346847
718,52,41.96807998598077,-87.67927681332692,THEFT,12,0.022524278573346847
143,52,41.705677785615386,-87.60094492736539,BATTERY,21,0.022524278573346847
556,52,41.79766228571154,-87.62313390265385,OTHER OFFENSE,9,0.022524278573346847
1274,51,41.772409483882356,-87.62888340817648,BATTERY,15,0.022091119370013255
1174,51,41.74977144231372,-87.58818779872549,MOTOR VEHICLE THEFT,9,0.022091119370013255
49,51,41.96916771001961,-87.69464258858822,OTHER OFFENSE,13,0.022091119370013255
1276,51,41.78106143231373,-87.64860627376471,ASSAULT,13,0.022091119370013255
1023,51,41.940403125431374,-87.7548019572353,BATTERY,20,0.022091119370013255
467,50,41.928649988180005,-87.6718911191,THEFT,15,0.021657960166679664
728,50,41.84253398414,-87.62340974836,THEFT,14,0.021657960166679664
614,50,41.918294560140005,-87.64942661106001,THEFT,18,0.021657960166679664
890,50,41.80543089292,-87.68426455176,BATTERY,15,0.021657960166679664
1330,50,41.75307371386,-87.73048601832001,BATTERY,13,0.021657960166679664
816,50,41.830890036999996,-87.635503335,THEFT,12,0.021657960166679664
52,49,41.752461753673465,-87.59980366853063,BATTERY,15,0.021224800963346068
212,49,41.95409724520408,-87.69971697732653,BATTERY,11,0.021224800963346068
1162,49,41.74337343420408,-87.64570447791837,THEFT,13,0.021224800963346068
521,49,41.95116209728571,-87.70946030081632,BATTERY,9,0.021224800963346068
827,49,41.86239640416327,-87.6391406032449,BATTERY,19,0.021224800963346068
344,49,41.85273259385715,-87.70132918877552,BATTERY,16,0.021224800963346068
395,49,41.78483942932653,-87.61897270242856,BATTERY,17,0.021224800963346068
1365,49,41.937471928795915,-87.66499356218367,BURGLARY,16,0.021224800963346068
1321,49,41.7132576805102,-87.53748527189795,MOTOR VEHICLE THEFT,9,0.021224800963346068
861,49,41.92565789004082,-87.65849178642857,THEFT,11,0.021224800963346068
956,48,41.96667304404166,-87.6922409984375,THEFT,15,0.020791641760012476
764,48,41.706438147125,-87.64869484743751,THEFT,10,0.020791641760012476
1145,48,41.690429959125005,-87.62675246822916,BATTERY,13,0.020791641760012476
967,48,41.990436598916666,-87.70464091764585,THEFT,19,0.020791641760012476
325,48,41.80513749360417,-87.62298612375001,THEFT,11,0.020791641760012476
100,48,41.876706055187505,-87.75122728722916,BATTERY,11,0.020791641760012476
836,48,41.9349534214375,-87.75683687689583,BATTERY,10,0.020791641760012476
695,48,41.9744518038125,-87.81066975660417,THEFT,27,0.020791641760012476
566,48,41.74480383825,-87.6437845068125,BATTERY,12,0.020791641760012476
755,48,41.74594882197917,-87.575103820125,BATTERY,8,0.020791641760012476
278,47,41.819947858382974,-87.62357922242553,CRIMINAL DAMAGE,12,0.02035848255667888
14,47,41.77693673500001,-87.63167654736169,BATTERY,11,0.02035848255667888
1702,47,41.84682910312766,-87.62352300770213,BATTERY,25,0.02035848255667888
236,47,41.91216295404255,-87.76537739748936,BATTERY,11,0.02035848255667888
113,47,41.93545496512766,-87.76845139759574,MOTOR VEHICLE THEFT,11,0.02035848255667888
906,47,41.95262444817021,-87.77723181187234,BATTERY,9,0.02035848255667888
831,47,41.83609501619149,-87.61298184359576,CRIMINAL DAMAGE,12,0.02035848255667888
704,47,41.755930853531915,-87.65740148051063,BATTERY,11,0.02035848255667888
95,47,41.78693844597873,-87.61637616989361,BATTERY,15,0.02035848255667888
1293,46,41.88391617228261,-87.7289593175,BATTERY,7,0.01992532335334529
75,46,41.95373154473913,-87.71308710239131,BATTERY,11,0.01992532335334529
1428,46,41.82863707169565,-87.69111267854348,BURGLARY,12,0.01992532335334529
1011,46,41.78552090330435,-87.73863239906521,ASSAULT,12,0.01992532335334529
602,46,41.989885268173914,-87.70666546802174,BATTERY,9,0.01992532335334529
1587,46,41.96503124995652,-87.63936660047825,BURGLARY,23,0.01992532335334529
1292,46,41.68303739069565,-87.63238754058695,BATTERY,15,0.01992532335334529
1036,46,41.722318509913045,-87.55242231284782,BATTERY,8,0.01992532335334529
1188,46,41.976009985217395,-87.64875080532609,BURGLARY,12,0.01992532335334529
422,46,41.99692089045652,-87.6621106128913,THEFT,11,0.01992532335334529
1411,46,41.93776368854348,-87.69409029893478,THEFT,15,0.01992532335334529
416,46,41.99264354247826,-87.78275346408695,ASSAULT,8,0.01992532335334529
1418,46,41.75933538006522,-87.63377179654348,BATTERY,15,0.01992532335334529
548,45,41.7445208124,-87.58910200213333,CRIMINAL DAMAGE,9,0.019492164150011693
455,45,41.733890004888885,-87.56073142244445,ASSAULT,17,0.019492164150011693
926,45,41.76243204566667,-87.60632860835555,BATTERY,13,0.019492164150011693
690,45,41.85962244802222,-87.70319374157778,BATTERY,23,0.019492164150011693
659,45,41.92028030955556,-87.75667563844445,BATTERY,14,0.019492164150011693
697,45,41.81469782437778,-87.68516772382222,BATTERY,14,0.019492164150011693
631,45,41.9116442642,-87.77649326302223,BATTERY,11,0.019492164150011693
642,45,41.703241846333334,-87.60428074831111,CRIMINAL DAMAGE,10,0.019492164150011693
345,45,41.96137726526667,-87.7562227776,BATTERY,15,0.019492164150011693
265,45,41.74588083348889,-87.59723410653334,ASSAULT,13,0.019492164150011693
475,45,41.67828104531111,-87.68073545922222,THEFT,27,0.019492164150011693
852,45,41.78193326871111,-87.59987877606666,THEFT,13,0.019492164150011693
593,45,41.95770706462223,-87.75869745033334,MOTOR VEHICLE THEFT,8,0.019492164150011693
83,45,41.891106904666664,-87.67533407602222,THEFT,13,0.019492164150011693
457,45,41.73493582842222,-87.55150874853334,BATTERY,13,0.019492164150011693
1419,44,41.98863244329545,-87.81283261802274,BATTERY,16,0.0190590049466781
990,44,41.689709302113634,-87.6342161189091,THEFT,10,0.0190590049466781
1193,44,41.743568514954546,-87.62544411693182,THEFT,9,0.0190590049466781
670,44,41.77517261790909,-87.66053551706818,BATTERY,15,0.0190590049466781
876,44,41.93749526790909,-87.78566902138635,BATTERY,9,0.0190590049466781
1076,44,41.75989245659091,-87.59223175095454,BATTERY,12,0.0190590049466781
1009,44,41.97281441765909,-87.67628462004546,THEFT,10,0.0190590049466781
112,44,41.978150405045454,-87.90390197929545,BATTERY,17,0.0190590049466781
180,44,41.80609692477273,-87.66445378247728,BATTERY,12,0.0190590049466781
657,44,41.92215991893182,-87.65349577022727,THEFT,22,0.0190590049466781
891,44,41.656144602431816,-87.61452133302272,BATTERY,20,0.0190590049466781
1474,44,41.77320018088636,-87.68626277938637,ASSAULT,8,0.0190590049466781
1256,44,41.75033409675,-87.70238979195454,BATTERY,10,0.0190590049466781
1070,44,41.973354505,-87.84611144740909,CRIMINAL DAMAGE,11,0.0190590049466781
649,43,41.73217920690698,-87.6610121483721,BATTERY,8,0.01862584574334451
141,43,41.73562626176744,-87.63707377934884,THEFT,10,0.01862584574334451
335,43,41.953804761093025,-87.7182689986279,THEFT,13,0.01862584574334451
886,43,41.92539982990697,-87.65222137972093,BATTERY,15,0.01862584574334451
1305,43,41.852196353186045,-87.67446736502326,THEFT,18,0.01862584574334451
610,43,41.94524038490698,-87.7126704585814,THEFT,29,0.01862584574334451
466,43,41.93825534755814,-87.8081382215814,BATTERY,12,0.01862584574334451
922,43,41.73165074674419,-87.61038541276744,THEFT,12,0.01862584574334451
839,43,41.77347479209302,-87.66010483090699,BATTERY,11,0.01862584574334451
828,43,41.801727732418605,-87.63069841174418,BATTERY,11,0.01862584574334451
1468,43,41.671795103581395,-87.62853542041861,THEFT,13,0.01862584574334451
312,42,41.74931857842857,-87.57142587619047,ASSAULT,10,0.018192686540010918
1080,42,41.943457674952384,-87.75703191588096,BATTERY,10,0.018192686540010918
604,42,41.73684118997619,-87.5726551867619,BATTERY,16,0.018192686540010918
372,42,41.835994848666665,-87.62055687661905,ASSAULT,10,0.018192686540010918
599,42,41.94632904628571,-87.73556386747619,BATTERY,16,0.018192686540010918
619,42,41.7918527152619,-87.63345261795239,BATTERY,14,0.018192686540010918
818,42,41.866341724928574,-87.6111320245,BATTERY,8,0.018192686540010918
547,42,41.707607508500004,-87.56041328285714,ASSAULT,9,0.018192686540010918
759,42,41.718993929214285,-87.5515365797381,BATTERY,13,0.018192686540010918
628,42,41.86327936992858,-87.62201308530952,THEFT,12,0.018192686540010918
211,42,41.90582940492857,-87.66756054488094,THEFT,23,0.018192686540010918
1438,41,41.81123508912195,-87.70916889465853,BATTERY,9,0.017759527336677322
962,41,41.86917121058537,-87.67082964856098,BATTERY,10,0.017759527336677322
1265,41,41.983607375341464,-87.71255623465854,CRIMINAL DAMAGE,8,0.017759527336677322
259,41,41.747486446,-87.59656612187804,ASSAULT,10,0.017759527336677322
43,41,41.80115985782927,-87.70371496143902,THEFT,11,0.017759527336677322
645,41,41.80439406973171,-87.74336560204878,NARCOTICS,7,0.017759527336677322
294,41,41.76324080917073,-87.7029334372439,BATTERY,11,0.017759527336677322
1078,41,41.68837375326829,-87.6272814437317,BATTERY,10,0.017759527336677322
966,41,41.81339899478049,-87.63374385021952,MOTOR VEHICLE THEFT,10,0.017759527336677322
1225,41,41.97570068792683,-87.70787558692683,BATTERY,9,0.017759527336677322
1064,41,41.827729949853655,-87.66707281182927,ASSAULT,6,0.017759527336677322
722,41,41.97568271629268,-87.72883401987805,BATTERY,11,0.017759527336677322
623,41,41.82734890504878,-87.68236498607317,BATTERY,8,0.017759527336677322
567,41,41.88399847007317,-87.67486060287806,BATTERY,11,0.017759527336677322
207,40,41.946992233399996,-87.68776218619999,BATTERY,11,0.01732636813334373
297,40,41.99691282405,-87.6569575472,THEFT,11,0.01732636813334373
603,40,41.814205962875,-87.619116502,THEFT,9,0.01732636813334373
833,40,41.960058457225,-87.753449355675,BATTERY,12,0.01732636813334373
177,40,41.742670731575,-87.708464062825,THEFT,10,0.01732636813334373
93,40,41.783627967324996,-87.5978830212,THEFT,14,0.01732636813334373
539,40,41.722299266475,-87.604868377775,OTHER OFFENSE,8,0.01732636813334373
928,40,41.75544575175,-87.65954934300001,CRIMINAL DAMAGE,10,0.01732636813334373
476,40,41.920559088075,-87.743348079225,CRIMINAL DAMAGE,8,0.01732636813334373
770,40,42.0022618156,-87.680758255175,THEFT,11,0.01732636813334373
448,39,41.865995436512826,-87.67632694543589,ASSAULT,7,0.016893208930010135
1432,39,41.79007099010256,-87.6479903566923,OTHER OFFENSE,10,0.016893208930010135
534,39,41.780211251333334,-87.5868789178718,BATTERY,14,0.016893208930010135
1518,39,41.76274995325641,-87.64237810720512,BATTERY,12,0.016893208930010135
691,39,41.93619238320513,-87.70811326105128,THEFT,12,0.016893208930010135
651,39,41.730112677025645,-87.65122126017948,ASSAULT,10,0.016893208930010135
304,39,41.96197085574359,-87.66623448848718,BATTERY,13,0.016893208930010135
1400,39,41.79750682094872,-87.63296604551283,OTHER OFFENSE,8,0.016893208930010135
1296,39,41.717034626,-87.53451352566667,BATTERY,9,0.016893208930010135
624,39,41.70635142974359,-87.53729213192307,CRIMINAL DAMAGE,11,0.016893208930010135
494,39,41.98732616158975,-87.70232819020512,BATTERY,10,0.016893208930010135
943,39,41.807101267,-87.586402447,THEFT,10,0.016893208930010135
310,38,41.73924492847369,-87.64701966802632,CRIMINAL DAMAGE,9,0.016460049726676543
542,38,41.74377592863158,-87.54323649118422,BATTERY,8,0.016460049726676543
431,38,41.95450173294737,-87.66462277986842,THEFT,13,0.016460049726676543
80,38,41.78344888544736,-87.5947110461579,BATTERY,13,0.016460049726676543
725,38,41.74939810610527,-87.72103055992106,BATTERY,16,0.016460049726676543
1039,38,41.975604231210525,-87.71382866131579,THEFT,9,0.016460049726676543
352,38,41.80767745926316,-87.72632911860526,CRIMINAL DAMAGE,7,0.016460049726676543
545,38,41.73150777213158,-87.65807503826316,CRIMINAL DAMAGE,10,0.016460049726676543
789,38,41.834678647605266,-87.61374653178946,THEFT,15,0.016460049726676543
59,38,41.70620052286842,-87.68179683871053,THEFT,15,0.016460049726676543
68,38,41.791755414289476,-87.72340086781578,ASSAULT,10,0.016460049726676543
1578,38,41.953259245000005,-87.7560363836579,BURGLARY,8,0.016460049726676543
1757,38,41.74041456739474,-87.5820248923421,BATTERY,11,0.016460049726676543
1505,38,41.94954513992106,-87.71297048363158,THEFT,10,0.016460049726676543
1539,38,41.68849809913158,-87.60710512536842,CRIMINAL DAMAGE,8,0.016460049726676543
658,38,41.78874667060526,-87.60518880668421,THEFT,8,0.016460049726676543
656,38,41.69522510571053,-87.64246777042105,BATTERY,19,0.016460049726676543
2012,37,41.91131018594594,-87.6265017561892,BATTERY,11,0.01602689052334295
552,37,41.74012384932432,-87.65292021164865,BATTERY,9,0.01602689052334295
517,37,41.80333100254054,-87.72234312843243,BATTERY,13,0.01602689052334295
430,37,41.78058527751352,-87.6884318574054,BATTERY,9,0.01602689052334295
950,37,41.727778498351356,-87.58746240651351,BATTERY,10,0.01602689052334295
1626,37,41.72578825002703,-87.57436493610811,ASSAULT,8,0.01602689052334295
1628,37,41.82431930710811,-87.69282193827027,ASSAULT,5,0.01602689052334295
504,37,41.80715902451351,-87.74172208494595,THEFT,9,0.01602689052334295
1493,37,41.88411828656756,-87.69985799599999,THEFT,10,0.01602689052334295
34,37,41.897189899918914,-87.76484569897298,ASSAULT,9,0.01602689052334295
974,37,41.781295545540544,-87.69500780391893,BATTERY,9,0.01602689052334295
127,36,41.849496294,-87.70612606736111,BATTERY,9,0.015593731320009355
144,36,42.00493340991667,-87.69050088472221,OTHER OFFENSE,8,0.015593731320009355
221,36,41.93802567172222,-87.814092664,BATTERY,9,0.015593731320009355
1029,36,41.90732931252778,-87.69002563858334,CRIMINAL DAMAGE,7,0.015593731320009355
1401,36,41.738566178000006,-87.55524824819445,ASSAULT,7,0.015593731320009355
1299,36,41.78883576986111,-87.61675884927779,CRIMINAL DAMAGE,8,0.015593731320009355
558,35,41.93626624014286,-87.76365882137142,ASSAULT,8,0.015160572116675763
1443,35,41.928096829999994,-87.78558700822857,THEFT,14,0.015160572116675763
701,35,41.7782484058,-87.58658986851428,BATTERY,11,0.015160572116675763
1491,35,41.78724071314286,-87.6297266136,ASSAULT,5,0.015160572116675763
1128,35,41.994627066171425,-87.700733468,BATTERY,13,0.015160572116675763
38,35,41.96821437242857,-87.73983208891428,THEFT,8,0.015160572116675763
673,35,41.68989034891429,-87.65818746562857,BATTERY,10,0.015160572116675763
819,35,41.85831741611428,-87.70582566485714,DECEPTIVE PRACTICE,6,0.015160572116675763
1237,35,41.72979246414286,-87.54512744222856,BATTERY,10,0.015160572116675763
660,35,41.675248574971434,-87.63619706431429,BATTERY,12,0.015160572116675763
965,34,41.96173793538236,-87.63531745020589,THEFT,7,0.01472741291334217
588,34,41.71641052302942,-87.56288269444117,ASSAULT,9,0.01472741291334217
1598,34,41.928401730911766,-87.66250853141176,THEFT,11,0.01472741291334217
972,34,41.78265925694117,-87.65565797491176,BATTERY,8,0.01472741291334217
981,34,41.69759340658823,-87.59533044105882,THEFT,24,0.01472741291334217
606,34,41.920996840088236,-87.63628667238235,THEFT,9,0.01472741291334217
597,34,41.938428263382356,-87.79129357155882,THEFT,9,0.01472741291334217
912,34,41.79373843264706,-87.6815326835,BATTERY,6,0.01472741291334217
1314,34,41.72774870632353,-87.66275287558824,BATTERY,10,0.01472741291334217
632,34,41.766684021558824,-87.64112205161764,BATTERY,12,0.01472741291334217
220,34,41.93935488511765,-87.73796660697059,BATTERY,8,0.01472741291334217
736,34,41.912646894382355,-87.71903420617647,BURGLARY,18,0.01472741291334217
427,34,41.84216230785294,-87.706755101,BATTERY,10,0.01472741291334217
868,34,41.976460595264705,-87.8418766445,BATTERY,7,0.01472741291334217
1808,34,41.95372391132353,-87.73617509314705,BURGLARY,12,0.01472741291334217
1120,34,41.80038853597059,-87.707821301,BATTERY,13,0.01472741291334217
474,34,41.91570175611765,-87.70203386891177,THEFT,15,0.01472741291334217
1284,34,41.74291401297059,-87.57850813352941,MOTOR VEHICLE THEFT,9,0.01472741291334217
420,34,41.99637670264706,-87.78710061958823,BATTERY,8,0.01472741291334217
526,34,41.98287878,-87.791440835,BATTERY,20,0.01472741291334217
1201,34,41.71365791658824,-87.66109574391176,BATTERY,10,0.01472741291334217
1043,34,41.75458669682353,-87.57563239247058,OTHER OFFENSE,7,0.01472741291334217
1413,34,41.74200559835294,-87.73657964185294,OTHER OFFENSE,11,0.01472741291334217
1216,34,41.720530812058826,-87.57393112535294,THEFT,11,0.01472741291334217
525,34,41.72878298582353,-87.66047368408825,THEFT,10,0.01472741291334217
1110,34,41.815334243176466,-87.67247985620588,BATTERY,9,0.01472741291334217
1429,33,41.71793440184849,-87.63123963221211,BATTERY,11,0.014294253710008578
627,33,41.88185621078788,-87.72425064418182,BATTERY,7,0.014294253710008578
1609,33,41.92928862951515,-87.69310564360606,CRIMINAL DAMAGE,12,0.014294253710008578
621,33,41.780671801393936,-87.5759680119697,BATTERY,8,0.014294253710008578
1657,33,41.86175125642424,-87.73076602751516,CRIMINAL DAMAGE,7,0.014294253710008578
1523,33,41.79333801627273,-87.67667588009091,ASSAULT,10,0.014294253710008578
685,33,41.92828066606061,-87.74677820633333,BATTERY,7,0.014294253710008578
1502,33,41.94576057775758,-87.79868194572727,OTHER OFFENSE,8,0.014294253710008578
197,33,41.75866031818181,-87.74168220257576,BURGLARY,7,0.014294253710008578
941,33,41.689721074212116,-87.650074919,BATTERY,9,0.014294253710008578
1244,33,41.824123243181816,-87.6970788569394,OTHER OFFENSE,8,0.014294253710008578
1134,33,41.78536511787878,-87.73522871169698,OTHER OFFENSE,7,0.014294253710008578
72,33,41.970166124636364,-87.64606146190908,BURGLARY,11,0.014294253710008578
1444,33,41.80594668845455,-87.67441367618181,ASSAULT,9,0.014294253710008578
896,33,41.69496385878788,-87.65268603439394,BATTERY,9,0.014294253710008578
1319,32,41.91274060415625,-87.6939835654375,BATTERY,7,0.013861094506674982
902,32,41.76213708734375,-87.68495036703125,BATTERY,13,0.013861094506674982
751,32,41.7541264225625,-87.616591068625,CRIMINAL DAMAGE,8,0.013861094506674982
440,32,41.706476537312504,-87.53119703559375,THEFT,6,0.013861094506674982
1106,32,41.74402428975,-87.58553220871876,BATTERY,8,0.013861094506674982
1695,32,41.857343710625,-87.6809859434375,THEFT,11,0.013861094506674982
917,32,41.8168434746875,-87.694210195,CRIMINAL DAMAGE,7,0.013861094506674982
1313,32,41.74034950734375,-87.5448939799375,CRIMINAL DAMAGE,11,0.013861094506674982
633,32,41.9365347319375,-87.64263204334375,THEFT,11,0.013861094506674982
830,32,41.793376794375,-87.69281379596875,BATTERY,7,0.013861094506674982
1155,32,42.011299271,-87.69372215384375,THEFT,12,0.013861094506674982
758,32,41.75504669621875,-87.71806520265625,BATTERY,6,0.013861094506674982
538,32,41.68094439428125,-87.53730456334375,THEFT,23,0.013861094506674982
1137,32,41.81523752146875,-87.69263339609375,ASSAULT,8,0.013861094506674982
848,32,41.975773105,-87.705103499,BATTERY,11,0.013861094506674982
146,32,41.90077220990625,-87.7669655771875,BATTERY,9,0.013861094506674982
901,32,41.97522668665625,-87.65862323600001,THEFT,15,0.013861094506674982
503,32,41.6548826075,-87.54560353340625,CRIMINAL DAMAGE,8,0.013861094506674982
203,32,41.73148879403125,-87.66294875212499,ASSAULT,8,0.013861094506674982
39,32,41.707522417375,-87.60164786559375,BATTERY,10,0.013861094506674982
694,32,41.9340769886875,-87.7360790609375,BATTERY,6,0.013861094506674982
1254,32,41.86213981146875,-87.666264192,THEFT,9,0.013861094506674982
1010,32,41.99091642859375,-87.688414089625,BATTERY,8,0.013861094506674982
925,32,41.87489576071875,-87.7511872223125,THEFT,7,0.013861094506674982
1377,32,41.845017925625,-87.64502565109375,CRIMINAL DAMAGE,9,0.013861094506674982
679,31,41.77859498351613,-87.61729267016129,BATTERY,11,0.01342793530334139
551,31,41.90645081132258,-87.65981807654838,THEFT,12,0.01342793530334139
945,31,41.9614766563871,-87.69899926916129,THEFT,9,0.01342793530334139
1692,31,41.96805732854839,-87.75357015832257,THEFT,6,0.01342793530334139
361,31,41.77794368164516,-87.5929608587742,MOTOR VEHICLE THEFT,11,0.01342793530334139
1352,31,41.81343749945161,-87.66583978896774,BATTERY,9,0.01342793530334139
1192,31,41.70802367364516,-87.56910995329032,OFFENSE INVOLVING CHILDREN,7,0.01342793530334139
396,31,41.74547318648387,-87.58526939303226,THEFT,8,0.01342793530334139
1253,31,41.786446792129034,-87.63280751035484,BATTERY,7,0.01342793530334139
394,31,41.84962879532258,-87.69131748812904,ASSAULT,8,0.01342793530334139
1040,31,41.85535392677419,-87.67112527222581,THEFT,13,0.01342793530334139
794,31,41.96189815303226,-87.6749793923871,THEFT,11,0.01342793530334139
582,31,41.85815109796774,-87.67682576251613,BATTERY,8,0.01342793530334139
564,31,41.72972026670968,-87.66248230345161,BATTERY,7,0.01342793530334139
644,31,41.78552190693548,-87.72878689309677,MOTOR VEHICLE THEFT,6,0.01342793530334139
686,31,41.860740287903226,-87.62237793264516,THEFT,10,0.01342793530334139
1101,31,41.822702531903225,-87.66579528932257,BATTERY,12,0.01342793530334139
973,31,41.82447175967742,-87.67349677225806,BATTERY,10,0.01342793530334139
918,31,41.84327855,-87.64368597877419,BATTERY,8,0.01342793530334139
110,31,41.740918989,-87.631967753,THEFT,18,0.01342793530334139
1289,31,41.77638118116129,-87.57044176590321,WEAPONS VIOLATION,15,0.01342793530334139
590,31,41.96533443890323,-87.73641406474194,THEFT,12,0.01342793530334139
307,31,41.74872163225807,-87.61730804719355,MOTOR VEHICLE THEFT,9,0.01342793530334139
498,31,41.747327285677414,-87.58565179293548,BATTERY,6,0.01342793530334139
1129,31,41.84549573038709,-87.6403612027742,THEFT,10,0.01342793530334139
316,31,41.81123185770967,-87.69503599845162,ASSAULT,8,0.01342793530334139
1072,31,41.972931301774196,-87.7065687064516,BATTERY,8,0.01342793530334139
1453,31,41.76345002729032,-87.63703990516129,BATTERY,10,0.01342793530334139
1540,31,41.72176082022581,-87.62068311003225,BATTERY,10,0.01342793530334139
208,31,41.91914159177419,-87.75228987825807,ASSAULT,6,0.01342793530334139
857,31,41.70485790093548,-87.63676318358064,CRIMINAL DAMAGE,7,0.01342793530334139
513,31,41.690033487677425,-87.66261441664516,THEFT,12,0.01342793530334139
528,30,41.80747844403333,-87.7312761561,BATTERY,9,0.012994776100007797
363,30,41.8399170213,-87.72506956586668,BATTERY,12,0.012994776100007797
1236,30,41.89996946063333,-87.73547500449999,BATTERY,8,0.012994776100007797
1139,30,41.66086320113333,-87.6447983112,BATTERY,6,0.012994776100007797
655,30,41.762389631366666,-87.68238157373334,ASSAULT,7,0.012994776100007797
537,30,41.83588158893333,-87.6386439561,BURGLARY,8,0.012994776100007797
1138,30,41.83232037476667,-87.66707375183334,THEFT,9,0.012994776100007797
1020,30,41.7713004841,-87.6934080273,ASSAULT,8,0.012994776100007797
1495,30,41.97062149693333,-87.66774961563333,THEFT,9,0.012994776100007797
421,30,41.727928994833334,-87.54608135006667,CRIMINAL DAMAGE,6,0.012994776100007797
1661,30,41.74758494743333,-87.5689032856,THEFT,9,0.012994776100007797
1068,30,41.9172478746,-87.75664520529999,BATTERY,8,0.012994776100007797
1371,30,41.918008847466666,-87.67362919323334,THEFT,7,0.012994776100007797
1063,30,41.67163859483333,-87.65051702420001,BATTERY,10,0.012994776100007797
1351,30,41.95609609866666,-87.7221456118,THEFT,11,0.012994776100007797
1619,29,41.858668106034486,-87.62395073206896,MOTOR VEHICLE THEFT,10,0.012561616896674205
1379,29,41.94997581617242,-87.68063876006896,CRIMINAL DAMAGE,11,0.012561616896674205
723,29,41.688713627344825,-87.53739270931035,BATTERY,11,0.012561616896674205
1403,29,41.91949670927586,-87.72892014562069,THEFT,6,0.012561616896674205
920,29,41.70841853168965,-87.56496429034483,BATTERY,5,0.012561616896674205
1608,29,41.91426565410345,-87.71888499031034,THEFT,9,0.012561616896674205
791,29,41.717516167517246,-87.66287133700001,CRIMINAL DAMAGE,12,0.012561616896674205
823,29,41.740254026034485,-87.5534136805862,BATTERY,9,0.012561616896674205
350,29,41.88139178758621,-87.62086136968965,CRIMINAL DAMAGE,8,0.012561616896674205
1461,29,41.691855608,-87.67780605224138,THEFT,7,0.012561616896674205
373,29,41.69267002913793,-87.60024350786206,DECEPTIVE PRACTICE,6,0.012561616896674205
1494,29,41.75872696168965,-87.57024260686207,DECEPTIVE PRACTICE,8,0.012561616896674205
1282,29,41.65977460872414,-87.63859126234483,MOTOR VEHICLE THEFT,7,0.012561616896674205
1075,29,42.00273202403448,-87.81662399217242,BATTERY,14,0.012561616896674205
523,29,41.92638467179311,-87.63395700331033,CRIMINAL DAMAGE,10,0.012561616896674205
1067,29,41.6805594327931,-87.5400698382069,THEFT,20,0.012561616896674205
530,29,41.86521224672414,-87.64065492665517,THEFT,12,0.012561616896674205
1183,29,41.80793570713793,-87.65507699175862,BATTERY,10,0.012561616896674205
1186,29,41.792227487999995,-87.60495928393102,BATTERY,11,0.012561616896674205
1439,29,41.94543490144828,-87.75258467368965,CRIMINAL DAMAGE,7,0.012561616896674205
1027,29,41.967141888965514,-87.77809335965517,BATTERY,9,0.012561616896674205
1325,29,41.83763500013794,-87.71442282800001,MOTOR VEHICLE THEFT,6,0.012561616896674205
1006,29,41.80153400789655,-87.74302204855172,THEFT,6,0.012561616896674205
998,29,41.76209066137931,-87.68992560458622,BATTERY,8,0.012561616896674205
1141,29,41.90635958662069,-87.74633900731035,BURGLARY,9,0.012561616896674205
663,29,41.961684109137934,-87.6787228693793,THEFT,7,0.012561616896674205
154,28,41.77666347060715,-87.58756609371429,CRIMINAL DAMAGE,6,0.012128457693340611
444,28,41.80213267692857,-87.61367330764287,BATTERY,8,0.012128457693340611
1103,28,41.93718833685715,-87.75498470317858,THEFT,6,0.012128457693340611
844,28,41.88452660207143,-87.77370858453571,BATTERY,10,0.012128457693340611
877,28,41.78283187346428,-87.65148684021428,BATTERY,6,0.012128457693340611
1455,28,41.95583792953572,-87.68332919871429,CRIMINAL DAMAGE,7,0.012128457693340611
883,28,41.91172311385714,-87.73556946707143,BATTERY,10,0.012128457693340611
884,28,41.86755636028572,-87.61966648439285,THEFT,8,0.012128457693340611
963,28,41.6538815635,-87.54699964439286,BATTERY,5,0.012128457693340611
1294,28,41.85243085503571,-87.67929028335713,ASSAULT,6,0.012128457693340611
1049,28,41.79873583285714,-87.66631692792858,THEFT,8,0.012128457693340611
675,28,41.966445571571434,-87.67461143914285,THEFT,12,0.012128457693340611
609,28,41.77909843307143,-87.67685648342857,BATTERY,10,0.012128457693340611
1278,28,41.77557071685714,-87.65407517660715,BATTERY,8,0.012128457693340611
601,28,41.843942707392856,-87.62692152324999,BATTERY,9,0.012128457693340611
1013,28,41.67787748117858,-87.66341725667857,BATTERY,8,0.012128457693340611
586,27,41.79290166,-87.751396529,DECEPTIVE PRACTICE,17,0.011695298490007017
1210,27,41.83082933851852,-87.65144168007407,THEFT,10,0.011695298490007017
1436,27,41.702611833481484,-87.63496629729629,BATTERY,7,0.011695298490007017
1390,27,41.848773431629624,-87.73353574003704,BATTERY,12,0.011695298490007017
204,27,41.686733052074075,-87.62998610981482,BATTERY,8,0.011695298490007017
776,27,41.94907799725926,-87.66870213003703,THEFT,8,0.011695298490007017
881,27,41.81870644540741,-87.66527434737037,ASSAULT,8,0.011695298490007017
1484,27,41.94292693492593,-87.67918579822224,THEFT,7,0.011695298490007017
299,27,41.95993506755556,-87.7011037712963,CRIMINAL DAMAGE,9,0.011695298490007017
1102,27,41.68571824825926,-87.67890180003704,BATTERY,20,0.011695298490007017
160,27,41.871987516296294,-87.69455532637038,THEFT,6,0.011695298490007017
1227,27,41.79699942522222,-87.75291006155555,BATTERY,6,0.011695298490007017
700,27,41.931155205740744,-87.798336955,BATTERY,5,0.011695298490007017
1151,27,41.999951229370375,-87.70013265562963,ASSAULT,7,0.011695298490007017
1459,27,41.79840856396296,-87.70297578555555,THEFT,5,0.011695298490007017
1597,27,41.848890329777774,-87.62625826759259,THEFT,10,0.011695298490007017
506,27,41.72483969811111,-87.61598780292591,ASSAULT,6,0.011695298490007017
408,27,41.984622486,-87.836582104,THEFT,8,0.011695298490007017
1180,27,41.77997883537037,-87.72999092662964,BATTERY,5,0.011695298490007017
666,27,41.874806365111105,-87.65697574522221,BATTERY,8,0.011695298490007017
148,27,41.908648063222216,-87.71835141277778,MOTOR VEHICLE THEFT,5,0.011695298490007017
1309,27,41.9934505317037,-87.65549174625927,ASSAULT,7,0.011695298490007017
1200,27,41.75959472314815,-87.6489450307037,BATTERY,8,0.011695298490007017
826,27,41.78970278077777,-87.68493518451852,MOTOR VEHICLE THEFT,5,0.011695298490007017
853,27,41.74273908959259,-87.63202014522223,THEFT,15,0.011695298490007017
1051,27,41.78548046251852,-87.58659818451852,THEFT,7,0.011695298490007017
1636,27,41.92621304525925,-87.74400717607406,BURGLARY,6,0.011695298490007017
1215,27,41.90233376166667,-87.70144335907408,THEFT,7,0.011695298490007017
1062,27,41.80157715325926,-87.64521243925927,BATTERY,12,0.011695298490007017
803,27,41.92831872503704,-87.68220444344445,THEFT,19,0.011695298490007017
985,27,41.81230354285185,-87.74328291518519,BATTERY,10,0.011695298490007017
692,27,41.81119885166667,-87.69755331833333,BATTERY,8,0.011695298490007017
810,27,41.985322346148145,-87.71439118492593,BATTERY,7,0.011695298490007017
1368,27,41.96520658403704,-87.73203496166667,OTHER OFFENSE,7,0.011695298490007017
1167,26,41.87828500234615,-87.76656773942308,BATTERY,10,0.011262139286673424
838,26,41.74706819942308,-87.58884866173078,DECEPTIVE PRACTICE,6,0.011262139286673424
800,26,41.81805807369231,-87.63900967992308,THEFT,8,0.011262139286673424
1463,26,41.813452063,-87.64067727815385,BATTERY,6,0.011262139286673424
1890,26,41.7526291718077,-87.59500880130769,BATTERY,7,0.011262139286673424
1148,26,41.760846266769235,-87.64721771653846,BATTERY,6,0.011262139286673424
1497,26,41.67766181269231,-87.6528636691923,THEFT,10,0.011262139286673424
1501,26,41.699266505038466,-87.66786362299999,CRIMINAL DAMAGE,9,0.011262139286673424
1032,26,41.80146199861539,-87.72636019703847,CRIMINAL TRESPASS,8,0.011262139286673424
185,26,41.74607253846154,-87.57171216626922,MOTOR VEHICLE THEFT,5,0.011262139286673424
1026,26,41.79587726876923,-87.76156268503846,THEFT,8,0.011262139286673424
1546,26,41.78381257788462,-87.64322496188461,BATTERY,5,0.011262139286673424
898,26,41.659315595038464,-87.64232657392307,ASSAULT,6,0.011262139286673424
1065,26,41.77115975892308,-87.7233379213077,CRIMINAL DAMAGE,5,0.011262139286673424
1015,26,41.69001042307692,-87.66457686692307,CRIMINAL DAMAGE,5,0.011262139286673424
1556,26,41.719478643076926,-87.6531838795,ASSAULT,5,0.011262139286673424
735,26,41.69149477242308,-87.70095145315385,THEFT,11,0.011262139286673424
999,26,41.69204177799999,-87.665923635,BATTERY,15,0.011262139286673424
1331,26,41.865600358692305,-87.76540133769231,ASSAULT,6,0.011262139286673424
1086,26,41.94672444180769,-87.69150767923078,THEFT,14,0.011262139286673424
975,26,41.78925081334615,-87.67164265265386,BATTERY,7,0.011262139286673424
491,26,41.932894298692304,-87.66848519211538,THEFT,14,0.011262139286673424
1287,26,41.86154202353846,-87.66204432803846,THEFT,8,0.011262139286673424
960,26,41.92933854673077,-87.75436661553846,BATTERY,7,0.011262139286673424
1457,26,41.86553626157692,-87.76869192296155,BATTERY,12,0.011262139286673424
321,26,41.65867410073077,-87.5490029931923,CRIMINAL DAMAGE,13,0.011262139286673424
1520,26,41.82429743180769,-87.7001138401923,ASSAULT,6,0.011262139286673424
250,26,41.71538571761538,-87.56638697430769,ASSAULT,7,0.011262139286673424
1611,26,41.749341943999994,-87.56851715446153,THEFT,6,0.011262139286673424
909,26,41.836613166769226,-87.720028504,BATTERY,6,0.011262139286673424
1234,25,41.96533151376,-87.75846076920001,BATTERY,8,0.010828980083339832
1601,25,41.976192798439996,-87.87642768847999,THEFT,10,0.010828980083339832
811,25,41.84404202944,-87.65918536656,THEFT,7,0.010828980083339832
954,25,41.68279874196,-87.6688028686,OTHER OFFENSE,10,0.010828980083339832
1846,25,41.790708474720006,-87.6051221692,BATTERY,6,0.010828980083339832
1503,25,41.73666585632,-87.54445297071999,CRIMINAL DAMAGE,7,0.010828980083339832
1300,25,41.74922744252,-87.72470631856,BATTERY,7,0.010828980083339832
1046,25,41.822379000279994,-87.69559104260001,BATTERY,6,0.010828980083339832
859,25,41.86731766692,-87.7285719158,THEFT,8,0.010828980083339832
1181,25,41.76034971948,-87.68373580728002,OTHER OFFENSE,6,0.010828980083339832
887,25,41.816250137039994,-87.64094806220001,CRIMINAL DAMAGE,5,0.010828980083339832
1079,25,41.7494153542,-87.57416107104,BATTERY,8,0.010828980083339832
944,25,41.92905141515999,-87.67441002032001,THEFT,11,0.010828980083339832
1099,25,41.960069001440004,-87.63761629439999,THEFT,14,0.010828980083339832
842,25,41.77552625552,-87.63331581064,BATTERY,8,0.010828980083339832
1630,25,41.95775234736,-87.71466676368,BATTERY,11,0.010828980083339832
1112,25,41.832318890079996,-87.62179290348,BATTERY,7,0.010828980083339832
1149,25,41.97299186328,-87.68834927296001,BURGLARY,7,0.010828980083339832
1800,25,41.715205926799996,-87.5692463124,BATTERY,6,0.010828980083339832
1088,25,41.76115976748,-87.63456189088,BATTERY,5,0.010828980083339832
812,25,41.68228498112,-87.6616434896,THEFT,9,0.010828980083339832
639,25,41.93698376972,-87.69807821448,THEFT,9,0.010828980083339832
611,25,42.001838183560004,-87.6900491442,BATTERY,6,0.010828980083339832
798,25,41.95143220508,-87.64427720488,BATTERY,7,0.010828980083339832
411,25,41.85668773968,-87.6941752044,CRIMINAL DAMAGE,6,0.010828980083339832
412,25,41.912832057200006,-87.69809878852,BATTERY,6,0.010828980083339832
336,25,41.96838674212,-87.6984279006,THEFT,5,0.010828980083339832
415,25,41.9202640724,-87.75980331216,CRIMINAL DAMAGE,5,0.010828980083339832
379,25,41.84728514476,-87.71543964052,BATTERY,8,0.010828980083339832
469,25,41.703740666680005,-87.53649370432,ASSAULT,6,0.010828980083339832
1241,24,41.71203688154167,-87.62079528016666,ASSAULT,6,0.010395820880006238
773,24,41.969401963375,-87.70049971479166,BATTERY,11,0.010395820880006238
225,24,41.68964790525,-87.65535351675,ASSAULT,5,0.010395820880006238
1770,24,41.86759023091666,-87.68021344524999,BATTERY,12,0.010395820880006238
696,24,41.811554880875,-87.68853766845832,BATTERY,7,0.010395820880006238
536,24,42.01235241395833,-87.69439591220834,BATTERY,7,0.010395820880006238
768,24,41.73084362633333,-87.5819945155,THEFT,5,0.010395820880006238
1246,24,41.705937710625,-87.72008190025001,THEFT,16,0.010395820880006238
1487,24,41.88221704191667,-87.67763901316665,ASSAULT,7,0.010395820880006238
1567,24,42.011266326625,-87.68185204145833,CRIMINAL DAMAGE,9,0.010395820880006238
1045,24,41.93132487245833,-87.782350335375,BURGLARY,5,0.010395820880006238
1409,24,41.953196290499996,-87.66138614604166,DECEPTIVE PRACTICE,5,0.010395820880006238
1271,24,41.807041044583336,-87.74728323733332,BURGLARY,5,0.010395820880006238
1279,24,41.903700233916666,-87.65539328791665,THEFT,7,0.010395820880006238
237,24,41.795902278916664,-87.66636496845832,BATTERY,4,0.010395820880006238
269,24,41.8562570115,-87.73312456166667,ASSAULT,6,0.010395820880006238
1324,24,41.93143323995833,-87.75493283033335,THEFT,15,0.010395820880006238
989,24,41.918508347375,-87.64599160112499,THEFT,7,0.010395820880006238
1506,24,41.797872137625,-87.748537138375,BATTERY,6,0.010395820880006238
1363,24,41.941258684541666,-87.67661376316666,THEFT,6,0.010395820880006238
1202,24,41.68127351520833,-87.67018073225,BATTERY,4,0.010395820880006238
441,24,41.93821739933333,-87.79626362320833,THEFT,9,0.010395820880006238
892,24,41.662413244458335,-87.64109185550001,BATTERY,5,0.010395820880006238
213,24,41.92189634733333,-87.67349811474999,THEFT,9,0.010395820880006238
792,24,41.790543931708335,-87.78011046004167,BATTERY,16,0.010395820880006238
436,24,41.74046976208333,-87.69392517895834,BATTERY,9,0.010395820880006238
468,24,41.95098608854167,-87.66430892770835,BURGLARY,5,0.010395820880006238
1893,24,41.840162105750004,-87.71378202737499,BATTERY,6,0.010395820880006238
1105,24,41.736630671125,-87.56296197608333,BATTERY,6,0.010395820880006238
1150,24,41.720866339833336,-87.68063127699999,BATTERY,7,0.010395820880006238
449,24,41.6847932005,-87.635810724875,THEFT,6,0.010395820880006238
1171,24,41.70544666725,-87.62883333820832,BATTERY,8,0.010395820880006238
435,24,41.98080418095834,-87.65999075804166,BATTERY,8,0.010395820880006238
392,24,41.71667396383334,-87.62271204083333,CRIMINAL DAMAGE,20,0.010395820880006238
712,24,41.97928523658333,-87.67259949266666,THEFT,5,0.010395820880006238
795,24,41.775053374708335,-87.77591943366667,CRIMINAL DAMAGE,5,0.010395820880006238
923,23,41.835688539434784,-87.63453797221739,BURGLARY,6,0.009962661676672644
1004,23,41.66075253104348,-87.63475183756522,CRIMINAL DAMAGE,7,0.009962661676672644
1306,23,41.907576725,-87.74419260469566,MOTOR VEHICLE THEFT,5,0.009962661676672644
1959,23,41.909549926217394,-87.7826776493913,BATTERY,5,0.009962661676672644
872,23,41.74425053995652,-87.59553478243478,ASSAULT,7,0.009962661676672644
585,23,41.975368706478264,-87.74585855165218,CRIMINAL DAMAGE,6,0.009962661676672644
1345,23,41.74939693456522,-87.70823237547826,BATTERY,5,0.009962661676672644
991,23,41.70390566326087,-87.6689337602174,BATTERY,8,0.009962661676672644
447,23,41.91427990239131,-87.76419929817392,BATTERY,5,0.009962661676672644
1728,23,41.86704633713043,-87.67094176830436,BATTERY,6,0.009962661676672644
1507,23,41.761063176565216,-87.63334411108696,BATTERY,8,0.009962661676672644
1617,23,41.76307538543478,-87.63284207321739,BATTERY,5,0.009962661676672644
277,23,41.93839797439131,-87.68652871730434,THEFT,5,0.009962661676672644
577,23,41.695456926956524,-87.65560839978261,BATTERY,6,0.009962661676672644
1229,23,41.89345241104348,-87.76368878686957,BATTERY,7,0.009962661676672644
1097,23,41.99400222330435,-87.70783661282609,CRIMINAL DAMAGE,5,0.009962661676672644
1407,23,41.94899915460869,-87.70307579804349,BATTERY,6,0.009962661676672644
858,23,41.86376622204348,-87.61890573604347,BATTERY,7,0.009962661676672644
774,23,41.80608368304348,-87.65639313839131,BATTERY,9,0.009962661676672644
331,23,41.773655861173914,-87.62833954386956,OTHER OFFENSE,9,0.009962661676672644
1604,23,41.80539882586957,-87.72561854982608,BATTERY,5,0.009962661676672644
405,23,41.72533927347826,-87.60669556686956,THEFT,6,0.009962661676672644
1157,23,41.72692115695652,-87.60307603282608,BATTERY,5,0.009962661676672644
409,23,41.856886083695656,-87.6842193966087,THEFT,6,0.009962661676672644
1654,23,41.70393656621739,-87.60962628691304,THEFT,5,0.009962661676672644
479,23,41.79646472717391,-87.75629795534783,BATTERY,5,0.009962661676672644
1425,22,41.80774509140909,-87.64366117736364,CRIMINAL DAMAGE,7,0.00952950247333905
953,22,41.95308093659091,-87.7848824905909,THEFT,12,0.00952950247333905
650,22,41.70715639340909,-87.6563429159091,ASSAULT,5,0.00952950247333905
235,22,41.737627094000004,-87.57566374868182,BATTERY,6,0.00952950247333905
707,22,41.75815979327273,-87.60132586659091,BATTERY,8,0.00952950247333905
191,22,41.91172832068182,-87.77271995445454,THEFT,5,0.00952950247333905
1408,22,41.70586809090909,-87.70081553913636,THEFT,9,0.00952950247333905
1417,22,41.972033734727276,-87.66956588477272,BATTERY,7,0.00952950247333905
1270,22,41.79007052504546,-87.62971209404544,ASSAULT,5,0.00952950247333905
1350,22,41.72659502581818,-87.60609776677273,ASSAULT,7,0.00952950247333905
1213,22,41.67782456609091,-87.61589351195454,BATTERY,7,0.00952950247333905
1140,22,41.91827550777273,-87.65287020254546,THEFT,6,0.00952950247333905
1147,22,41.67149827845454,-87.65336774686364,ASSAULT,6,0.00952950247333905
428,22,41.683980946,-87.61478908968182,ASSAULT,4,0.00952950247333905
426,22,41.821567572863636,-87.70452993081818,BATTERY,9,0.00952950247333905
1117,22,41.74627611254545,-87.69325140577273,BATTERY,6,0.00952950247333905
496,22,41.94161711290909,-87.71638874109091,BATTERY,7,0.00952950247333905
1084,22,41.786041638681816,-87.71056527572728,CRIMINAL DAMAGE,6,0.00952950247333905
524,22,41.93283341968182,-87.6813424534091,BATTERY,9,0.00952950247333905
272,22,41.85640723536363,-87.70538626154546,BATTERY,5,0.00952950247333905
535,22,41.85579800427273,-87.67941182759091,THEFT,9,0.00952950247333905
1056,22,41.770941854363635,-87.74040516845454,ASSAULT,8,0.00952950247333905
1447,22,41.77016509786363,-87.64171408045455,BATTERY,6,0.00952950247333905
578,22,41.72102547309091,-87.6717232300909,BATTERY,7,0.00952950247333905
580,22,41.81263436786364,-87.60836770927273,CRIMINAL DAMAGE,8,0.00952950247333905
583,22,41.824785461909094,-87.70463986436363,ASSAULT,5,0.00952950247333905
1302,22,41.699576812000004,-87.60734034395455,BATTERY,5,0.00952950247333905
1700,22,41.66725532990909,-87.62162658777272,ASSAULT,6,0.00952950247333905
802,22,41.756526325954546,-87.57596242986364,THEFT,6,0.00952950247333905
780,22,41.71524964718182,-87.65583345168181,BATTERY,4,0.00952950247333905
1647,22,41.83986759768182,-87.73499941895454,BATTERY,6,0.00952950247333905
1559,22,41.868113876954546,-87.72351476749999,NARCOTICS,9,0.00952950247333905
1533,22,41.97530479177273,-87.65350998449999,THEFT,13,0.00952950247333905
1541,22,41.67118280372727,-87.62222203,ASSAULT,6,0.00952950247333905
840,22,41.738311968454546,-87.5774890264091,BURGLARY,6,0.00952950247333905
726,22,42.00941727463636,-87.69681291759092,CRIMINAL DAMAGE,5,0.00952950247333905
74,21,41.967987721,-87.64418789214285,BURGLARY,10,0.009096343270005459
1335,21,41.80617856804762,-87.65761003014285,CRIMINAL DAMAGE,6,0.009096343270005459
1583,21,41.7732332572381,-87.68066463452381,MOTOR VEHICLE THEFT,5,0.009096343270005459
1349,21,41.83472535657143,-87.63247942671428,BATTERY,4,0.009096343270005459
1354,21,41.763852024,-87.71428083995238,MOTOR VEHICLE THEFT,6,0.009096343270005459
251,21,41.80537754333333,-87.72337708004763,BATTERY,4,0.009096343270005459
137,21,41.740162845,-87.56549385257142,DECEPTIVE PRACTICE,4,0.009096343270005459
1943,21,41.79897406766666,-87.65411292333333,ASSAULT,4,0.009096343270005459
1130,21,41.668187487285714,-87.63789223066667,CRIMINAL DAMAGE,6,0.009096343270005459
1089,21,41.928928401142855,-87.697141012,THEFT,6,0.009096343270005459
1131,21,41.79219175566667,-87.62078123080953,BATTERY,5,0.009096343270005459
678,21,41.882976563571425,-87.68942367209523,OTHER OFFENSE,9,0.009096343270005459
142,21,41.84922574504762,-87.70272497519048,BATTERY,6,0.009096343270005459
1398,21,41.69950889242857,-87.63865463242857,BATTERY,5,0.009096343270005459
1332,21,41.9461171887619,-87.75771619109524,BURGLARY,5,0.009096343270005459
1566,21,41.810473709190475,-87.64159761166667,BATTERY,4,0.009096343270005459
870,21,41.97173068523809,-87.65319416980952,MOTOR VEHICLE THEFT,5,0.009096343270005459
613,21,41.82128123128572,-87.62477532938095,ASSAULT,4,0.009096343270005459
1111,21,41.81140062390476,-87.70343079304762,MOTOR VEHICLE THEFT,6,0.009096343270005459
1593,21,41.81778038204762,-87.64437677190476,THEFT,4,0.009096343270005459
1755,21,41.947502021666665,-87.6686917605238,THEFT,6,0.009096343270005459
854,21,41.69175663466667,-87.67988751385714,BATTERY,6,0.009096343270005459
1275,21,41.917068045238096,-87.64840373338095,THEFT,11,0.009096343270005459
572,21,41.725559825619044,-87.59797446985715,BATTERY,5,0.009096343270005459
762,21,41.799632365428565,-87.6177242997619,BATTERY,7,0.009096343270005459
287,21,41.789387657333336,-87.64380814680952,BATTERY,5,0.009096343270005459
1295,21,41.94550954909524,-87.66715092447619,OTHER OFFENSE,8,0.009096343270005459
283,21,41.884955322761904,-87.71666713871429,BATTERY,5,0.009096343270005459
1536,21,41.70682503966667,-87.63753737733333,BATTERY,5,0.009096343270005459
1451,21,41.92269413061905,-87.76796298557143,BATTERY,8,0.009096343270005459
1107,21,41.769452949,-87.6087643,ASSAULT,5,0.009096343270005459
276,21,41.839714975142854,-87.6276813595238,BATTERY,10,0.009096343270005459
682,21,41.961936427380955,-87.6690740322381,THEFT,9,0.009096343270005459
734,21,41.95932022057143,-87.68227108904762,THEFT,8,0.009096343270005459
1235,21,41.96401304947619,-87.66431047538096,THEFT,7,0.009096343270005459
702,21,41.73452390571428,-87.58529848733333,MOTOR VEHICLE THEFT,4,0.009096343270005459
727,21,41.767921234333336,-87.66687423361904,BATTERY,7,0.009096343270005459
829,21,41.91963772961905,-87.70901540242856,CRIMINAL DAMAGE,5,0.009096343270005459
1865,21,41.658082314714285,-87.61350846414287,BATTERY,7,0.009096343270005459
1177,21,41.817310294857144,-87.603531694,THEFT,7,0.009096343270005459
1096,21,41.746487069761905,-87.72238213600001,BATTERY,6,0.009096343270005459
916,21,41.842773046714285,-87.63191346433334,CRIMINAL DAMAGE,6,0.009096343270005459
714,21,41.73300381314286,-87.55549926685714,ASSAULT,6,0.009096343270005459
781,21,41.785946188666664,-87.68364857633334,ASSAULT,6,0.009096343270005459
921,21,41.77788041985715,-87.60161174357142,THEFT,7,0.009096343270005459
796,20,41.77636864925,-87.7935277465,ASSAULT,9,0.008663184066671865
6,20,41.731248006650006,-87.54568710735,BATTERY,6,0.008663184066671865
867,20,41.71215870715,-87.61436311915,BATTERY,4,0.008663184066671865
1744,20,41.95265839105,-87.70593564890001,BATTERY,4,0.008663184066671865
1726,20,41.9217983905,-87.73894611429999,BURGLARY,5,0.008663184066671865
1525,20,41.7059091175,-87.53503473505,BATTERY,5,0.008663184066671865
1511,20,41.7015957757,-87.63153798200001,BATTERY,6,0.008663184066671865
914,20,41.814980917499994,-87.6904449727,BATTERY,4,0.008663184066671865
429,20,41.95477006415,-87.67436538295,THEFT,6,0.008663184066671865
1223,20,41.74602168485,-87.68214874185,BATTERY,7,0.008663184066671865
216,20,41.85745192655,-87.6256015736,OTHER OFFENSE,10,0.008663184066671865
166,20,41.93432533865,-87.70507674665001,BATTERY,5,0.008663184066671865
612,20,41.757219942800006,-87.6429878278,BATTERY,7,0.008663184066671865
813,20,41.926328009500004,-87.7928947575,THEFT,11,0.008663184066671865
1340,20,41.754284247650006,-87.70768259500001,ASSAULT,7,0.008663184066671865
1866,20,41.7134319182,-87.56536851004999,CRIMINAL DAMAGE,7,0.008663184066671865
1081,20,41.84061510005,-87.69483776175,THEFT,5,0.008663184066671865
1000,20,41.93648777555,-87.73671516695,BURGLARY,6,0.008663184066671865
209,20,41.74621178045,-87.6438672416,ASSAULT,5,0.008663184066671865
1829,20,41.76847367955,-87.6406717878,BATTERY,5,0.008663184066671865
1164,20,41.7761626467,-87.73881878095,CRIMINAL DAMAGE,7,0.008663184066671865
713,20,42.003732643199996,-87.6971364259,BATTERY,5,0.008663184066671865
1441,20,41.7402204105,-87.5575513789,THEFT,5,0.008663184066671865
196,20,41.7117506958,-87.59941867469999,OTHER OFFENSE,5,0.008663184066671865
1195,20,41.91766421125,-87.75952813285001,BATTERY,9,0.008663184066671865
338,20,41.80113425325,-87.62422684135001,ASSAULT,4,0.008663184066671865
1383,20,41.985552627,-87.7876246989,CRIMINAL DAMAGE,5,0.008663184066671865
1570,20,41.9351003247,-87.71117795400001,THEFT,6,0.008663184066671865
1385,20,41.96351336515,-87.67685241805,THEFT,5,0.008663184066671865
1715,20,41.6813445021,-87.61518652800001,BATTERY,5,0.008663184066671865
1376,20,41.88894009245,-87.71490422445001,BATTERY,7,0.008663184066671865
716,20,41.876463309049996,-87.660396808,CRIMINAL DAMAGE,3,0.008663184066671865
676,20,41.697353572,-87.63416851275,BATTERY,7,0.008663184066671865
721,20,41.6976103913,-87.61711454145,CRIMINAL DAMAGE,8,0.008663184066671865
1498,20,41.7913899421,-87.68882505680001,ASSAULT,7,0.008663184066671865
1577,20,41.74896264605,-87.68674466575001,MOTOR VEHICLE THEFT,4,0.008663184066671865
233,20,41.76085521895,-87.6406459691,ASSAULT,6,0.008663184066671865
35,20,41.97118391505,-87.67895854150001,THEFT,7,0.008663184066671865
227,20,41.9817741357,-87.7119124946,BATTERY,7,0.008663184066671865
1836,19,41.72175879026316,-87.59868464042106,OTHER OFFENSE,5,0.008230024863338271
1543,19,41.774840090210525,-87.69907423568421,BATTERY,7,0.008230024863338271
1247,19,41.76076300368421,-87.65064002810526,BATTERY,4,0.008230024863338271
710,19,41.87055458189474,-87.7478928996842,BATTERY,3,0.008230024863338271
89,19,41.76626689331579,-87.65703524278948,ASSAULT,4,0.008230024863338271
546,19,41.875036211421055,-87.66184599342105,BATTERY,6,0.008230024863338271
579,19,41.79509989705263,-87.66340000952631,ASSAULT,11,0.008230024863338271
1158,19,41.90327612594737,-87.73642087073684,THEFT,5,0.008230024863338271
1537,19,41.805095948,-87.74797898652632,CRIMINAL DAMAGE,5,0.008230024863338271
1817,19,41.729316341421054,-87.57103391984211,ASSAULT,4,0.008230024863338271
860,19,42.00896170031579,-87.68178930189474,DECEPTIVE PRACTICE,6,0.008230024863338271
1221,19,41.78260208494737,-87.67176860268421,BATTERY,4,0.008230024863338271
339,19,41.92524218257895,-87.749551398,THEFT,7,0.008230024863338271
1561,19,41.725908483263154,-87.59265521357895,BATTERY,5,0.008230024863338271
2017,19,41.78986593573684,-87.71113935789474,ASSAULT,3,0.008230024863338271
1042,19,41.90897128510526,-87.68544541557894,THEFT,7,0.008230024863338271
119,19,41.79704501736842,-87.66466428757896,THEFT,6,0.008230024863338271
1035,19,41.816703138684204,-87.6080317241579,ASSAULT,5,0.008230024863338271
1812,19,41.84900585863158,-87.62298255194737,MOTOR VEHICLE THEFT,5,0.008230024863338271
1224,19,41.692993210789474,-87.63102464726316,CRIMINAL DAMAGE,3,0.008230024863338271
151,19,41.72646476057895,-87.60863208847368,BATTERY,5,0.008230024863338271
1327,19,41.69577512321053,-87.62852840357895,BATTERY,4,0.008230024863338271
1724,19,41.83570456189474,-87.66888333626316,THEFT,5,0.008230024863338271
1902,19,41.77763721557894,-87.78391020652631,BATTERY,5,0.008230024863338271
497,19,41.887476627157895,-87.70977812063158,ASSAULT,5,0.008230024863338271
462,19,41.968729832473684,-87.65335507994736,THEFT,5,0.008230024863338271
837,19,41.68813692678947,-87.63543963278947,THEFT,5,0.008230024863338271
648,19,41.776030778000006,-87.75730782421051,ASSAULT,5,0.008230024863338271
1473,19,41.77624238110527,-87.5945531258421,THEFT,6,0.008230024863338271
1571,19,41.811229361578945,-87.59871865473684,BATTERY,5,0.008230024863338271
937,19,41.95379444,-87.64494862131579,DECEPTIVE PRACTICE,4,0.008230024863338271
932,19,41.78994209863158,-87.64625982573683,OTHER OFFENSE,6,0.008230024863338271
1381,19,41.72835113963158,-87.66650603568421,THEFT,4,0.008230024863338271
1382,19,41.930627339789474,-87.70210264063158,BURGLARY,8,0.008230024863338271
1475,19,41.64935927126316,-87.54545341289474,BATTERY,3,0.008230024863338271
741,19,41.78066143705263,-87.66667139710526,BATTERY,4,0.008230024863338271
1485,19,41.95256541642105,-87.80653524263157,ASSAULT,5,0.008230024863338271
1862,19,41.93332048784211,-87.65971425568421,THEFT,7,0.008230024863338271
1356,19,41.74081728936842,-87.55149323578948,CRIMINAL DAMAGE,5,0.008230024863338271
460,19,41.859601790894736,-87.73596667473684,NARCOTICS,7,0.008230024863338271
986,19,41.907878407210525,-87.77339061057894,THEFT,6,0.008230024863338271
1160,19,41.8178125981579,-87.61982451847368,BATTERY,5,0.008230024863338271
1985,19,41.79859880626316,-87.68855594557895,BATTERY,4,0.008230024863338271
1704,19,41.93086683594737,-87.74986374821053,OTHER OFFENSE,5,0.008230024863338271
634,19,42.0125717548421,-87.68135795563158,BATTERY,11,0.008230024863338271
516,19,41.72206525205264,-87.56933147189473,BATTERY,5,0.008230024863338271
1179,19,41.66340378736842,-87.62575476831579,BATTERY,4,0.008230024863338271
705,19,41.917413683263156,-87.77542207705264,BURGLARY,9,0.008230024863338271
1208,19,41.90175482094737,-87.7105067076842,BATTERY,6,0.008230024863338271
1206,19,41.97648959394737,-87.78861290068421,BURGLARY,4,0.008230024863338271
993,19,41.791354197842104,-87.68624749826316,BATTERY,10,0.008230024863338271
1983,19,41.80350328036842,-87.73146596773684,MOTOR VEHICLE THEFT,4,0.008230024863338271
1675,19,41.95314991873684,-87.67261859805264,THEFT,11,0.008230024863338271
1204,19,41.77105365878948,-87.73045760036842,CRIMINAL DAMAGE,4,0.008230024863338271
808,19,41.932356285,-87.65758066589474,THEFT,9,0.008230024863338271
1818,18,41.87828395861111,-87.62053849327778,DECEPTIVE PRACTICE,4,0.007796865660004678
1785,18,41.935106753444444,-87.66236108705556,THEFT,7,0.007796865660004678
540,18,41.752242399833335,-87.62275378194445,BATTERY,4,0.007796865660004678
1588,18,41.884674053055555,-87.61703055977779,BATTERY,5,0.007796865660004678
1995,18,41.97674938466667,-87.6627822506111,THEFT,8,0.007796865660004678
1582,18,41.746378280777776,-87.70812645405556,BATTERY,5,0.007796865660004678
1576,18,41.733114304333334,-87.6642549933889,BATTERY,3,0.007796865660004678
1233,18,41.76374085055556,-87.5928627203889,BATTERY,5,0.007796865660004678
1827,18,41.814843198333335,-87.61553297905556,CRIMINAL DAMAGE,5,0.007796865660004678
1369,18,41.97526488027778,-87.8060871205,THEFT,7,0.007796865660004678
54,18,41.70123450855556,-87.60684404083332,BATTERY,5,0.007796865660004678
732,18,41.79707120794444,-87.58895770605555,THEFT,8,0.007796865660004678
640,18,41.65119393305556,-87.5453964458889,BATTERY,8,0.007796865660004678
1370,18,41.73363828927778,-87.5881455035,THEFT,6,0.007796865660004678
1374,18,42.00166731894444,-87.69787127122223,THEFT,7,0.007796865660004678
654,18,41.94579845538888,-87.77516393172222,THEFT,9,0.007796865660004678
885,18,41.730190450222224,-87.60848885866668,CRIMINAL DAMAGE,4,0.007796865660004678
1380,18,41.94376359238889,-87.76002922038889,OTHER OFFENSE,4,0.007796865660004678
948,18,41.953783081,-87.915105451,NARCOTICS,13,0.007796865660004678
41,18,41.93944470338889,-87.68956593183333,OTHER OFFENSE,7,0.007796865660004678
1477,18,41.96584322755555,-87.78139865622222,OTHER OFFENSE,6,0.007796865660004678
254,18,41.717222384833335,-87.53702046633333,ASSAULT,5,0.007796865660004678
935,18,41.673556658555555,-87.63027395572222,BATTERY,4,0.007796865660004678
1426,18,41.87134386522222,-87.66986648144444,THEFT,8,0.007796865660004678
167,18,41.73719730666667,-87.65418462394445,BATTERY,4,0.007796865660004678
900,18,41.98601703116666,-87.72851941394444,THEFT,8,0.007796865660004678
1701,18,41.98554866444445,-87.6992453795,ASSAULT,4,0.007796865660004678
1445,18,41.879387672,-87.71408311894444,BATTERY,4,0.007796865660004678
717,18,41.73199516938889,-87.63731992127776,BATTERY,7,0.007796865660004678
719,18,41.66465340105556,-87.61995579438889,BATTERY,4,0.007796865660004678
136,18,41.830630746333334,-87.69482016844444,ROBBERY,4,0.007796865660004678
1672,18,41.81230633272222,-87.64297874372222,BATTERY,6,0.007796865660004678
763,18,41.98396743111111,-87.76819381233332,BATTERY,5,0.007796865660004678
1513,18,41.9231292955,-87.72253562477778,BURGLARY,4,0.007796865660004678
1125,18,41.7733376095,-87.66282083466666,MOTOR VEHICLE THEFT,5,0.007796865660004678
994,18,41.8110322915,-87.70579246222222,CRIMINAL DAMAGE,4,0.007796865660004678
1262,18,41.72866950344444,-87.59857679311112,ASSAULT,5,0.007796865660004678
264,18,41.794156224666665,-87.7567417175,BATTERY,5,0.007796865660004678
1635,18,41.78766797022222,-87.71172267761112,ASSAULT,4,0.007796865660004678
268,18,41.715000425999996,-87.57269356655556,BATTERY,9,0.007796865660004678
1741,18,41.72723114927778,-87.61719107172222,ASSAULT,4,0.007796865660004678
1663,18,41.71673048633333,-87.55153290866667,MOTOR VEHICLE THEFT,5,0.007796865660004678
2028,18,41.675524285277774,-87.62559321622221,BATTERY,7,0.007796865660004678
1844,18,41.71925700111111,-87.628123469,MOTOR VEHICLE THEFT,4,0.007796865660004678
1538,18,41.813096907777776,-87.69068148383333,BATTERY,4,0.007796865660004678
305,18,41.72070525983333,-87.53649781583334,BATTERY,5,0.007796865660004678
1156,17,41.9193654507647,-87.73826019570589,ASSAULT,2,0.007363706456671085
1154,17,41.97529505611765,-87.75206652076471,BATTERY,7,0.007363706456671085
1153,17,42.010414872000005,-87.66113787482354,THEFT,10,0.007363706456671085
1795,17,42.00403273494118,-87.66415448664706,BATTERY,9,0.007363706456671085
1607,17,41.739091626352945,-87.64891724005882,BATTERY,4,0.007363706456671085
1633,17,41.754417397411764,-87.71523627558824,MOTOR VEHICLE THEFT,4,0.007363706456671085
1146,17,41.758174759,-87.549934016,BATTERY,5,0.007363706456671085
1699,17,41.946994640411766,-87.67898776911765,CRIMINAL DAMAGE,4,0.007363706456671085
1784,17,41.736095606235295,-87.61878676047058,BATTERY,4,0.007363706456671085
121,17,41.95200969405882,-87.73075774588236,BATTERY,6,0.007363706456671085
1440,17,41.91341239541176,-87.64248846394118,THEFT,8,0.007363706456671085
1435,17,41.700427793882355,-87.53546626305882,BATTERY,5,0.007363706456671085
1410,17,41.854881762,-87.679155834,THEFT,7,0.007363706456671085
1406,17,41.87393802470588,-87.74839806341177,ASSAULT,5,0.007363706456671085
1387,17,41.73891451188235,-87.65758606941176,CRIMINAL DAMAGE,4,0.007363706456671085
1717,17,41.79530658817647,-87.73384013305883,THEFT,5,0.007363706456671085
130,17,41.70047131747059,-87.53916288911763,CRIMINAL DAMAGE,4,0.007363706456671085
1360,17,41.738987931882356,-87.70273296170589,CRIMINAL DAMAGE,5,0.007363706456671085
1357,17,41.65481964258824,-87.54879481270589,OTHER OFFENSE,4,0.007363706456671085
1512,17,41.78794249217647,-87.58772040158823,CRIMINAL DAMAGE,6,0.007363706456671085
1673,17,41.829929212,-87.724198877,THEFT,11,0.007363706456671085
1341,17,41.96068060247059,-87.76305628252942,BATTERY,5,0.007363706456671085
1521,17,41.92513202911765,-87.70895229952941,THEFT,5,0.007363706456671085
1740,17,41.99970996252941,-87.688689976,THEFT,6,0.007363706456671085
271,17,41.94357998041176,-87.68816336417646,THEFT,11,0.007363706456671085
1205,17,41.938680538235296,-87.78196128382353,CRIMINAL DAMAGE,5,0.007363706456671085
1531,17,41.73478512682353,-87.55824718823528,BATTERY,5,0.007363706456671085
1532,17,41.84931904611764,-87.70395335288235,BATTERY,4,0.007363706456671085
282,17,41.694389312235295,-87.66692523282353,BATTERY,5,0.007363706456671085
334,17,41.92888090858823,-87.65720811652942,THEFT,4,0.007363706456671085
1266,17,41.786023668647054,-87.71655865629411,BATTERY,10,0.007363706456671085
342,17,41.94195550494118,-87.69866634023529,BURGLARY,6,0.007363706456671085
1252,17,41.87030280847059,-87.75598075,BATTERY,3,0.007363706456671085
1242,17,41.76643543447059,-87.63838307282353,BATTERY,7,0.007363706456671085
1662,17,41.939648270411766,-87.75739619629411,BATTERY,5,0.007363706456671085
1655,17,41.74227266847059,-87.54542335252941,BATTERY,4,0.007363706456671085
1557,17,41.91120175376471,-87.64513587523528,THEFT,5,0.007363706456671085
1562,17,41.69830185247059,-87.52848961758822,BATTERY,4,0.007363706456671085
1220,17,41.934039676411764,-87.65687150688235,THEFT,6,0.007363706456671085
1769,17,41.736566118058825,-87.57752673011765,THEFT,7,0.007363706456671085
1664,17,41.74206005817647,-87.56243755529412,BATTERY,5,0.007363706456671085
1214,17,41.75274336164706,-87.70659321652941,BATTERY,5,0.007363706456671085
1848,17,41.741097777470586,-87.58733339088235,BATTERY,5,0.007363706456671085
1958,17,41.937172683647056,-87.77134401752942,BATTERY,4,0.007363706456671085
1012,17,41.726048168235295,-87.66035913600001,BATTERY,7,0.007363706456671085
756,17,41.96574444411765,-87.67139714847059,THEFT,6,0.007363706456671085
488,17,41.79235931476471,-87.77765388594118,THEFT,4,0.007363706456671085
484,17,41.781571592764706,-87.71185130682353,DECEPTIVE PRACTICE,4,0.007363706456671085
897,17,41.93933327905882,-87.67876211411765,MOTOR VEHICLE THEFT,5,0.007363706456671085
1884,17,41.918315723,-87.77248404876471,BURGLARY,6,0.007363706456671085
569,17,41.90720341270588,-87.71487477329413,BURGLARY,6,0.007363706456671085
1014,17,41.733307392294115,-87.60638302794118,BATTERY,6,0.007363706456671085
738,17,41.73321678658823,-87.54436445647059,ASSAULT,7,0.007363706456671085
980,17,41.928284786294114,-87.7199670915294,CRIMINAL DAMAGE,5,0.007363706456671085
915,17,41.73343761811765,-87.62247541694117,OTHER OFFENSE,6,0.007363706456671085
864,17,41.78414963258824,-87.67403356370588,BATTERY,4,0.007363706456671085
1122,17,41.677524222352936,-87.65664622541176,BATTERY,6,0.007363706456671085
1806,17,41.74269669517647,-87.67646666394117,THEFT,5,0.007363706456671085
499,17,41.68849588864706,-87.60953390352941,CRIMINAL DAMAGE,5,0.007363706456671085
693,17,41.93820617470588,-87.80431134811765,OTHER OFFENSE,5,0.007363706456671085
801,17,41.927105730294116,-87.68044415541176,DECEPTIVE PRACTICE,5,0.007363706456671085
456,17,41.682445462764704,-87.65862233423529,BATTERY,4,0.007363706456671085
1034,17,42.009147000235295,-87.664554548,THEFT,5,0.007363706456671085
1880,17,41.71292898447059,-87.57104349617646,ASSAULT,3,0.007363706456671085
1858,17,41.68730210517647,-87.66400100882353,THEFT,6,0.007363706456671085
1286,16,41.753066405249996,-87.6744308021875,BATTERY,4,0.006930547253337491
531,16,41.8123349973125,-87.5954876393125,ASSAULT,3,0.006930547253337491
1970,16,41.9280131629375,-87.7700260709375,CRIMINAL DAMAGE,10,0.006930547253337491
1569,16,41.8137758540625,-87.6422466785,BATTERY,5,0.006930547253337491
607,16,41.9836261991875,-87.7001802610625,ASSAULT,5,0.006930547253337491
1290,16,41.737524215937505,-87.6432889825,CRIMINAL DAMAGE,3,0.006930547253337491
1584,16,41.74440833975,-87.6475037038125,ASSAULT,4,0.006930547253337491
1826,16,41.789449466875,-87.700146841,BATTERY,4,0.006930547253337491
1320,16,41.7340988779375,-87.5921324271875,BATTERY,4,0.006930547253337491
1003,16,41.813158102624996,-87.69399807931251,BATTERY,7,0.006930547253337491
1922,16,41.7894986695,-87.6907521724375,ASSAULT,3,0.006930547253337491
382,16,41.8123779556875,-87.6855029031875,BATTERY,4,0.006930547253337491
805,16,41.758591374375,-87.581772187875,BATTERY,4,0.006930547253337491
1007,16,42.00851302225,-87.6861414991875,THEFT,7,0.006930547253337491
1777,16,41.8130750100625,-87.6980335355625,BATTERY,8,0.006930547253337491
1322,16,41.80420748725,-87.5941807345625,CRIMINAL DAMAGE,5,0.006930547253337491
1255,16,41.9337661026875,-87.7640122508125,CRIMINAL DAMAGE,3,0.006930547253337491
825,16,41.9301805275,-87.6364355959375,THEFT,5,0.006930547253337491
1259,16,41.8030280553125,-87.7149179709375,CRIMINAL DAMAGE,6,0.006930547253337491
930,16,41.8871758131875,-87.7315161205625,THEFT,7,0.006930547253337491
687,16,41.769076614125,-87.5952346030625,BATTERY,7,0.006930547253337491
1968,16,41.7459689086875,-87.5660636684375,BATTERY,4,0.006930547253337491
2008,16,41.91768577225,-87.6677206490625,THEFT,7,0.006930547253337491
1245,16,41.9944012010625,-87.7036576339375,BATTERY,6,0.006930547253337491
748,16,41.7246369021875,-87.625799931875,CRIMINAL DAMAGE,5,0.006930547253337491
1705,16,41.8031845401875,-87.62105556825,CRIMINAL DAMAGE,3,0.006930547253337491
1579,16,41.800464750625004,-87.7319485620625,BATTERY,6,0.006930547253337491
140,16,41.9300966885625,-87.68589567925,BURGLARY,5,0.006930547253337491
1719,16,41.7395324188125,-87.6098092865625,THEFT,4,0.006930547253337491
1238,16,41.743824402125,-87.7019799605625,BATTERY,3,0.006930547253337491
368,16,41.7003023931875,-87.54134425543751,BATTERY,4,0.006930547253337491
369,16,41.7180274646875,-87.6578786149375,CRIMINAL DAMAGE,4,0.006930547253337491
832,16,41.828170997875,-87.659316097125,MOTOR VEHICLE THEFT,4,0.006930547253337491
1767,16,41.82611376525,-87.675189148625,THEFT,5,0.006930547253337491
270,16,41.708047388,-87.65016046,BATTERY,6,0.006930547253337491
1230,16,41.920990025625,-87.747513227125,THEFT,4,0.006930547253337491
261,16,41.98696717025,-87.840586029625,THEFT,6,0.006930547253337491
1228,16,41.8518899309375,-87.68204363825,BATTERY,4,0.006930547253337491
201,16,41.8157509709375,-87.6446619555625,ASSAULT,3,0.006930547253337491
1596,16,41.78755703275,-87.6911414518125,THEFT,5,0.006930547253337491
777,16,41.7401772465625,-87.5599771640625,BATTERY,3,0.006930547253337491
1888,16,41.8093919503125,-87.7011932739375,BATTERY,4,0.006930547253337491
172,16,41.877614684625,-87.67070170843749,BURGLARY,3,0.006930547253337491
1514,16,41.7126518488125,-87.622005370375,OTHER OFFENSE,8,0.006930547253337491
1529,16,41.6699414975625,-87.6255655866875,BATTERY,7,0.006930547253337491
1482,16,41.8033144151875,-87.6733232198125,ASSAULT,6,0.006930547253337491
1281,16,41.849667717375,-87.6936624249375,BATTERY,4,0.006930547253337491
1163,16,41.726143848250004,-87.5496430366875,ASSAULT,4,0.006930547253337491
1104,16,41.85975723525,-87.63027053025,THEFT,5,0.006930547253337491
1689,16,41.824817166624996,-87.7025306880625,THEFT,4,0.006930547253337491
1108,16,41.867020897875,-87.6477998415625,ASSAULT,4,0.006930547253337491
672,16,41.728873453,-87.5867408134375,BATTERY,4,0.006930547253337491
1688,16,41.767727391437504,-87.6833247115,ASSAULT,4,0.006930547253337491
1627,16,41.79732175425,-87.641092462375,BATTERY,5,0.006930547253337491
1038,16,41.9552040291875,-87.66276591825,THEFT,6,0.006930547253337491
1857,16,41.79030978775,-87.6324123565,BATTERY,4,0.006930547253337491
1121,16,41.718850109,-87.5364928555625,MOTOR VEHICLE THEFT,5,0.006930547253337491
1517,16,41.9900937589375,-87.7482118481875,CRIMINAL DAMAGE,3,0.006930547253337491
1938,16,41.9416852271875,-87.6835349485,THEFT,5,0.006930547253337491
573,16,41.808798894875,-87.744413878375,CRIMINAL DAMAGE,3,0.006930547253337491
1798,16,41.7897244034375,-87.65961884475,BATTERY,4,0.006930547253337491
873,16,41.7114782853125,-87.535121897375,CRIMINAL DAMAGE,5,0.006930547253337491
1135,16,41.951111926687496,-87.82701343149999,BURGLARY,3,0.006930547253337491
1172,16,41.7384664624375,-87.5611678804375,THEFT,5,0.006930547253337491
1251,16,41.9818840321875,-87.70883216593751,THEFT,5,0.006930547253337491
179,16,41.8041875733125,-87.670932740875,BATTERY,8,0.006930547253337491
561,16,41.9204142685,-87.6526325278125,MOTOR VEHICLE THEFT,4,0.006930547253337491
1268,16,41.7934367106875,-87.71551211925001,MOTOR VEHICLE THEFT,5,0.006930547253337491
1392,16,41.6509278603125,-87.547160038375,ASSAULT,4,0.006930547253337491
1191,16,41.9615329178125,-87.7030403300625,BURGLARY,7,0.006930547253337491
1391,16,41.85659630275,-87.676856385625,THEFT,4,0.006930547253337491
1343,16,41.9639444893125,-87.667419773125,THEFT,8,0.006930547253337491
1606,16,41.9343059848125,-87.73053575349999,BATTERY,3,0.006930547253337491
56,16,42.0090133941875,-87.7092284999375,THEFT,7,0.006930547253337491
1547,16,41.9212619065625,-87.732417687875,MOTOR VEHICLE THEFT,4,0.006930547253337491
1394,16,41.95104831125,-87.71626868212499,BATTERY,6,0.006930547253337491
761,16,41.771583300875,-87.7062219224375,CRIMINAL DAMAGE,3,0.006930547253337491
1600,16,41.7971405915625,-87.6544499785,MOTOR VEHICLE THEFT,4,0.006930547253337491
1389,16,41.8160913910625,-87.6044876514375,MOTOR VEHICLE THEFT,5,0.006930547253337491
1269,16,41.734823756750004,-87.55969149825,CRIMINAL DAMAGE,4,0.006930547253337491
1676,16,41.705172877875,-87.606951609125,BATTERY,7,0.006930547253337491
1892,16,41.782978986125,-87.7754274620625,CRIMINAL DAMAGE,6,0.006930547253337491
1199,16,41.7204707630625,-87.5524527938125,BATTERY,5,0.006930547253337491
731,16,41.915514788562504,-87.6435778323125,ASSAULT,6,0.006930547253337491
1283,15,41.67000073813333,-87.62922510493333,OTHER OFFENSE,4,0.006497388050003898
1412,15,41.73315882426667,-87.65569041233333,BATTERY,5,0.006497388050003898
1416,15,41.7660122514,-87.68037507446667,ASSAULT,4,0.006497388050003898
1024,15,41.691640278533335,-87.65835806353333,BATTERY,7,0.006497388050003898
2045,15,41.76160410413333,-87.60347875946667,BATTERY,5,0.006497388050003898
1920,15,41.697375306333335,-87.72058446579999,BATTERY,6,0.006497388050003898
576,15,41.799263350333334,-87.62420627026668,BATTERY,5,0.006497388050003898
266,15,41.7180682596,-87.57558624126666,OTHER OFFENSE,5,0.006497388050003898
1903,15,41.92213187626667,-87.65716624166666,THEFT,6,0.006497388050003898
1550,15,41.91325859493334,-87.78338667393334,ASSAULT,4,0.006497388050003898
1373,15,41.991517682533335,-87.79822134386667,THEFT,4,0.006497388050003898
1725,15,41.9113177818,-87.781461564,ASSAULT,6,0.006497388050003898
1667,15,42.00637587993333,-87.68423519853333,THEFT,4,0.006497388050003898
674,15,41.731610532333335,-87.63984541626665,BATTERY,7,0.006497388050003898
1384,15,41.91262008666667,-87.69082356559998,THEFT,8,0.006497388050003898
1860,15,41.93745131833334,-87.77387205406667,CRIMINAL DAMAGE,4,0.006497388050003898
1386,15,41.92069910433334,-87.66845815413333,THEFT,5,0.006497388050003898
1535,15,41.77622318053333,-87.59027106246667,ASSAULT,3,0.006497388050003898
1735,15,42.00630987,-87.68868910106667,THEFT,5,0.006497388050003898
1337,15,41.91872862366667,-87.78038458753333,OTHER OFFENSE,4,0.006497388050003898
1737,15,41.933797199333334,-87.74031679893332,BATTERY,3,0.006497388050003898
1018,15,41.976507447399996,-87.67407599873333,THEFT,5,0.006497388050003898
1739,15,41.6825714264,-87.64936641286666,CRIMINAL DAMAGE,7,0.006497388050003898
1508,15,41.8140985674,-87.61672167506666,ASSAULT,4,0.006497388050003898
1008,15,41.93438358900001,-87.70828291320001,MOTOR VEHICLE THEFT,4,0.006497388050003898
1962,15,41.818711860866664,-87.68462945673333,ASSAULT,6,0.006497388050003898
1656,15,41.731485560133336,-87.6544257348,THEFT,4,0.006497388050003898
767,15,41.852045064866665,-87.68424969393332,BATTERY,3,0.006497388050003898
1965,15,41.943461552133336,-87.7435719226,MOTOR VEHICLE THEFT,4,0.006497388050003898
1402,15,41.80133778973333,-87.6334452774,BATTERY,4,0.006497388050003898
592,15,41.94232099313333,-87.66166712673333,THEFT,6,0.006497388050003898
1560,15,41.79142834793333,-87.6839736858,OTHER OFFENSE,6,0.006497388050003898
1033,15,41.71453799373333,-87.56459900746667,ASSAULT,4,0.006497388050003898
1871,15,41.79277427553333,-87.70749997600001,BATTERY,7,0.006497388050003898
1572,15,41.841702990466665,-87.7267124236,BATTERY,4,0.006497388050003898
1452,15,41.671650323133335,-87.63288661886666,BATTERY,2,0.006497388050003898
1488,15,41.91956176113333,-87.73225308893332,BATTERY,4,0.006497388050003898
58,15,41.96234746626667,-87.68430527193333,THEFT,7,0.006497388050003898
1640,15,41.865008691,-87.6167895382,DECEPTIVE PRACTICE,3,0.006497388050003898
1643,15,41.85254706413333,-87.65592415453334,BATTERY,5,0.006497388050003898
389,15,41.88656439853333,-87.69366253193333,CRIMINAL DAMAGE,5,0.006497388050003898
1592,15,41.768931074466664,-87.60985278806666,OTHER OFFENSE,3,0.006497388050003898
907,15,41.791615025333336,-87.80058615766667,THEFT,4,0.006497388050003898
1489,15,41.905101167666665,-87.71493288066668,BATTERY,5,0.006497388050003898
1490,15,41.66832126286667,-87.62524470386667,ASSAULT,3,0.006497388050003898
1573,15,41.840521902733336,-87.70504222086667,ASSAULT,3,0.006497388050003898
190,15,41.739109824399996,-87.6446826174,ASSAULT,3,0.006497388050003898
1586,15,41.85313313886666,-87.6505009788,THEFT,5,0.006497388050003898
381,15,41.6565566944,-87.54908041306666,CRIMINAL DAMAGE,7,0.006497388050003898
518,15,41.77428950706667,-87.70845201586667,BATTERY,5,0.006497388050003898
529,15,41.91947846473333,-87.76091995193333,BATTERY,8,0.006497388050003898
1190,15,41.783416049066666,-87.72895658933334,THEFT,4,0.006497388050003898
1697,15,41.965874816466666,-87.72796295753332,OTHER OFFENSE,5,0.006497388050003898
1833,15,41.73875408486666,-87.65098683066667,BATTERY,6,0.006497388050003898
1185,15,41.69008864046667,-87.640831229,CRIMINAL DAMAGE,4,0.006497388050003898
162,15,41.97608617606667,-87.84502629293334,ASSAULT,3,0.006497388050003898
1621,15,41.83458486506667,-87.7236984936,BATTERY,5,0.006497388050003898
1478,15,41.84271112686667,-87.68532391653333,THEFT,5,0.006497388050003898
1620,15,41.8341036684,-87.62672142306668,THEFT,9,0.006497388050003898
1684,15,41.774191685333335,-87.59849298986667,ASSAULT,4,0.006497388050003898
1123,15,41.95087973613333,-87.75305321959999,OTHER OFFENSE,4,0.006497388050003898
807,15,41.7456681428,-87.56012557906666,BATTERY,4,0.006497388050003898
165,15,41.837702088133334,-87.71112744453333,BATTERY,3,0.006497388050003898
44,15,41.74803441273333,-87.64396647153333,BATTERY,6,0.006497388050003898
1694,15,41.7595331052,-87.619911585,CRIMINAL DAMAGE,3,0.006497388050003898
1175,15,41.98360222986666,-87.776811054,DECEPTIVE PRACTICE,8,0.006497388050003898
1634,15,41.7344328948,-87.58929451959999,CRIMINAL DAMAGE,3,0.006497388050003898
1091,15,41.733700802933335,-87.61355004166667,MOTOR VEHICLE THEFT,3,0.006497388050003898
1090,15,41.75843623606667,-87.6879673852,CRIMINAL DAMAGE,4,0.006497388050003898
47,15,41.69278092573333,-87.700963078,THEFT,7,0.006497388050003898
1222,15,41.69527746166667,-87.62653017279999,CRIMINAL DAMAGE,6,0.006497388050003898
788,15,41.75276381146667,-87.74149769653333,ASSAULT,4,0.006497388050003898
1581,15,41.79638657500001,-87.69904272980001,BATTERY,5,0.006497388050003898
1764,15,41.95855502133334,-87.7554996116,THEFT,7,0.006497388050003898
1500,15,41.7173329304,-87.53165839286666,THEFT,4,0.006497388050003898
1272,15,41.70744972399999,-87.53528375253333,BATTERY,6,0.006497388050003898
1422,15,41.780290288866674,-87.71833726513334,ASSAULT,3,0.006497388050003898
1841,15,41.914209372533335,-87.73624287353333,BATTERY,5,0.006497388050003898
1261,15,41.97442024986666,-87.69522528246667,BATTERY,5,0.006497388050003898
139,15,41.65283859153333,-87.60866174426666,BATTERY,2,0.006497388050003898
1706,15,41.712838334733334,-87.55168803966667,CRIMINAL DAMAGE,7,0.006497388050003898
346,15,41.90709077166666,-87.70126365533334,BATTERY,5,0.006497388050003898
553,15,41.935390821000006,-87.7310648676,BATTERY,5,0.006497388050003898
1768,15,41.72244509186667,-87.5715212922,THEFT,6,0.006497388050003898
1762,15,41.67355091533333,-87.62548826873333,CRIMINAL DAMAGE,4,0.006497388050003898
785,15,41.90469799786667,-87.76938424546667,BATTERY,6,0.006497388050003898
1053,15,41.69977950233333,-87.63095682733334,THEFT,4,0.006497388050003898
1430,15,41.774329333333334,-87.71147612346665,ASSAULT,4,0.006497388050003898
1760,15,41.92211867146667,-87.63889187893332,BURGLARY,6,0.006497388050003898
753,15,41.931266449,-87.65557869626667,THEFT,4,0.006497388050003898
924,15,41.98270582886666,-87.66004333139999,THEFT,9,0.006497388050003898
367,15,41.74242284733334,-87.64128736206666,MOTOR VEHICLE THEFT,3,0.006497388050003898
1687,14,41.97769436185714,-87.69743527178571,ASSAULT,4,0.0060642288466703055
171,14,41.77953831371428,-87.60043555457142,THEFT,4,0.0060642288466703055
1462,14,41.78943979821429,-87.69727403928572,BATTERY,5,0.0060642288466703055
1465,14,41.92692562228571,-87.71848617464286,THEFT,5,0.0060642288466703055
1466,14,41.727129975857146,-87.59935552842856,BATTERY,4,0.0060642288466703055
1678,14,41.78773049357142,-87.69869139807143,BATTERY,5,0.0060642288466703055
746,14,41.8267066275,-87.64137310092858,DECEPTIVE PRACTICE,3,0.0060642288466703055
1480,14,41.79934254685714,-87.63223560742857,BATTERY,3,0.0060642288466703055
959,14,41.733261579214286,-87.54700308207143,BATTERY,4,0.0060642288466703055
1709,14,41.68276585307143,-87.61713099892857,BATTERY,5,0.0060642288466703055
711,14,41.72565987828572,-87.58192853392858,THEFT,5,0.0060642288466703055
968,14,41.70474511185714,-87.61247797271429,CRIMINAL DAMAGE,5,0.0060642288466703055
229,14,41.83892540871428,-87.65539800314286,OTHER OFFENSE,6,0.0060642288466703055
1421,14,41.763900414714286,-87.71742455335713,BATTERY,4,0.0060642288466703055
193,14,41.67940967457143,-87.624076391,BATTERY,3,0.0060642288466703055
1414,14,41.742282925999994,-87.57070938328572,BATTERY,4,0.0060642288466703055
186,14,41.920806267785714,-87.64199300942857,MOTOR VEHICLE THEFT,3,0.0060642288466703055
2050,14,41.94304115471429,-87.76924357192857,ASSAULT,3,0.0060642288466703055
949,14,41.75379662742858,-87.640396846,CRIMINAL DAMAGE,4,0.0060642288466703055
1395,14,41.929549138000006,-87.66793309092857,THEFT,7,0.0060642288466703055
905,14,41.7917368505,-87.64387647992858,BATTERY,6,0.0060642288466703055
1393,14,41.73323588107143,-87.66663782042858,CRIMINAL DAMAGE,3,0.0060642288466703055
681,14,41.93304152728572,-87.63621432985714,CRIMINAL DAMAGE,3,0.0060642288466703055
1404,14,41.75151621714286,-87.6740938905,BATTERY,3,0.0060642288466703055
903,14,41.821238592571426,-87.62153544485714,MOTOR VEHICLE THEFT,5,0.0060642288466703055
706,14,41.876715576928575,-87.75823317092856,BATTERY,2,0.0060642288466703055
946,14,41.73365047,-87.55784532099999,BATTERY,7,0.0060642288466703055
1877,14,41.965899603500006,-87.70130917942858,BURGLARY,4,0.0060642288466703055
1397,14,41.73139346435715,-87.6668068165,MOTOR VEHICLE THEFT,5,0.0060642288466703055
951,14,41.67141683407142,-87.65509781242858,BATTERY,5,0.0060642288466703055
931,14,41.67511174164286,-87.65766759007143,BATTERY,6,0.0060642288466703055
1863,14,41.95625482757142,-87.70290290521429,THEFT,4,0.0060642288466703055
1434,14,41.72750485271428,-87.60618189764286,BATTERY,4,0.0060642288466703055
1681,14,41.82401955171429,-87.66888747200001,THEFT,3,0.0060642288466703055
228,14,41.79135001357143,-87.67179711978572,CRIMINAL DAMAGE,4,0.0060642288466703055
845,14,41.749554514,-87.693773976,THEFT,5,0.0060642288466703055
1721,14,41.74465727542857,-87.66913602707143,CRIMINAL DAMAGE,7,0.0060642288466703055
544,14,41.72714727099999,-87.59611666014287,THEFT,4,0.0060642288466703055
1644,14,41.78773268457143,-87.68636275571428,BATTERY,4,0.0060642288466703055
1645,14,41.72861720928571,-87.62109946521427,ASSAULT,6,0.0060642288466703055
385,14,41.77681380007142,-87.67505650642856,BATTERY,5,0.0060642288466703055
1074,14,41.73472867871429,-87.6112195245,BATTERY,3,0.0060642288466703055
787,14,41.75808506321429,-87.68306434542856,THEFT,4,0.0060642288466703055
1835,14,41.79139816392858,-87.66937246064286,OTHER OFFENSE,4,0.0060642288466703055
1059,14,41.951053323,-87.68845984014285,THEFT,5,0.0060642288466703055
1580,14,41.85592283092857,-87.7297546295,ASSAULT,4,0.0060642288466703055
1239,14,41.98936976571429,-87.67466849292857,BATTERY,4,0.0060642288466703055
786,14,41.776027180285716,-87.59853116678572,CRIMINAL DAMAGE,4,0.0060642288466703055
1648,14,41.752081770000004,-87.72450509907142,BATTERY,9,0.0060642288466703055
2006,14,41.98003434614286,-87.77024778178573,CRIMINAL DAMAGE,4,0.0060642288466703055
1900,14,41.959776603071425,-87.6890925157857,CRIMINAL DAMAGE,6,0.0060642288466703055
2010,14,41.68427721628571,-87.67222328264286,BATTERY,3,0.0060642288466703055
557,14,41.699527057642854,-87.63412958971428,BATTERY,3,0.0060642288466703055
1260,14,41.88900466342857,-87.72467863242856,ASSAULT,3,0.0060642288466703055
1837,14,41.752996249714286,-87.67609021621429,CRIMINAL DAMAGE,4,0.0060642288466703055
1671,14,41.91716985242857,-87.64132208599999,CRIMINAL DAMAGE,5,0.0060642288466703055
1753,14,41.6547835995,-87.55078070078571,CRIMINAL DAMAGE,9,0.0060642288466703055
563,14,41.92130088057143,-87.72432377071428,OTHER OFFENSE,5,0.0060642288466703055
1591,14,41.68433161471428,-87.667114676,THEFT,4,0.0060642288466703055
1822,14,42.01844813242857,-87.68774071607142,BATTERY,4,0.0060642288466703055
387,14,41.92245372564286,-87.77440471378573,THEFT,4,0.0060642288466703055
822,14,41.792720648,-87.7284224517143,BATTERY,5,0.0060642288466703055
1622,14,41.7438329525,-87.57069235092857,OTHER OFFENSE,4,0.0060642288466703055
1797,14,41.72563430235714,-87.57856411721427,MOTOR VEHICLE THEFT,3,0.0060642288466703055
1126,14,41.9486174775,-87.67897399778572,THEFT,5,0.0060642288466703055
1811,14,41.69633731778572,-87.698032158,DECEPTIVE PRACTICE,4,0.0060642288466703055
1813,14,41.67345875071429,-87.63763914292858,THEFT,5,0.0060642288466703055
33,14,41.74176793028572,-87.61709209671427,BATTERY,5,0.0060642288466703055
1612,14,41.97440173207143,-87.66611441364286,CRIMINAL DAMAGE,4,0.0060642288466703055
1794,14,41.80356848435714,-87.72895494157142,CRIMINAL DAMAGE,4,0.0060642288466703055
1993,14,41.735201109857144,-87.70319922485714,ASSAULT,5,0.0060642288466703055
480,14,41.77303956071429,-87.56663467514285,BATTERY,4,0.0060642288466703055
799,14,41.98555526557143,-87.6917547077857,BATTERY,3,0.0060642288466703055
1790,14,41.730935561785714,-87.56704842021429,ASSAULT,3,0.0060642288466703055
1095,14,42.003585914,-87.6996822535,BATTERY,4,0.0060642288466703055
1624,14,41.9621527145,-87.66287243757142,BATTERY,4,0.0060642288466703055
821,14,41.7026078265,-87.64308949278572,ASSAULT,3,0.0060642288466703055
1997,14,41.648438016142855,-87.54255050892857,CRIMINAL DAMAGE,5,0.0060642288466703055
1087,14,41.79293693807143,-87.74896255342857,MOTOR VEHICLE THEFT,6,0.0060642288466703055
2000,14,41.81283944135714,-87.71013325671429,BATTERY,5,0.0060642288466703055
1819,14,41.911517313714285,-87.76926299221428,CRIMINAL DAMAGE,4,0.0060642288466703055
1969,14,41.79516772892857,-87.6609628235,THEFT,4,0.0060642288466703055
1263,14,41.87493906907143,-87.7479911325,BATTERY,3,0.0060642288466703055
255,14,41.96395912085715,-87.6856697307857,THEFT,5,0.0060642288466703055
1872,14,41.730857619,-87.58541534164286,MOTOR VEHICLE THEFT,5,0.0060642288466703055
326,14,41.76046544421428,-87.67341952457141,BATTERY,4,0.0060642288466703055
765,14,41.805997550571426,-87.64368692578572,BATTERY,4,0.0060642288466703055
1002,14,41.74665555478572,-87.61958274771428,ASSAULT,3,0.0060642288466703055
1326,14,41.95702069407143,-87.797583077,BATTERY,8,0.0060642288466703055
1312,14,41.90826984871428,-87.7463726042143,ASSAULT,3,0.0060642288466703055
1311,14,41.79959194514286,-87.65779528128571,CRIMINAL DAMAGE,8,0.0060642288466703055
1885,14,41.74172538771428,-87.60983249892857,THEFT,4,0.0060642288466703055
862,14,41.72372778757143,-87.60836822714285,OTHER OFFENSE,4,0.0060642288466703055
1530,14,41.64739405900001,-87.61446959714286,CRIMINAL DAMAGE,3,0.0060642288466703055
863,14,41.82304016707143,-87.680808447,ASSAULT,4,0.0060642288466703055
1665,14,41.83222851328571,-87.62057315428571,BATTERY,3,0.0060642288466703055
77,14,41.977023462285715,-87.76895034742857,DECEPTIVE PRACTICE,3,0.0060642288466703055
1558,14,42.01876313514286,-87.686523899,THEFT,5,0.0060642288466703055
1750,14,41.73543110014286,-87.60147188314285,DECEPTIVE PRACTICE,3,0.0060642288466703055
1347,14,41.90553832121429,-87.68454629857142,BURGLARY,3,0.0060642288466703055
1731,14,41.81472154314286,-87.71152837764285,THEFT,5,0.0060642288466703055
1955,14,41.80288994,-87.63329933535714,THEFT,3,0.0060642288466703055
1843,14,41.79491753078571,-87.59731637992857,THEFT,5,0.0060642288466703055
1565,14,41.93049187771429,-87.75239067621429,BATTERY,5,0.0060642288466703055
841,14,41.834148174285716,-87.67135134214286,BURGLARY,3,0.0060642288466703055
775,14,41.77584780342857,-87.74210175921428,ASSAULT,4,0.0060642288466703055
309,14,41.78977466914286,-87.66932949535715,THEFT,5,0.0060642288466703055
977,14,41.899779026500006,-87.65690696142858,THEFT,4,0.0060642288466703055
1288,14,41.71703308485714,-87.65582190207144,CRIMINAL DAMAGE,4,0.0060642288466703055
835,14,41.85345218978572,-87.72814864935715,ASSAULT,3,0.0060642288466703055
98,14,41.71015545128571,-87.65079240385715,BATTERY,3,0.0060642288466703055
1916,13,41.720665101923075,-87.67713836692307,CRIMINAL DAMAGE,4,0.005631069643336712
155,13,41.78095278615385,-87.76917030723077,CRIMINAL DAMAGE,3,0.005631069643336712
743,13,42.001675920615384,-87.67348633969232,BATTERY,4,0.005631069643336712
2091,13,41.78010064238462,-87.59324173230769,MOTOR VEHICLE THEFT,3,0.005631069643336712
809,13,41.649499920230774,-87.5350283096154,BATTERY,4,0.005631069643336712
865,13,41.66577223007692,-87.55872995769231,CRIMINAL DAMAGE,6,0.005631069643336712
1670,13,41.98727389469231,-87.716205979,OTHER OFFENSE,4,0.005631069643336712
1879,13,41.98406148346154,-87.70975851746154,BATTERY,3,0.005631069643336712
1516,13,41.92059238369231,-87.65830279415384,THEFT,10,0.005631069643336712
754,13,41.74053233269231,-87.54297330607693,THEFT,3,0.005631069643336712
1614,13,41.802304417461535,-87.68579144823077,BATTERY,4,0.005631069643336712
2084,13,41.66270810207693,-87.63764936653845,THEFT,5,0.005631069643336712
878,13,41.85670883038461,-87.67936322300001,BATTERY,4,0.005631069643336712
1874,13,41.96865719238462,-87.78172350923077,BURGLARY,4,0.005631069643336712
1896,13,41.786267879307694,-87.65847013461538,BATTERY,4,0.005631069643336712
1545,13,41.82818270784615,-87.69513987515384,CRIMINAL DAMAGE,3,0.005631069643336712
1509,13,41.95954771261539,-87.72156828484616,THEFT,6,0.005631069643336712
1492,13,41.79858965169231,-87.683799063,ASSAULT,2,0.005631069643336712
149,13,41.985709481307694,-87.77717413538463,BATTERY,6,0.005631069643336712
71,13,41.74329321207692,-87.61935060023076,BATTERY,3,0.005631069643336712
1585,13,41.978615645,-87.75729678907692,CRIMINAL DAMAGE,2,0.005631069643336712
1653,13,41.965765207,-87.66950458923078,CRIMINAL DAMAGE,4,0.005631069643336712
1889,13,41.78057444353846,-87.69263249507692,BATTERY,3,0.005631069643336712
1650,13,41.73728597223077,-87.66650751553847,CRIMINAL DAMAGE,6,0.005631069643336712
1564,13,41.72931918423077,-87.56312971030769,THEFT,3,0.005631069643336712
2056,13,41.72832744084615,-87.64147212292308,THEFT,4,0.005631069643336712
1677,13,41.967496538153846,-87.75801133176923,ASSAULT,7,0.005631069643336712
961,13,41.931258084384616,-87.67878603076923,BATTERY,4,0.005631069643336712
1623,13,41.96044568561539,-87.78604970130769,OTHER OFFENSE,3,0.005631069643336712
1476,13,41.741027387461536,-87.64475897461537,BATTERY,7,0.005631069643336712
1016,13,41.82624913176923,-87.67150354376923,BATTERY,6,0.005631069643336712
1763,13,41.87961078415385,-87.70951214438462,THEFT,4,0.005631069643336712
1052,13,41.71286020000001,-87.592464611,ASSAULT,4,0.005631069643336712
1048,13,41.81227873676923,-87.74808992230768,BATTERY,5,0.005631069643336712
1273,13,41.69704163530769,-87.63139435738461,ASSAULT,3,0.005631069643336712
1277,13,41.78053477269231,-87.67549047123076,THEFT,3,0.005631069643336712
332,13,41.93162142576922,-87.72985077515385,BURGLARY,4,0.005631069643336712
2019,13,41.71194418630769,-87.60824443253847,OTHER OFFENSE,4,0.005631069643336712
1031,13,41.83492353823077,-87.65865643861538,THEFT,6,0.005631069643336712
2020,13,41.789232996230766,-87.707935708,BATTERY,3,0.005631069643336712
1297,13,41.69284890153846,-87.52995463392307,OTHER OFFENSE,8,0.005631069643336712
1298,13,41.71912905661539,-87.62053076907692,BATTERY,5,0.005631069643336712
1751,13,41.73664347138462,-87.59758910076924,BATTERY,3,0.005631069643336712
1307,13,41.808218561461544,-87.69792709453847,ASSAULT,2,0.005631069643336712
1346,13,41.941445549076924,-87.72322403861538,BURGLARY,4,0.005631069643336712
1308,13,41.67889100153847,-87.64560028592307,BATTERY,4,0.005631069643336712
1746,13,41.69620003046154,-87.61700212930769,BATTERY,4,0.005631069643336712
1745,13,41.80215504,-87.69280914446153,OTHER OFFENSE,6,0.005631069643336712
1743,13,41.69822209146154,-87.699496347,BATTERY,4,0.005631069643336712
1960,13,41.957208917769236,-87.75147821446154,MOTOR VEHICLE THEFT,4,0.005631069643336712
729,13,41.75674905807693,-87.72191901392307,CRIMINAL DAMAGE,3,0.005631069643336712
1334,13,41.741454858999994,-87.7028666166923,MOTOR VEHICLE THEFT,3,0.005631069643336712
618,13,41.93315191815385,-87.79014707761539,BATTERY,5,0.005631069643336712
1336,13,41.77996540592308,-87.62513672292309,BATTERY,4,0.005631069643336712
1338,13,42.01127373492307,-87.69592317284615,BATTERY,5,0.005631069643336712
1342,13,41.762108944615385,-87.692715284,THEFT,4,0.005631069643336712
1344,13,41.792962134769226,-87.71101961176922,ASSAULT,4,0.005631069643336712
1055,13,41.935062131692305,-87.79086592023077,MOTOR VEHICLE THEFT,3,0.005631069643336712
541,13,41.74060721992308,-87.6571155293077,THEFT,4,0.005631069643336712
376,13,41.939073922153845,-87.68348422284615,THEFT,4,0.005631069643336712
380,13,41.79541364976923,-87.65126988553847,BATTERY,4,0.005631069643336712
437,13,41.89595576823077,-87.73494941592307,BATTERY,5,0.005631069643336712
1133,13,41.93324167415385,-87.80646425346154,BATTERY,3,0.005631069643336712
1114,13,41.92954394215384,-87.74311028115383,MOTOR VEHICLE THEFT,3,0.005631069643336712
1815,13,41.76404975215385,-87.700362163,BATTERY,5,0.005631069643336712
1109,13,41.724249544307696,-87.66019340153846,BATTERY,5,0.005631069643336712
471,13,41.933675897307694,-87.76644371884616,BATTERY,3,0.005631069643336712
472,13,41.70037116384616,-87.66955400615385,CRIMINAL DAMAGE,3,0.005631069643336712
1165,13,41.835947057,-87.73404598599998,BATTERY,4,0.005631069643336712
1169,13,41.836803249384616,-87.65899716353846,THEFT,5,0.005631069643336712
1788,13,41.940399839769235,-87.73466214976922,BURGLARY,3,0.005631069643336712
1787,13,41.94115991507692,-87.64282909207692,THEFT,5,0.005631069643336712
1786,13,41.95801664930769,-87.72934133,THEFT,4,0.005631069643336712
1979,13,41.74128187961538,-87.71465679884615,ASSAULT,3,0.005631069643336712
407,13,41.94570759407692,-87.80710047530769,BATTERY,4,0.005631069643336712
404,13,41.77520418684615,-87.66287292892308,BATTERY,3,0.005631069643336712
400,13,41.86156205715384,-87.73482261123075,BATTERY,4,0.005631069643336712
390,13,41.703354066,-87.59419968,ASSAULT,3,0.005631069643336712
1083,13,41.79164137007693,-87.65602483953846,BATTERY,2,0.005631069643336712
1783,13,41.75503049730769,-87.72566089184616,CRIMINAL DAMAGE,10,0.005631069643336712
1780,13,41.79385672576923,-87.77414663238461,CRIMINAL DAMAGE,3,0.005631069643336712
1779,13,41.84913556976923,-87.71736466607693,BATTERY,8,0.005631069643336712
1974,13,41.766644642461536,-87.65380450876924,BURGLARY,3,0.005631069643336712
1772,13,41.872963554,-87.753663295,BATTERY,5,0.005631069643336712
2004,13,41.952273123846155,-87.76266408492307,BATTERY,3,0.005631069643336712
533,13,41.970991014,-87.7085460633846,BATTERY,3,0.005631069643336712
1851,13,41.717510766230774,-87.57358435184616,MOTOR VEHICLE THEFT,3,0.005631069643336712
1333,13,41.78633761615385,-87.67231611946153,OTHER OFFENSE,4,0.005631069643336712
1734,13,41.983745287846155,-87.77387730976922,BATTERY,3,0.005631069643336712
1933,13,41.96442372030769,-87.728454358,OTHER OFFENSE,3,0.005631069643336712
244,13,41.791225341923074,-87.59412728046155,THEFT,7,0.005631069643336712
904,13,41.97036274007692,-87.67264052461539,THEFT,6,0.005631069643336712
1710,13,41.91535021538462,-87.64134154192308,CRIMINAL DAMAGE,6,0.005631069643336712
187,13,41.7419044473077,-87.57693343461538,THEFT,4,0.005631069643336712
911,13,41.933673198769235,-87.7701850653077,OTHER OFFENSE,4,0.005631069643336712
964,13,41.98096667038462,-87.84496923838462,THEFT,5,0.005631069643336712
1984,13,41.780869347153846,-87.76427973830769,MOTOR VEHICLE THEFT,4,0.005631069643336712
1859,13,41.931253558692305,-87.66619007507691,THEFT,7,0.005631069643336712
1713,13,41.70102943030769,-87.64632273161538,CRIMINAL DAMAGE,5,0.005631069643336712
173,13,41.92111421623077,-87.710405978,BURGLARY,3,0.005631069643336712
226,13,41.883427278153846,-87.61516068515385,ASSAULT,3,0.005631069643336712
940,13,41.752746775846155,-87.59304353453847,CRIMINAL DAMAGE,4,0.005631069643336712
1415,13,41.95411947746153,-87.72248527,BATTERY,2,0.005631069643336712
1864,13,41.860125153153845,-87.72255893438462,OTHER OFFENSE,3,0.005631069643336712
934,13,41.92121916392308,-87.74991408376923,BATTERY,3,0.005631069643336712
222,13,41.83948315130769,-87.64034609784615,THEFT,4,0.005631069643336712
219,13,41.854325793923074,-87.73282719169232,BATTERY,4,0.005631069643336712
703,13,41.77718729861538,-87.79709621153846,OTHER OFFENSE,4,0.005631069643336712
178,13,41.972932409076925,-87.71336997384616,THEFT,5,0.005631069643336712
910,13,41.956270827846154,-87.69838049392307,THEFT,6,0.005631069643336712
652,13,41.84011868084615,-87.71589543192309,ASSAULT,2,0.005631069643336712
1855,13,41.798988708230766,-87.65135808076924,BATTERY,6,0.005631069643336712
988,13,41.70252051353846,-87.64760657669231,BATTERY,4,0.005631069643336712
1471,13,41.67980627507692,-87.61660220515385,BATTERY,5,0.005631069643336712
635,13,41.784137949999995,-87.66676067284615,BATTERY,3,0.005631069643336712
984,13,41.77867791238461,-87.64599039476921,CRIMINAL DAMAGE,6,0.005631069643336712
1358,13,41.660404744153844,-87.54954711546154,CRIMINAL DAMAGE,8,0.005631069643336712
1690,13,41.760118900769235,-87.70248152507692,BATTERY,6,0.005631069643336712
1707,13,41.66251066984615,-87.64384145023077,CRIMINAL DAMAGE,3,0.005631069643336712
970,13,41.76037374338462,-87.6855692193846,BATTERY,5,0.005631069643336712
978,13,41.86684742938461,-87.66499875615385,CRIMINAL DAMAGE,4,0.005631069643336712
1870,13,41.733021455769226,-87.57547777769231,BATTERY,3,0.005631069643336712
1722,13,41.728140501615385,-87.65315649561538,CRIMINAL DAMAGE,5,0.005631069643336712
1924,12,41.726227378,-87.65177879116668,OTHER OFFENSE,4,0.005197910440003119
1679,12,41.797007837083335,-87.67060472275,ASSAULT,3,0.005197910440003119
1685,12,41.76041293391667,-87.67590262116666,BATTERY,5,0.005197910440003119
1782,12,41.87307404933333,-87.74794516233334,BATTERY,7,0.005197910440003119
1629,12,41.89401696725,-87.68295221908333,CRIMINAL DAMAGE,4,0.005197910440003119
1803,12,41.927239347666664,-87.75433742558333,CRIMINAL DAMAGE,3,0.005197910440003119
1805,12,41.77483754358333,-87.67500439691666,ASSAULT,4,0.005197910440003119
2108,12,41.79838758108333,-87.70915652066667,CRIMINAL DAMAGE,4,0.005197910440003119
1867,12,41.89376394125,-87.75800819933333,BATTERY,4,0.005197910440003119
1988,12,41.80241187233333,-87.68854162291666,BATTERY,4,0.005197910440003119
2055,12,41.78365470516667,-87.71611164158332,BATTERY,2,0.005197910440003119
1998,12,41.803782006666665,-87.64855880783334,CRIMINAL DAMAGE,3,0.005197910440003119
1928,12,41.67149918975,-87.645356264,ASSAULT,4,0.005197910440003119
2054,12,41.891879640666666,-87.72522573366666,BATTERY,6,0.005197910440003119
1982,12,41.972125178,-87.70394052299999,BATTERY,4,0.005197910440003119
1976,12,41.957904913583334,-87.69920137033334,BURGLARY,2,0.005197910440003119
1868,12,41.72533794658333,-87.66449818858332,CRIMINAL DAMAGE,4,0.005197910440003119
1898,12,41.94343691616667,-87.70773827808334,ASSAULT,3,0.005197910440003119
1682,12,41.841758269749995,-87.7320323425,BATTERY,5,0.005197910440003119
1711,12,41.74708335258333,-87.57886291208332,OTHER OFFENSE,3,0.005197910440003119
1823,12,41.74584567916667,-87.67060438649999,THEFT,5,0.005197910440003119
1845,12,41.90464820733333,-87.76816905991666,BATTERY,3,0.005197910440003119
2037,12,41.95776727316667,-87.73101470083333,THEFT,4,0.005197910440003119
2083,12,41.92672950708333,-87.72120694716666,BATTERY,3,0.005197910440003119
1956,12,42.01440315125,-87.68975523133334,BATTERY,4,0.005197910440003119
1886,12,41.78611377608333,-87.65224001708333,OTHER OFFENSE,3,0.005197910440003119
1912,12,41.753112596916665,-87.72834807133334,OTHER OFFENSE,3,0.005197910440003119
1729,12,41.74851991483334,-87.62131454950001,MOTOR VEHICLE THEFT,3,0.005197910440003119
1853,12,41.7268070465,-87.64945804058334,ASSAULT,5,0.005197910440003119
1658,12,41.97251070541667,-87.68482866941667,CRIMINAL DAMAGE,5,0.005197910440003119
1949,12,41.94963468616667,-87.7976229145,THEFT,3,0.005197910440003119
1911,12,41.7826080575,-87.649717582,BATTERY,4,0.005197910440003119
1883,12,41.84103732383333,-87.62521383916668,OTHER OFFENSE,3,0.005197910440003119
2071,12,41.7095112,-87.63478348633333,OTHER OFFENSE,4,0.005197910440003119
1904,12,41.72817855816667,-87.55777924799999,CRIMINAL DAMAGE,3,0.005197910440003119
1967,12,41.94332022625,-87.67684469950001,THEFT,7,0.005197910440003119
2070,12,41.953244945,-87.75053703583335,THEFT,5,0.005197910440003119
1778,12,41.744993950083334,-87.62109486366667,THEFT,4,0.005197910440003119
1935,12,41.73891293808334,-87.6546711675,CRIMINAL DAMAGE,5,0.005197910440003119
1842,12,41.761893107166664,-87.69662572233334,BATTERY,4,0.005197910440003119
2026,12,41.78938617283333,-87.7212432075,ASSAULT,4,0.005197910440003119
2041,12,41.89176153925,-87.70198530975,BATTERY,4,0.005197910440003119
1649,12,41.754364078583336,-87.5736021925,BATTERY,7,0.005197910440003119
2013,12,41.95387024483333,-87.74138830816666,THEFT,4,0.005197910440003119
1914,12,41.90936232425,-87.79554394983334,THEFT,4,0.005197910440003119
1861,12,41.94255054883333,-87.78777901416667,MOTOR VEHICLE THEFT,3,0.005197910440003119
1759,12,41.74156991733334,-87.59166413916667,BATTERY,4,0.005197910440003119
1930,12,41.80037126691666,-87.71465660858333,CRIMINAL DAMAGE,4,0.005197910440003119
1913,12,41.73849163491666,-87.55267549349999,BATTERY,5,0.005197910440003119
1771,12,41.81205580091667,-87.63918984041668,BATTERY,3,0.005197910440003119
1972,12,41.746120859083334,-87.71009268958333,ASSAULT,4,0.005197910440003119
1973,12,41.97210911675,-87.74766314533333,THEFT,4,0.005197910440003119
1802,12,41.75132237933333,-87.67681445783334,BATTERY,4,0.005197910440003119
1057,12,41.97390563541666,-87.84199467958332,BATTERY,6,0.005197910440003119
1197,12,41.742243169,-87.54421610333333,BATTERY,3,0.005197910440003119
1017,12,41.68240821558333,-87.65057938633333,BATTERY,4,0.005197910440003119
680,12,41.94020258125,-87.77690195391666,BURGLARY,3,0.005197910440003119
1316,12,41.734699136,-87.57201980225,BATTERY,5,0.005197910440003119
668,12,41.95491886891667,-87.76213059666668,BATTERY,4,0.005197910440003119
1460,12,41.73327533025,-87.66814581616666,BATTERY,4,0.005197910440003119
653,12,41.71719091866667,-87.62870890708332,CRIMINAL DAMAGE,4,0.005197910440003119
1025,12,41.89003345025,-87.77343167975,ASSAULT,3,0.005197910440003119
1481,12,41.68752464025,-87.65074465425,THEFT,7,0.005197910440003119
1486,12,41.7695044645,-87.67122452525,BATTERY,4,0.005197910440003119
616,12,41.93550248575,-87.77249879124999,BATTERY,3,0.005197910440003119
1359,12,41.74074043633333,-87.6510439705,CRIMINAL DAMAGE,3,0.005197910440003119
565,12,41.7930591025,-87.58856285458334,DECEPTIVE PRACTICE,4,0.005197910440003119
1071,12,41.787774353083336,-87.68408371533333,ASSAULT,2,0.005197910440003119
509,12,41.974698520333334,-87.69762570366667,BATTERY,9,0.005197910440003119
1524,12,41.754954228,-87.72164804216668,ASSAULT,3,0.005197910440003119
1077,12,41.943761434083335,-87.70639927716667,OTHER OFFENSE,4,0.005197910440003119
493,12,41.806244600666666,-87.64143220391666,BURGLARY,4,0.005197910440003119
489,12,41.85406455275,-87.67189385158333,THEFT,4,0.005197910440003119
709,12,41.733029496916664,-87.5457305565,CRIMINAL DAMAGE,4,0.005197910440003119
1450,12,41.75273814766667,-87.70867391825,BATTERY,5,0.005197910440003119
461,12,41.653100591666664,-87.55196599141665,ASSAULT,4,0.005197910440003119
1446,12,41.72603000758333,-87.65914289383333,CRIMINAL DAMAGE,3,0.005197910440003119
1361,12,41.71097818733333,-87.56575987058334,ASSAULT,3,0.005197910440003119
913,12,41.798760666583334,-87.66471019875,ASSAULT,3,0.005197910440003119
1618,12,41.805196579000004,-87.73322618008335,BATTERY,4,0.005197910440003119
879,12,41.77103801958334,-87.73583644600001,DECEPTIVE PRACTICE,3,0.005197910440003119
1366,12,41.726337936166665,-87.64321278275001,CRIMINAL DAMAGE,3,0.005197910440003119
871,12,41.9730118855,-87.69205830591666,BURGLARY,4,0.005197910440003119
942,12,41.71438793558333,-87.61407248983333,BATTERY,4,0.005197910440003119
869,12,41.932213420000004,-87.66341655383333,THEFT,5,0.005197910440003119
856,12,41.90909210275,-87.68718813,CRIMINAL DAMAGE,3,0.005197910440003119
843,12,41.869586855166666,-87.64376415616665,THEFT,3,0.005197910440003119
979,12,41.74599496675,-87.70182143458334,ASSAULT,4,0.005197910440003119
1405,12,41.72572739016667,-87.68221315983334,BATTERY,4,0.005197910440003119
797,12,41.85761252341667,-87.63610979225,BATTERY,2,0.005197910440003119
782,12,41.769813049,-87.66139091583334,BATTERY,4,0.005197910440003119
1329,12,41.797989251249994,-87.73922575816665,OTHER OFFENSE,3,0.005197910440003119
771,12,41.84001762533333,-87.72809595491667,ASSAULT,3,0.005197910440003119
757,12,41.68849205908334,-87.61579894066666,ASSAULT,2,0.005197910440003119
1527,12,41.98168673958333,-87.76729000325001,DECEPTIVE PRACTICE,3,0.005197910440003119
1510,12,41.863276227,-87.642053002,BATTERY,3,0.005197910440003119
439,12,41.7970145755,-87.66102005358333,THEFT,3,0.005197910440003119
1211,12,41.79488100225,-87.69388416191667,BATTERY,4,0.005197910440003119
302,12,41.79435662033333,-87.72319270633334,ASSAULT,3,0.005197910440003119
280,12,41.71868285708334,-87.64940407649999,BATTERY,3,0.005197910440003119
1250,12,41.78346303233334,-87.7116530915,BATTERY,3,0.005197910440003119
239,12,42.00084521758333,-87.81962802883334,CRIMINAL DAMAGE,3,0.005197910440003119
1218,12,41.77021597733333,-87.62669986225,MOTOR VEHICLE THEFT,4,0.005197910440003119
1127,12,41.706574113500004,-87.65949024383333,BATTERY,4,0.005197910440003119
184,12,41.81470440291667,-87.59583683233335,ASSAULT,4,0.005197910440003119
159,12,41.71283719025,-87.65557427075,MOTOR VEHICLE THEFT,6,0.005197910440003119
1116,12,41.7262630725,-87.63566319041666,BATTERY,3,0.005197910440003119
1142,12,41.97610668291667,-87.83672398275,BATTERY,4,0.005197910440003119
1599,12,41.76879996025,-87.72860851558333,MOTOR VEHICLE THEFT,3,0.005197910440003119
1603,12,41.66457416241667,-87.63898322450001,ASSAULT,3,0.005197910440003119
1173,12,41.91898527425,-87.63466254433332,CRIMINAL DAMAGE,4,0.005197910440003119
105,12,41.74119238508333,-87.62286575058333,BATTERY,3,0.005197910440003119
1178,12,41.851039598250004,-87.69158842183333,CRIMINAL DAMAGE,2,0.005197910440003119
23,12,41.73141182166666,-87.54417771791667,BATTERY,3,0.005197910440003119
314,12,41.647663180500004,-87.6164698705,WEAPONS VIOLATION,4,0.005197910440003119
1219,12,41.686423177,-87.63373331641667,BATTERY,4,0.005197910440003119
929,12,42.01037067775,-87.66429611825,THEFT,4,0.005197910440003119
413,12,41.95356315783334,-87.73289581091667,BATTERY,3,0.005197910440003119
1093,12,41.99706501841666,-87.72357850341666,BATTERY,7,0.005197910440003119
1554,12,41.936292591000004,-87.73022355641666,CRIMINAL DAMAGE,3,0.005197910440003119
401,12,41.71087397366667,-87.56696971316667,BATTERY,4,0.005197910440003119
366,12,41.83798693175,-87.71217305625,BATTERY,5,0.005197910440003119
1249,12,41.726599638083336,-87.62214734841666,OTHER OFFENSE,3,0.005197910440003119
1544,12,41.671619532,-87.65634050658333,BATTERY,3,0.005197910440003119
955,11,41.76047593881818,-87.68180596581819,OTHER OFFENSE,3,0.004764751236669525
982,11,41.874500312818185,-87.71394617118182,MOTOR VEHICLE THEFT,4,0.004764751236669525
1820,11,41.685404372545456,-87.61086763881818,BATTERY,4,0.004764751236669525
1159,11,41.70431598918182,-87.64275364554545,OTHER OFFENSE,3,0.004764751236669525
976,11,41.81492492254545,-87.69563675563637,BATTERY,3,0.004764751236669525
958,11,41.73681215081818,-87.5610295239091,CRIMINAL DAMAGE,3,0.004764751236669525
1176,11,41.757122901636365,-87.64663587809092,OTHER OFFENSE,3,0.004764751236669525
1792,11,41.976200071363635,-87.73305415854544,BURGLARY,6,0.004764751236669525
1132,11,41.747210172181816,-87.57346781181819,BATTERY,2,0.004764751236669525
1182,11,41.77869547963636,-87.71598549372727,THEFT,3,0.004764751236669525
1170,11,41.902443638818184,-87.74035189863638,BATTERY,2,0.004764751236669525
1824,11,41.741564921545454,-87.61433267481819,MOTOR VEHICLE THEFT,4,0.004764751236669525
933,11,41.869070293545455,-87.66651758954545,THEFT,3,0.004764751236669525
1082,11,41.94882536327273,-87.78200955118182,BURGLARY,3,0.004764751236669525
1044,11,41.77989922727273,-87.73628231827273,CRIMINAL DAMAGE,3,0.004764751236669525
1030,11,41.945675303818184,-87.80402134427273,BATTERY,3,0.004764751236669525
1854,11,41.85998413472727,-87.72377155954545,ASSAULT,2,0.004764751236669525
1814,11,41.77735129190909,-87.76009177763636,BATTERY,3,0.004764751236669525
1840,11,41.77140353672727,-87.71592144627272,THEFT,4,0.004764751236669525
1019,11,41.75854167218181,-87.6867464990909,CRIMINAL DAMAGE,3,0.004764751236669525
1839,11,41.96096649363636,-87.73938878209091,BATTERY,2,0.004764751236669525
1047,11,41.77960745427273,-87.73866249009092,THEFT,5,0.004764751236669525
1118,11,41.828472706363634,-87.63265432172726,BATTERY,6,0.004764751236669525
1054,11,41.670234415,-87.539318057,CRIMINAL DAMAGE,8,0.004764751236669525
1119,11,41.74187727509091,-87.56365235472727,CRIMINAL DAMAGE,3,0.004764751236669525
1001,11,41.98169976190909,-87.66652399845455,BATTERY,4,0.004764751236669525
1113,11,41.785775758363634,-87.80126324154546,OTHER OFFENSE,3,0.004764751236669525
1834,11,41.96620128045454,-87.68415555463636,THEFT,5,0.004764751236669525
1850,11,41.685473714454545,-87.60805288827272,BATTERY,3,0.004764751236669525
1831,11,41.65869864263636,-87.55451252018182,CRIMINAL DAMAGE,6,0.004764751236669525
992,11,41.739229974,-87.62553673818182,BATTERY,5,0.004764751236669525
983,11,41.73370359754546,-87.64996192936363,BATTERY,4,0.004764751236669525
1069,11,41.79849133572728,-87.68660812718181,ASSAULT,3,0.004764751236669525
1625,11,41.74529580181818,-87.54548746509091,BATTERY,4,0.004764751236669525
927,11,41.836041099090906,-87.62653967199999,THEFT,4,0.004764751236669525
256,11,41.691612596,-87.697053545,OTHER OFFENSE,3,0.004764751236669525
1978,11,41.72477041990909,-87.60454065854546,BATTERY,2,0.004764751236669525
419,11,41.960551170181816,-87.6692744480909,BATTERY,5,0.004764751236669525
417,11,41.97554802809091,-87.72652055181818,THEFT,4,0.004764751236669525
398,11,41.809376870090915,-87.69913041400001,ASSAULT,4,0.004764751236669525
397,11,41.900888811818184,-87.7692526890909,BATTERY,4,0.004764751236669525
357,11,41.985338012818175,-87.71765089009091,BATTERY,3,0.004764751236669525
2011,11,41.96780454518182,-87.67099155327273,BURGLARY,5,0.004764751236669525
347,11,41.981579153,-87.836580014,THEFT,5,0.004764751236669525
2018,11,41.93273876763636,-87.69267077454545,THEFT,3,0.004764751236669525
2022,11,41.98728327136364,-87.6909481330909,THEFT,6,0.004764751236669525
2029,11,42.01253257727273,-87.68368128327273,CRIMINAL DAMAGE,3,0.004764751236669525
2042,11,41.86767141781818,-87.76555600063635,ASSAULT,3,0.004764751236669525
1878,11,41.70395716609091,-87.53165811454545,ASSAULT,3,0.004764751236669525
2044,11,41.664465135818176,-87.62811088536364,BATTERY,3,0.004764751236669525
2053,11,41.69106326763636,-87.68509609427272,THEFT,4,0.004764751236669525
128,11,41.722459313636364,-87.65297659618182,BATTERY,2,0.004764751236669525
2063,11,41.94213234409091,-87.77691761709092,BATTERY,5,0.004764751236669525
2066,11,41.80822153772727,-87.677451354,ASSAULT,3,0.004764751236669525
2067,11,41.73566080681818,-87.69310700154546,ASSAULT,2,0.004764751236669525
123,11,41.65120338336364,-87.54857669081818,BATTERY,5,0.004764751236669525
2075,11,41.94499529654546,-87.83480062872728,CRIMINAL DAMAGE,5,0.004764751236669525
86,11,41.798809323363635,-87.66227642636363,CRIMINAL DAMAGE,3,0.004764751236669525
2097,11,41.705333962272725,-87.65787798954545,BATTERY,5,0.004764751236669525
2104,11,41.79612215145455,-87.70904545054545,OTHER OFFENSE,4,0.004764751236669525
501,11,41.69131790854545,-87.71686527545454,BATTERY,6,0.004764751236669525
1971,11,41.963460661545454,-87.70525087645454,BURGLARY,3,0.004764751236669525
581,11,41.784256549272726,-87.65462030654545,BATTERY,4,0.004764751236669525
622,11,41.98434813063636,-87.67125980881818,OFFENSE INVOLVING CHILDREN,2,0.004764751236669525
1882,11,41.95768279518182,-87.72785486345454,BATTERY,3,0.004764751236669525
834,11,41.794772512,-87.68081697372726,BATTERY,4,0.004764751236669525
817,11,41.773043256,-87.68958098427272,CRIMINAL DAMAGE,3,0.004764751236669525
815,11,41.79787000072727,-87.73554309736363,BATTERY,2,0.004764751236669525
1894,11,41.79434556936364,-87.70926972227272,OTHER OFFENSE,5,0.004764751236669525
1897,11,41.91428600181818,-87.72891351145455,BATTERY,3,0.004764751236669525
778,11,41.954035844,-87.796424031,BATTERY,6,0.004764751236669525
1909,11,41.66820180845455,-87.63196336872727,MOTOR VEHICLE THEFT,3,0.004764751236669525
1189,11,41.72599698463636,-87.66166925218182,CRIMINAL DAMAGE,3,0.004764751236669525
766,11,41.70283999736363,-87.66006832381818,CRIMINAL DAMAGE,4,0.004764751236669525
1919,11,41.759378925,-87.61672581754546,BATTERY,3,0.004764751236669525
733,11,41.723115682545455,-87.64839541472726,OTHER OFFENSE,3,0.004764751236669525
1927,11,41.92975191536363,-87.7712358469091,CRIMINAL DAMAGE,3,0.004764751236669525
677,11,41.82780039627273,-87.60826049845454,BATTERY,5,0.004764751236669525
1937,11,42.00624053045454,-87.68141427309091,THEFT,4,0.004764751236669525
1939,11,41.804165998181816,-87.65625377045454,ASSAULT,4,0.004764751236669525
1940,11,41.880540048545456,-87.74165174863636,CRIMINAL DAMAGE,4,0.004764751236669525
1945,11,41.73961968672727,-87.61464850200001,BURGLARY,3,0.004764751236669525
1946,11,41.94679603890909,-87.75022628800001,BURGLARY,3,0.004764751236669525
636,11,41.87307846581818,-87.61986787363637,BATTERY,4,0.004764751236669525
1952,11,41.73968797436364,-87.56744649281819,NARCOTICS,3,0.004764751236669525
1953,11,41.686676617454545,-87.60850965836363,THEFT,5,0.004764751236669525
1954,11,41.95074866409091,-87.67027786054545,DECEPTIVE PRACTICE,4,0.004764751236669525
1910,11,41.72608848181818,-87.55424299990909,BATTERY,3,0.004764751236669525
2113,11,41.94596448509091,-87.77954095318182,BATTERY,3,0.004764751236669525
1693,11,41.86594086190909,-87.74407626127272,ASSAULT,4,0.004764751236669525
1568,11,41.955632323454545,-87.77808595409091,BATTERY,2,0.004764751236669525
1639,11,41.77620962663636,-87.60218516563636,THEFT,4,0.004764751236669525
1758,11,41.728109754181816,-87.62597953009092,BATTERY,4,0.004764751236669525
1642,11,41.78440656372727,-87.65340973890909,BATTERY,4,0.004764751236669525
1427,11,41.706219237999996,-87.65374877263638,ASSAULT,4,0.004764751236669525
1504,11,41.71071311981818,-87.59817135363636,OTHER OFFENSE,4,0.004764751236669525
1549,11,41.72924852845455,-87.560908977,BATTERY,2,0.004764751236669525
1423,11,41.825626818181824,-87.66775107554545,BATTERY,3,0.004764751236669525
1264,11,41.82145554672727,-87.61093654981818,BATTERY,3,0.004764751236669525
1712,11,41.70186555790909,-87.54134556818181,BATTERY,4,0.004764751236669525
1574,11,41.941889544272726,-87.66622153781817,CRIMINAL DAMAGE,4,0.004764751236669525
1714,11,41.78963326518181,-87.6740972869091,CRIMINAL DAMAGE,3,0.004764751236669525
1526,11,41.891911711,-87.68832469145455,THEFT,5,0.004764751236669525
1666,11,41.956214456272725,-87.66546988609092,THEFT,5,0.004764751236669525
1499,11,41.85598983809091,-87.70659283736364,THEFT,5,0.004764751236669525
1652,11,41.91135581681818,-87.754213493,BATTERY,2,0.004764751236669525
1318,11,41.738700771454546,-87.66313973545455,ASSAULT,3,0.004764751236669525
1372,11,41.74741733454545,-87.56009457336364,MOTOR VEHICLE THEFT,3,0.004764751236669525
1328,11,41.940501997,-87.70765851036364,DECEPTIVE PRACTICE,6,0.004764751236669525
1738,11,41.75407501827272,-87.6137842709091,THEFT,4,0.004764751236669525
1736,11,41.93416057318182,-87.75499653345454,BATTERY,4,0.004764751236669525
1339,11,41.92881866054545,-87.72682598145455,BURGLARY,4,0.004764751236669525
1691,11,41.913625573454546,-87.64880453836363,THEFT,3,0.004764751236669525
1732,11,41.83389077945455,-87.64252141318183,BATTERY,4,0.004764751236669525
1367,11,41.79997569172727,-87.70007765127274,BATTERY,5,0.004764751236669525
1548,11,41.833969725636365,-87.6205722540909,MOTOR VEHICLE THEFT,3,0.004764751236669525
1551,11,41.97884159918181,-87.69960751718182,BATTERY,3,0.004764751236669525
1431,11,41.71572146236363,-87.64977419163637,THEFT,3,0.004764751236669525
1424,11,41.730885137,-87.57434965818182,CRIMINAL DAMAGE,6,0.004764751236669525
1470,11,41.73115590236364,-87.60618903863636,BATTERY,3,0.004764751236669525
1496,11,41.890114314,-87.70312191581819,THEFT,5,0.004764751236669525
1696,11,41.78755585063636,-87.70522375109091,BATTERY,3,0.004764751236669525
1454,11,41.85857108718182,-87.62562854481818,THEFT,3,0.004764751236669525
1217,11,41.744886948818184,-87.717575348,BATTERY,4,0.004764751236669525
1615,11,41.75436271381818,-87.59799030027273,OTHER OFFENSE,4,0.004764751236669525
1683,11,41.76226852581818,-87.67346678827272,BATTERY,5,0.004764751236669525
1467,11,41.69838874590909,-87.54134462109091,ASSAULT,3,0.004764751236669525
1616,11,41.93002219527273,-87.76780106054547,CRIMINAL DAMAGE,4,0.004764751236669525
1774,11,41.82425046390909,-87.70774898936364,THEFT,3,0.004764751236669525
1464,11,41.96348133809091,-87.76787663281817,DECEPTIVE PRACTICE,5,0.004764751236669525
1437,11,41.77144036372727,-87.66890274709091,CRIMINAL DAMAGE,2,0.004764751236669525
1637,11,41.72278745681818,-87.63806757845454,BATTERY,3,0.004764751236669525
1602,11,41.926687763636366,-87.72496267681818,ASSAULT,3,0.004764751236669525
1686,11,41.784632666,-87.64951304818182,ASSAULT,2,0.004764751236669525
1456,11,41.95827796836363,-87.7081521210909,BURGLARY,3,0.004764751236669525
1942,10,41.8956824915,-87.7735469523,BATTERY,4,0.0043315920333359325
1986,10,41.8571905903,-87.63896277820001,THEFT,5,0.0043315920333359325
638,10,42.0182746097,-87.68896645,BATTERY,4,0.0043315920333359325
1987,10,41.9997708992,-87.70848503239999,BATTERY,4,0.0043315920333359325
1944,10,41.72311484550001,-87.61304681200001,BATTERY,5,0.0043315920333359325
620,10,41.9249908258,-87.6808850397,THEFT,4,0.0043315920333359325
1542,10,41.7995640181,-87.61610013740001,CRIMINAL DAMAGE,2,0.0043315920333359325
1941,10,41.7695348446,-87.6765252335,CRIMINAL DAMAGE,4,0.0043315920333359325
1534,10,41.803617978199995,-87.725355181,DECEPTIVE PRACTICE,2,0.0043315920333359325
1992,10,41.7494642117,-87.71461305509999,ROBBERY,3,0.0043315920333359325
1469,10,41.7038742048,-87.5632454837,CRIMINAL DAMAGE,5,0.0043315920333359325
1994,10,41.7393907253,-87.7078319427,BATTERY,3,0.0043315920333359325
1660,10,42.012100759199996,-87.69837404270001,ASSAULT,2,0.0043315920333359325
1996,10,41.9459620395,-87.8252404571,OTHER OFFENSE,3,0.0043315920333359325
399,10,41.764122131099995,-87.6557569096,THEFT,4,0.0043315920333359325
1990,10,41.7426087206,-87.672391257,BATTERY,4,0.0043315920333359325
1669,10,41.823677814,-87.6956904939,THEFT,4,0.0043315920333359325
1528,10,41.7001943891,-87.5304516095,CRIMINAL DAMAGE,4,0.0043315920333359325
560,10,41.7491006455,-87.5661880334,ASSAULT,2,0.0043315920333359325
615,10,41.878168347,-87.7732492732,BATTERY,4,0.0043315920333359325
608,10,41.798055606400006,-87.7318755986,OTHER OFFENSE,5,0.0043315920333359325
1963,10,41.967592213,-87.6762523564,THEFT,3,0.0043315920333359325
598,10,41.8395199905,-87.6427333356,BURGLARY,4,0.0043315920333359325
587,10,41.9497465692,-87.67327680330001,THEFT,4,0.0043315920333359325
629,10,41.8636932868,-87.6761659822,OTHER OFFENSE,4,0.0043315920333359325
1680,10,41.9432861728,-87.6821732441,THEFT,4,0.0043315920333359325
1479,10,41.918668363,-87.6435057528,MOTOR VEHICLE THEFT,3,0.0043315920333359325
1515,10,42.0086142693,-87.6785903313,THEFT,3,0.0043315920333359325
1674,10,41.7207479937,-87.64444060769999,CRIMINAL DAMAGE,3,0.0043315920333359325
1668,10,41.7870902761,-87.7291099433,BATTERY,4,0.0043315920333359325
1519,10,41.774855614900005,-87.78697519990001,THEFT,3,0.0043315920333359325
502,10,41.7420488977,-87.5600080202,ASSAULT,4,0.0043315920333359325
1951,10,41.7431448181,-87.6113961257,BATTERY,4,0.0043315920333359325
1975,10,41.744073108100004,-87.691713277,DECEPTIVE PRACTICE,2,0.0043315920333359325
1950,10,41.980151254999996,-87.7839802884,BURGLARY,4,0.0043315920333359325
495,10,41.811526682600004,-87.66239434219999,BATTERY,4,0.0043315920333359325
1781,10,41.9461056369,-87.6700542264,CRIMINAL DAMAGE,3,0.0043315920333359325
1948,10,41.934113401299996,-87.70108683549999,BURGLARY,3,0.0043315920333359325
1977,10,41.7981328407,-87.7183186555,THEFT,3,0.0043315920333359325
1659,10,41.7926603837,-87.5979810078,THEFT,7,0.0043315920333359325
1196,10,41.763878947399995,-87.6967773895,BATTERY,2,0.0043315920333359325
2001,10,41.9268504844,-87.6933496598,THEFT,5,0.0043315920333359325
2046,10,41.7808327538,-87.7630985406,BATTERY,4,0.0043315920333359325
175,10,41.747438736099994,-87.6961523131,THEFT,3,0.0043315920333359325
2057,10,41.9565476586,-87.6699158136,THEFT,3,0.0043315920333359325
2058,10,41.904444970200004,-87.7728389452,DECEPTIVE PRACTICE,3,0.0043315920333359325
2060,10,41.936712169399996,-87.6717165313,BURGLARY,3,0.0043315920333359325
1638,10,41.9569441643,-87.7694625801,ASSAULT,4,0.0043315920333359325
2064,10,41.7944293268,-87.77077267920001,ASSAULT,3,0.0043315920333359325
2065,10,41.9750674543,-87.7610282643,BATTERY,3,0.0043315920333359325
126,10,41.666362550100004,-87.641211075,BURGLARY,2,0.0043315920333359325
1605,10,41.9872488756,-87.7100512131,OTHER OFFENSE,3,0.0043315920333359325
2072,10,41.947014595400006,-87.682874167,THEFT,4,0.0043315920333359325
2073,10,41.938862057,-87.7326323815,BATTERY,4,0.0043315920333359325
2074,10,41.7073884734,-87.6523332886,BURGLARY,3,0.0043315920333359325
1632,10,41.790797806300006,-87.5867013921,THEFT,3,0.0043315920333359325
2076,10,41.8093204717,-87.7195512289,BATTERY,3,0.0043315920333359325
2077,10,41.9631528263,-87.7628832493,OTHER OFFENSE,3,0.0043315920333359325
2080,10,41.781334819099996,-87.7656745454,BATTERY,3,0.0043315920333359325
1610,10,41.6984855236,-87.5392628408,BATTERY,3,0.0043315920333359325
2087,10,41.9528483238,-87.7904515977,ASSAULT,3,0.0043315920333359325
2088,10,41.8111155499,-87.7015396108,DECEPTIVE PRACTICE,2,0.0043315920333359325
2089,10,41.9624601691,-87.7765186775,OTHER OFFENSE,3,0.0043315920333359325
37,10,41.9455700031,-87.7028898717,CRIMINAL DAMAGE,5,0.0043315920333359325
2093,10,41.7054014064,-87.6031403842,BATTERY,5,0.0043315920333359325
2096,10,41.65886386059999,-87.6174582137,BATTERY,4,0.0043315920333359325
2098,10,41.9003143708,-87.7388489696,BURGLARY,2,0.0043315920333359325
2099,10,41.9528130384,-87.7528363072,BATTERY,3,0.0043315920333359325
2100,10,41.8334996274,-87.6771383679,DECEPTIVE PRACTICE,3,0.0043315920333359325
2106,10,41.7235045357,-87.6112101458,THEFT,6,0.0043315920333359325
2107,10,41.959774377100004,-87.71618294,ASSAULT,3,0.0043315920333359325
2112,10,41.8399523149,-87.7310551627,THEFT,3,0.0043315920333359325
1641,10,41.9276339698,-87.8063815524,BATTERY,4,0.0043315920333359325
223,10,41.9566839143,-87.7869223325,ASSAULT,3,0.0043315920333359325
2002,10,41.8986341784,-87.6580606588,MOTOR VEHICLE THEFT,3,0.0043315920333359325
1590,10,41.9452334767,-87.81371955040001,BATTERY,3,0.0043315920333359325
2003,10,41.8337642685,-87.65648809320001,BURGLARY,4,0.0043315920333359325
384,10,41.7766703143,-87.7059916245,BATTERY,4,0.0043315920333359325
2005,10,41.9306468774,-87.7443246508,OTHER OFFENSE,3,0.0043315920333359325
2007,10,41.8764582462,-87.6692147018,MOTOR VEHICLE THEFT,5,0.0043315920333359325
365,10,41.87569065,-87.62072540369999,WEAPONS VIOLATION,3,0.0043315920333359325
2009,10,41.7151746679,-87.6579593941,THEFT,3,0.0043315920333359325
1553,10,41.9013248332,-87.75085022520001,BATTERY,6,0.0043315920333359325
1555,10,41.712814980000005,-87.56715438590001,BATTERY,4,0.0043315920333359325
328,10,41.9422503445,-87.64301601029999,THEFT,4,0.0043315920333359325
2015,10,41.747923118,-87.7279774483,DECEPTIVE PRACTICE,4,0.0043315920333359325
2016,10,41.721275377699996,-87.5630828053,BATTERY,3,0.0043315920333359325
315,10,41.7541756312,-87.599196321,BATTERY,3,0.0043315920333359325
1651,10,41.791968343,-87.7899494752,OTHER OFFENSE,3,0.0043315920333359325
1563,10,42.0000490635,-87.7045973046,ASSAULT,3,0.0043315920333359325
2021,10,41.9044187014,-87.7747695927,OTHER OFFENSE,3,0.0043315920333359325
2023,10,41.7399556641,-87.5746810485,THEFT,4,0.0043315920333359325
2024,10,41.9697533174,-87.7511538984,BATTERY,5,0.0043315920333359325
2025,10,41.9711695382,-87.6984887446,MOTOR VEHICLE THEFT,2,0.0043315920333359325
298,10,41.8808821801,-87.6172794476,BATTERY,3,0.0043315920333359325
2027,10,41.774318093800005,-87.74113571379999,BATTERY,3,0.0043315920333359325
1575,10,41.747462921099995,-87.5841237008,CRIMINAL DAMAGE,3,0.0043315920333359325
2031,10,41.730375167,-87.6535830851,OTHER OFFENSE,3,0.0043315920333359325
2032,10,41.7527745099,-87.7025708964,THEFT,3,0.0043315920333359325
2033,10,41.916915616400004,-87.79579982819999,THEFT,5,0.0043315920333359325
2035,10,41.6646041787,-87.5565535634,CRIMINAL DAMAGE,2,0.0043315920333359325
1646,10,41.688005284099994,-87.6374018477,BATTERY,3,0.0043315920333359325
2039,10,41.919944249900006,-87.7103946621,BATTERY,3,0.0043315920333359325
2040,10,41.7016113715,-87.6403941497,BATTERY,3,0.0043315920333359325
1589,10,41.7480031357,-87.6476060714,BATTERY,6,0.0043315920333359325
1552,10,41.7159695821,-87.5984588455,OTHER OFFENSE,5,0.0043315920333359325
1472,10,41.6662021812,-87.6305672243,MOTOR VEHICLE THEFT,2,0.0043315920333359325
1936,10,41.717287911,-87.6380995181,ASSAULT,2,0.0043315920333359325
1825,10,41.7469175905,-87.5917320117,MOTOR VEHICLE THEFT,3,0.0043315920333359325
1756,10,41.728779763199995,-87.5997888723,BATTERY,2,0.0043315920333359325
1258,10,41.7726773439,-87.632180942,BURGLARY,2,0.0043315920333359325
1830,10,41.9150482086,-87.6924322269,CRIMINAL DAMAGE,5,0.0043315920333359325
1754,10,41.8095169972,-87.638157003,BURGLARY,3,0.0043315920333359325
1061,10,41.8320482275,-87.6437001699,THEFT,3,0.0043315920333359325
1301,10,41.7598289905,-87.58961185,BURGLARY,3,0.0043315920333359325
1838,10,41.9342625397,-87.6881357977,CRIMINAL DAMAGE,3,0.0043315920333359325
1303,10,41.9086952828,-87.7363116505,THEFT,4,0.0043315920333359325
1749,10,41.7543003515,-87.61955601150001,CRIMINAL DAMAGE,3,0.0043315920333359325
1934,10,41.7176753551,-87.62724385700001,THEFT,5,0.0043315920333359325
1747,10,41.923079929,-87.765956943,THEFT,4,0.0043315920333359325
1021,10,41.740307916199995,-87.6741153683,THEFT,5,0.0043315920333359325
1315,10,41.7907782264,-87.6035554295,CRIMINAL SEXUAL ASSAULT,3,0.0043315920333359325
1317,10,41.7917499546,-87.64995372690001,BATTERY,4,0.0043315920333359325
1742,10,41.777396284299996,-87.74959032310001,BATTERY,3,0.0043315920333359325
1852,10,41.7878160688,-87.6936640237,BATTERY,2,0.0043315920333359325
1856,10,41.7078318351,-87.58308249900001,CRIMINAL DAMAGE,3,0.0043315920333359325
1348,10,41.7348283222,-87.5670071216,MOTOR VEHICLE THEFT,4,0.0043315920333359325
1733,10,41.9211377461,-87.7658830227,THEFT,3,0.0043315920333359325
957,10,41.7675872642,-87.69188225410001,BATTERY,3,0.0043315920333359325
952,10,41.7377433442,-87.61299365869999,MOTOR VEHICLE THEFT,5,0.0043315920333359325
1353,10,41.8383184315,-87.7084614302,BATTERY,6,0.0043315920333359325
1730,10,41.9225296575,-87.7793213086,ASSAULT,2,0.0043315920333359325
1355,10,41.9093908263,-87.7883857213,DECEPTIVE PRACTICE,2,0.0043315920333359325
1727,10,41.923244548999996,-87.7279582284,BURGLARY,4,0.0043315920333359325
1362,10,41.9948521472,-87.66553487339999,THEFT,4,0.0043315920333359325
1364,10,41.8160539771,-87.6091699467,CRIMINAL DAMAGE,4,0.0043315920333359325
1073,10,41.7550284592,-87.6684130861,BATTERY,3,0.0043315920333359325
1257,10,41.9299388282,-87.7759243846,THEFT,3,0.0043315920333359325
895,10,41.9358530544,-87.73939118199999,BATTERY,4,0.0043315920333359325
1761,10,41.9974352309,-87.7944973465,OTHER OFFENSE,4,0.0043315920333359325
1198,10,41.775835328199996,-87.7287888565,ASSAULT,3,0.0043315920333359325
1203,10,41.850680246399996,-87.61322511590001,THEFT,4,0.0043315920333359325
1207,10,41.9210574205,-87.7707512723,BATTERY,4,0.0043315920333359325
1209,10,41.7370987265,-87.650942311,BATTERY,2,0.0043315920333359325
1791,10,41.8935726682,-87.69302674410001,MOTOR VEHICLE THEFT,5,0.0043315920333359325
1776,10,41.868858569,-87.6767508118,BATTERY,2,0.0043315920333359325
1793,10,41.8203549991,-87.6844114626,OTHER OFFENSE,3,0.0043315920333359325
1161,10,41.90127521949999,-87.68268070079999,MOTOR VEHICLE THEFT,3,0.0043315920333359325
1775,10,41.6810838081,-87.6304595052,DECEPTIVE PRACTICE,2,0.0043315920333359325
1796,10,41.7401528522,-87.5611904559,BURGLARY,3,0.0043315920333359325
1144,10,41.7907651482,-87.7279093297,BURGLARY,2,0.0043315920333359325
1143,10,41.9436810761,-87.704626519,THEFT,4,0.0043315920333359325
1801,10,41.8207018753,-87.6411624937,BATTERY,4,0.0043315920333359325
1136,10,41.7513345501,-87.6755996548,OTHER OFFENSE,5,0.0043315920333359325
1773,10,41.718852269,-87.5726169303,THEFT,4,0.0043315920333359325
1804,10,41.966708582799995,-87.74538472340001,BATTERY,3,0.0043315920333359325
1124,10,41.747444271899994,-87.6840040016,BATTERY,3,0.0043315920333359325
1231,10,41.782661855600004,-87.64850589689999,BATTERY,3,0.0043315920333359325
1809,10,41.784436694,-87.6290058717,BATTERY,4,0.0043315920333359325
1810,10,41.8888916498,-87.76152962820001,CRIMINAL DAMAGE,3,0.0043315920333359325
1766,10,41.7131278442,-87.6503725676,OTHER OFFENSE,4,0.0043315920333359325
1115,10,41.7834492009,-87.641044119,CRIMINAL DAMAGE,4,0.0043315920333359325
1240,10,41.978424127100006,-87.7087470892,OTHER OFFENSE,5,0.0043315920333359325
1816,10,41.8739904115,-87.751376065,CRIMINAL DAMAGE,2,0.0043315920333359325
1100,10,41.731547581,-87.6483680269,BATTERY,3,0.0043315920333359325
1085,10,41.8550041211,-87.6348697901,THEFT,4,0.0043315920333359325
1821,10,41.775673591099995,-87.75488847599999,OTHER OFFENSE,4,0.0043315920333359325
899,10,41.6965149619,-87.5413504011,BATTERY,3,0.0043315920333359325
1748,10,41.9803355478,-87.7720985042,CRIMINAL DAMAGE,3,0.0043315920333359325
1869,10,41.7412153171,-87.621117508,THEFT,3,0.0043315920333359325
1887,10,41.6955901403,-87.6611107934,ASSAULT,3,0.0043315920333359325
1905,10,41.9307110891,-87.7352460819,CRIMINAL DAMAGE,4,0.0043315920333359325
1918,10,41.6786074044,-87.6789489146,CRIMINAL DAMAGE,4,0.0043315920333359325
1917,10,41.6850569835,-87.6397524811,BATTERY,2,0.0043315920333359325
1378,10,41.9462121694,-87.6765564948,THEFT,4,0.0043315920333359325
1891,10,41.7539831495,-87.6230605953,ASSAULT,2,0.0043315920333359325
749,10,41.9262042467,-87.77210172390001,BATTERY,3,0.0043315920333359325
1895,10,41.9595263542,-87.7706692923,BATTERY,2,0.0043315920333359325
1915,10,41.9560019635,-87.7144594207,BATTERY,6,0.0043315920333359325
750,10,41.9475666098,-87.8291672545,BATTERY,5,0.0043315920333359325
769,10,41.7897486599,-87.6879834359,ASSAULT,3,0.0043315920333359325
814,10,41.7883845861,-87.7160694502,OTHER OFFENSE,2,0.0043315920333359325
1420,10,41.738418103,-87.5648224726,CRIMINAL DAMAGE,2,0.0043315920333359325
1907,10,41.9206095467,-87.6594817596,DECEPTIVE PRACTICE,4,0.0043315920333359325
1708,10,41.7969088685,-87.6622314407,BATTERY,2,0.0043315920333359325
894,10,41.7927422076,-87.5946089132,BATTERY,5,0.0043315920333359325
1901,10,41.7224512155,-87.6468873134,OTHER OFFENSE,3,0.0043315920333359325
772,10,41.7491504524,-87.5770955136,BATTERY,3,0.0043315920333359325
849,10,41.909725040299996,-87.7800003785,BATTERY,3,0.0043315920333359325
1442,10,41.7620016245,-87.6990200781,BATTERY,2,0.0043315920333359325
744,10,41.8262258675,-87.6702917962,THEFT,5,0.0043315920333359325
1881,10,41.997212877699994,-87.7641746718,BATTERY,3,0.0043315920333359325
1931,10,41.731277231899995,-87.61888882560001,BURGLARY,2,0.0043315920333359325
1876,10,41.7134155726,-87.6535405873,BATTERY,2,0.0043315920333359325
1929,10,41.937251929400006,-87.67447960640001,THEFT,3,0.0043315920333359325
851,10,41.967677405399996,-87.6643942506,BATTERY,3,0.0043315920333359325
1875,10,41.7813095243,-87.72772256670001,BATTERY,4,0.0043315920333359325
1720,10,41.7984031441,-87.7000328541,ASSAULT,2,0.0043315920333359325
1698,10,42.0077169862,-87.679275807,OTHER OFFENSE,2,0.0043315920333359325
1718,10,41.852162779500006,-87.6766518065,OTHER OFFENSE,4,0.0043315920333359325
1375,10,41.7937037214,-87.6891066184,BATTERY,3,0.0043315920333359325
893,10,41.935282117,-87.7833805414,BATTERY,4,0.0043315920333359325
855,10,41.929845443,-87.8027839481,BATTERY,4,0.0043315920333359325
1923,10,41.7920125751,-87.7834998316,ASSAULT,2,0.0043315920333359325
742,10,41.708445178,-87.61257993960001,OTHER OFFENSE,3,0.0043315920333359325
1458,10,41.727467839,-87.5607818736,MOTOR VEHICLE THEFT,5,0.0043315920333359325
875,10,41.789033221699995,-87.7022089797,THEFT,4,0.0043315920333359325
1908,9,41.93458144577778,-87.70263388811111,THEFT,4,0.003898432830002339
1906,9,41.99209816888889,-87.71016240755556,CRIMINAL DAMAGE,3,0.003898432830002339
1932,9,41.81085836888889,-87.74586998977777,ASSAULT,2,0.003898432830002339
2069,9,41.96747812733334,-87.66958121688889,BATTERY,2,0.003898432830002339
1961,9,41.692267799111114,-87.68123321833333,ASSAULT,2,0.003898432830002339
1433,9,41.95518242233333,-87.787330413,ASSAULT,2,0.003898432830002339
1232,9,41.809502581333334,-87.695535812,BATTERY,2,0.003898432830002339
1807,9,41.68820027122222,-87.61689045944445,BATTERY,2,0.003898432830002339
1613,9,41.92603507677778,-87.79416250166668,BATTERY,3,0.003898432830002339
2086,9,41.93913369311111,-87.771857152,DECEPTIVE PRACTICE,3,0.003898432830002339
2051,9,41.76130865877778,-87.66131949555556,OTHER OFFENSE,5,0.003898432830002339
1999,9,41.72393131433333,-87.682160268,MOTOR VEHICLE THEFT,3,0.003898432830002339
1847,9,41.72607552122222,-87.64455473344444,DECEPTIVE PRACTICE,4,0.003898432830002339
1723,9,41.93581092433333,-87.749517654,BATTERY,2,0.003898432830002339
2036,9,41.91960507644445,-87.70476308877778,MOTOR VEHICLE THEFT,3,0.003898432830002339
1752,9,41.66995185411111,-87.62722119355556,MOTOR VEHICLE THEFT,3,0.003898432830002339
2038,9,41.92105953066667,-87.71249943577777,THEFT,5,0.003898432830002339
1991,9,41.67352239988889,-87.63548459177778,ASSAULT,2,0.003898432830002339
1716,9,41.94015177888889,-87.78644584366667,OTHER OFFENSE,3,0.003898432830002339
1980,9,41.96425818777778,-87.75635325711112,CRIMINAL DAMAGE,2,0.003898432830002339
939,9,41.790693095,-87.73319768333334,OTHER OFFENSE,5,0.003898432830002339
2043,9,41.93718313911111,-87.76892987933333,OTHER OFFENSE,3,0.003898432830002339
2048,9,41.74260581277778,-87.67017193433334,ASSAULT,2,0.003898432830002339
1594,9,41.853380316666666,-87.73320014322222,THEFT,4,0.003898432830002339
1925,8,41.753574849,-87.6262836735,CRIMINAL DAMAGE,3,0.0034652736266687456
1947,8,41.92672317225,-87.73413928375,THEFT,3,0.0034652736266687456
2030,8,41.961030871375,-87.68371230962501,THEFT,2,0.0034652736266687456
2082,8,41.958319636875,-87.70092234262499,BURGLARY,2,0.0034652736266687456
1631,8,41.941159474,-87.745413658625,BURGLARY,2,0.0034652736266687456
1921,8,41.914868456875,-87.7578833005,CRIMINAL DAMAGE,2,0.0034652736266687456
2095,8,41.653033254875,-87.5448017285,OTHER OFFENSE,2,0.0034652736266687456
2014,8,41.9699205315,-87.66946689324999,THEFT,3,0.0034652736266687456
1703,8,41.931118987125004,-87.80131982775,ASSAULT,2,0.0034652736266687456
2101,8,41.950619934375,-87.71800611375001,BURGLARY,2,0.0034652736266687456
2034,8,41.904880031375,-87.746612655125,ASSAULT,2,0.0034652736266687456
1765,8,41.782719347625005,-87.63793019775,BATTERY,2,0.0034652736266687456
2105,8,41.789563902875,-87.670535336375,ASSAULT,3,0.0034652736266687456
1828,8,41.710954907,-87.533458991125,BURGLARY,2,0.0034652736266687456
1243,8,41.905329162375,-87.71786445975,BATTERY,2,0.0034652736266687456
1595,8,41.800522965625,-87.728824875375,BATTERY,2,0.0034652736266687456
2052,8,41.705309465375,-87.65077630075,WEAPONS VIOLATION,2,0.0034652736266687456
1926,7,41.786336067571426,-87.67027851814285,ASSAULT,2,0.0030321144233351528
1799,7,41.99436952271429,-87.70549188957143,ASSAULT,2,0.0030321144233351528
2102,7,41.87239267057142,-87.64088947728571,THEFT,3,0.0030321144233351528
1849,7,42.00705473428572,-87.68963674642858,THEFT,3,0.0030321144233351528
2090,7,41.687731435428574,-87.65750940942857,BATTERY,3,0.0030321144233351528
2111,7,41.966558509142864,-87.76499402,OTHER OFFENSE,2,0.0030321144233351528
1873,7,41.95357078628571,-87.66745194457143,DECEPTIVE PRACTICE,2,0.0030321144233351528
2081,7,41.923708766000004,-87.78344613414286,OTHER OFFENSE,2,0.0030321144233351528
1248,7,41.81509723728571,-87.64297852657144,OTHER OFFENSE,3,0.0030321144233351528
1310,7,41.822631783285715,-87.60692657628572,DECEPTIVE PRACTICE,3,0.0030321144233351528
2079,7,41.924306145,-87.76372712514286,ASSAULT,3,0.0030321144233351528
1966,7,41.91752051971429,-87.69375330857143,CRIMINAL DAMAGE,2,0.0030321144233351528
2085,7,41.873302794714284,-87.62124236128571,WEAPONS VIOLATION,2,0.0030321144233351528
1964,7,41.74127076085715,-87.61303746457143,WEAPONS VIOLATION,2,0.0030321144233351528
1323,6,41.928571401666666,-87.70063087800001,CRIMINAL DAMAGE,2,0.0025989552200015595
2109,6,41.759926830000005,-87.60677557683334,BATTERY,2,0.0025989552200015595
1899,6,41.78560453283333,-87.7129291975,ASSAULT,2,0.0025989552200015595
1832,6,41.9691751445,-87.68285138133332,THEFT,3,0.0025989552200015595
1522,6,41.90838430666667,-87.62748033083334,CRIMINAL DAMAGE,3,0.0025989552200015595
1060,6,41.73664704683333,-87.57024820166667,BATTERY,3,0.0025989552200015595
1957,6,41.93773411083333,-87.72374984566666,ASSAULT,2,0.0025989552200015595
1789,6,41.9657047735,-87.7609378975,CRIMINAL TRESPASS,1,0.0025989552200015595
2094,6,41.79290056083334,-87.70876939966666,BATTERY,3,0.0025989552200015595
2110,6,41.7796691225,-87.59463041016666,MOTOR VEHICLE THEFT,2,0.0025989552200015595
2092,6,41.80316457483334,-87.64986985733333,THEFT,3,0.0025989552200015595
2103,6,41.98528167633334,-87.71147250383335,BATTERY,2,0.0025989552200015595
2068,5,41.8634991068,-87.6405123944,BATTERY,2,0.0021657960166679663
2059,5,41.929169765,-87.666749569,CRIMINAL DAMAGE,2,0.0021657960166679663
2049,5,41.8110089776,-87.61136126139999,THEFT,3,0.0021657960166679663
2061,5,41.9115453268,-87.73999499520001,ASSAULT,3,0.0021657960166679663
2062,5,42.007316706800005,-87.68247914599999,THEFT,3,0.0021657960166679663
1396,5,41.91200873059999,-87.7706694538,MOTOR VEHICLE THEFT,2,0.0021657960166679663
1989,4,41.94933592075,-87.67185031525,BURGLARY,2,0.0017326368133343728
2078,4,41.692520654,-87.59716404299999,WEAPONS VIOLATION,2,0.0017326368133343728
1981,4,41.69322744474999,-87.68063678224999,BATTERY,2,0.0017326368133343728
2047,1,41.967719962,-87.642708373,BURGLARY,1,0.0004331592033335932
